;match_id;wh_home_win_odds;wh_draw_odds;wh_away_win_odds
0;1;1.7;3.3;4.33
1;2;1.83;3.3;3.6
2;3;2.5;3.25;2.4
3;4;1.44;3.75;6.0
4;5;4.2;3.4;1.7
5;6;4.2;3.4;1.7
6;7;1.83;3.3;3.6
7;8;2.7;3.25;2.25
8;9;2.2;3.25;2.75
9;10;1.35;4.2;7.0
10;11;1.25;4.5;9.5
11;12;2.6;3.1;2.4
12;13;1.8;3.3;3.75
13;14;2.75;3.2;2.25
14;15;1.7;3.4;4.2
15;16;2.2;3.2;2.8
16;17;5.25;3.5;1.55
17;18;4.0;3.3;1.75
18;19;1.3;4.2;8.5
19;20;2.3;3.25;2.6
20;21;3.0;3.2;2.1
21;22;1.8;3.4;3.6
22;23;1.4;4.0;7.0
23;24;1.9;3.4;3.25
24;25;2.05;3.25;3.0
25;26;2.5;3.25;2.4
26;27;3.25;3.25;1.95
27;28;2.15;3.1;3.0
28;29;1.25;4.8;9.0
29;30;1.9;3.25;3.5
30;31;3.2;3.2;2.0
31;32;2.1;3.2;3.0
32;33;2.1;3.2;3.0
33;34;2.25;3.2;2.75
34;35;3.2;3.2;2.0
35;36;2.3;3.1;2.7
36;37;1.45;4.0;6.25
37;38;1.35;4.3;7.75
38;39;4.2;3.4;1.75
39;40;1.5;3.8;5.75
40;41;1.6;3.6;5.0
41;42;2.1;3.2;3.2
42;43;2.5;3.15;2.6
43;44;2.3;3.2;2.62
44;45;2.25;3.2;2.9
45;46;1.33;4.2;7.5
46;47;1.7;3.4;4.2
47;48;2.3;3.25;2.6
48;49;1.36;3.75;8.0
49;50;5.0;3.5;1.57
50;51;5.0;3.4;1.6
51;52;2.2;3.2;2.8
52;53;2.2;3.2;2.8
53;54;1.6;3.25;5.5
54;55;1.22;5.0;9.5
55;56;1.3;4.5;7.5
56;57;2.1;3.2;3.0
57;58;1.65;3.4;4.5
58;59;2.25;3.2;2.75
59;60;2.75;3.2;2.25
60;61;3.2;3.2;2.0
61;62;3.0;3.2;2.1
62;63;2.2;3.25;2.75
63;64;2.3;3.1;2.7
64;65;1.57;3.5;5.0
65;66;2.1;3.25;2.9
66;67;1.5;3.4;6.0
67;68;2.75;3.2;2.25
68;69;2.25;3.2;2.75
69;70;6.5;3.6;1.44
70;71;2.4;3.25;2.5
71;72;2.0;3.2;3.2
72;73;1.6;3.4;4.8
73;74;1.5;3.4;6.0
74;75;2.3;3.25;2.6
75;76;1.7;3.25;4.33
76;77;1.44;3.75;6.0
77;78;1.73;3.25;4.2
78;79;2.7;3.2;2.25
79;80;2.4;3.2;2.5
80;81;1.67;3.4;4.33
81;82;2.5;3.1;2.5
82;83;2.0;3.2;3.2
83;84;1.33;4.0;8.0
84;85;2.6;3.25;2.3
85;86;1.17;6.0;10.0
86;87;1.4;3.75;7.0
87;88;1.67;3.4;4.33
88;89;1.5;3.6;5.5
89;90;2.1;3.2;3.0
90;91;2.6;3.25;2.3
91;92;2.75;3.2;2.25
92;93;2.9;3.25;2.1
93;94;1.5;3.6;5.5
94;95;2.5;3.1;2.5
95;96;2.8;3.25;2.2
96;97;2.3;3.25;2.6
97;98;1.57;3.5;5.0
98;99;2.5;3.25;2.4
99;100;1.35;4.2;7.0
100;101;1.6;3.4;4.8
101;102;1.36;4.0;7.0
102;103;2.75;3.25;2.2
103;104;1.62;3.5;4.5
104;105;1.67;3.4;4.33
105;106;2.0;3.3;3.1
106;107;2.5;3.3;2.38
107;108;1.62;3.5;4.5
108;109;3.8;3.25;1.8
109;110;2.3;3.3;2.6
110;111;2.8;3.2;2.2
111;112;2.5;3.1;2.5
112;113;1.6;3.4;5.0
113;114;1.73;3.25;4.2
114;115;1.12;6.5;12.0
115;116;1.25;4.5;10.0
116;117;2.0;3.2;3.2
117;118;4.33;3.4;1.67
118;119;4.5;3.5;1.62
119;120;1.17;5.5;12.0
120;121;1.67;3.4;4.33
121;122;1.57;3.5;5.0
122;123;1.91;3.2;3.5
123;124;2.25;3.2;2.75
124;125;1.57;3.5;5.0
125;126;3.0;3.2;2.1
126;127;4.33;3.4;1.67
127;128;1.8;3.3;3.75
128;129;2.0;3.2;3.2
129;130;2.8;3.2;2.2
130;131;1.57;3.5;5.0
131;132;1.7;3.3;4.33
132;133;2.1;3.2;3.0
133;134;1.17;5.5;12.0
134;135;2.38;3.1;2.62
135;136;2.62;3.2;2.3
136;137;2.2;3.2;2.8
137;138;2.1;3.2;3.0
138;139;2.75;3.2;2.25
139;140;1.9;3.25;3.4
140;141;1.8;3.25;3.8
141;142;2.3;3.2;2.62
142;143;1.4;3.75;7.0
143;144;1.67;3.3;4.5
144;145;4.8;3.4;1.62
145;146;2.62;3.2;2.3
146;148;1.4;3.75;7.0
147;149;2.62;3.2;2.3
148;150;1.3;4.33;8.0
149;151;1.67;3.4;4.33
150;152;1.9;3.2;3.5
151;153;1.9;3.25;3.4
152;154;3.2;3.2;2.0
153;155;5.5;3.5;1.53
154;156;1.36;4.0;7.0
155;157;2.25;3.2;2.75
156;158;1.36;4.0;7.0
157;159;1.8;3.25;3.75
158;160;2.0;3.2;3.2
159;161;1.29;4.33;8.5
160;162;2.25;3.2;2.75
161;163;4.33;3.3;1.7
162;164;1.57;3.6;4.8
163;166;1.91;3.2;3.5
164;167;2.5;3.25;2.38
165;168;1.83;3.2;3.75
166;169;1.67;3.4;4.33
167;170;2.5;3.1;2.5
168;171;3.75;3.2;1.83
169;172;3.6;3.3;1.83
170;173;4.5;3.3;1.67
171;174;1.62;3.4;4.8
172;175;2.25;3.2;2.75
173;176;1.53;3.5;5.5
174;177;2.1;3.2;3.0
175;178;1.62;3.4;4.8
176;179;1.25;5.0;8.0
177;180;1.4;3.75;7.0
178;181;3.75;3.3;1.8
179;182;1.67;3.3;4.5
180;183;1.33;4.0;8.0
181;184;1.91;3.2;3.5
182;185;4.2;3.3;1.73
183;186;2.62;3.1;2.38
184;187;1.83;3.3;3.6
185;188;1.7;3.3;4.33
186;189;1.33;4.0;8.0
187;190;1.67;3.4;4.33
188;191;2.8;3.2;2.2
189;192;1.83;3.3;3.6
190;193;1.3;4.33;8.0
191;194;2.0;3.2;3.2
192;195;2.2;3.2;2.8
193;196;1.95;3.2;3.3
194;197;1.4;3.75;7.0
195;198;1.73;3.4;4.0
196;199;1.3;4.2;8.5
197;200;1.65;3.4;4.5
198;201;1.65;3.4;4.5
199;202;1.7;3.25;4.5
200;203;2.3;3.3;2.6
201;204;2.2;3.2;2.8
202;205;4.5;3.4;1.65
203;206;5.0;3.5;1.57
204;207;2.15;3.2;2.9
205;208;3.75;3.3;1.8
206;209;5.0;3.3;1.6
207;210;1.2;5.5;9.0
208;211;3.75;3.3;1.8
209;212;2.25;3.2;2.75
210;213;2.38;3.1;2.62
211;214;2.25;3.2;2.75
212;215;1.7;3.3;4.33
213;216;2.25;3.2;2.75
214;217;2.6;3.1;2.4
215;219;2.15;3.2;2.9
216;220;2.9;3.2;2.15
217;221;1.17;5.5;12.0
218;222;1.2;5.5;11.0
219;223;1.8;3.3;3.75
220;224;1.5;3.6;5.5
221;225;3.5;3.2;1.9
222;226;9.0;5.5;1.2
223;227;4.8;3.4;1.61
224;228;1.44;3.75;6.0
225;229;2.25;3.1;2.8
226;230;1.4;3.75;7.0
227;231;1.4;3.75;7.0
228;232;1.57;3.3;5.5
229;233;1.4;3.75;7.0
230;234;2.4;3.1;2.6
231;235;1.5;3.4;6.0
232;236;2.4;3.2;2.5
233;237;2.25;3.2;2.75
234;238;3.5;3.2;1.91
235;239;1.57;3.5;5.0
236;240;1.95;3.25;3.3
237;241;1.17;5.5;11.0
238;242;2.1;3.2;3.0
239;243;2.3;3.2;2.62
240;244;7.0;3.75;1.4
241;245;4.5;3.5;1.62
242;246;1.33;4.33;7.0
243;247;1.53;3.6;5.0
244;248;2.5;3.2;2.4
245;249;2.1;3.3;2.9
246;250;1.44;4.0;5.5
247;251;2.0;3.4;3.0
248;252;3.0;3.2;2.1
249;253;1.25;4.5;10.0
250;254;1.2;5.0;11.0
251;255;5.0;3.4;1.6
252;256;2.65;3.2;2.3
253;257;2.3;3.2;2.65
254;258;2.2;3.2;2.8
255;259;1.55;3.4;5.5
256;260;2.5;3.25;2.4
257;261;1.6;3.4;5.0
258;262;1.33;4.0;8.0
259;263;2.5;3.1;2.5
260;264;2.0;3.2;3.2
261;265;1.4;3.75;7.0
262;266;2.4;3.1;2.6
263;267;2.25;3.2;2.75
264;268;2.05;3.2;3.1
265;269;6.0;3.75;1.45
266;270;2.3;3.2;2.65
267;271;1.44;3.75;6.0
268;272;2.25;3.1;2.8
269;273;1.9;3.3;3.4
270;274;1.67;3.3;4.5
271;275;1.67;3.3;4.5
272;276;2.4;3.1;2.6
273;277;1.8;3.3;3.75
274;278;2.4;3.1;2.6
275;279;2.3;3.1;2.75
276;280;1.33;4.0;8.0
277;281;1.44;3.75;6.0
278;282;2.25;3.2;2.75
279;283;3.0;3.2;2.1
280;284;1.67;3.4;4.33
281;285;5.0;3.4;1.6
282;286;2.4;3.25;2.5
283;287;2.4;3.2;2.5
284;288;1.91;3.2;3.5
285;289;1.7;3.3;4.2
286;290;1.2;5.5;9.0
287;291;4.2;3.3;1.7
288;292;1.95;3.2;3.4
289;293;3.25;3.25;1.95
290;294;2.1;3.25;2.9
291;295;1.53;3.5;5.5
292;296;4.2;3.3;1.7
293;297;1.9;3.25;3.5
294;298;1.25;4.8;9.0
295;299;2.6;3.1;2.4
296;301;2.0;3.2;3.2
297;302;1.5;3.6;5.5
298;303;2.6;3.1;2.4
299;304;2.4;3.1;2.6
300;305;2.25;3.2;2.75
301;306;1.5;3.6;5.5
302;307;1.2;5.0;11.0
303;308;2.5;3.25;2.4
304;309;2.5;3.25;2.4
305;310;2.0;3.3;3.1
306;311;5.0;3.6;1.53
307;312;2.25;3.25;2.7
308;313;2.5;3.25;2.4
309;314;2.6;3.1;2.6
310;315;1.44;3.8;7.0
311;316;2.4;3.2;2.75
312;317;1.8;3.25;4.33
313;318;1.95;3.2;3.75
314;319;3.2;3.3;2.1
315;320;1.83;3.2;4.2
316;321;1.67;3.4;5.0
317;322;1.29;4.5;10.5
318;323;1.91;3.25;3.75
319;324;2.0;3.3;3.4
320;325;2.05;3.25;3.3
321;326;1.8;3.2;4.5
322;327;5.0;3.6;1.62
323;328;1.44;4.0;6.5
324;329;2.8;3.4;2.25
325;330;2.25;3.4;2.8
326;331;1.8;3.25;4.33
327;332;2.5;3.2;2.62
328;333;3.5;3.25;2.0
329;334;6.5;4.0;1.44
330;335;1.25;5.0;10.0
331;336;1.22;5.3;11.0
332;337;1.8;3.4;4.0
333;338;1.7;3.5;4.5
334;339;1.8;3.4;4.0
335;340;2.5;3.2;2.6
336;341;1.45;3.9;6.5
337;342;2.1;3.2;3.25
338;343;3.75;3.25;1.91
339;344;2.9;3.2;2.3
340;345;2.05;3.2;3.4
341;346;1.95;3.3;3.6
342;347;3.6;3.3;1.95
343;348;1.57;3.6;5.5
344;349;1.57;3.6;5.5
345;350;1.14;6.5;15.0
346;351;2.5;3.1;2.7
347;352;1.7;3.5;4.5
348;353;2.9;3.25;2.25
349;354;2.6;3.2;2.5
350;355;1.95;3.3;3.6
351;356;1.33;4.33;9.0
352;357;1.25;5.0;11.0
353;358;4.8;3.5;1.67
354;359;1.57;3.6;5.5
355;360;1.62;3.4;5.5
356;361;1.95;3.3;3.6
357;362;1.3;4.5;9.5
358;363;1.7;3.2;4.5
359;364;1.95;3.3;3.6
360;365;2.2;3.25;3.0
361;366;4.8;3.3;1.7
362;367;4.5;3.4;1.73
363;368;2.6;3.1;2.6
364;369;2.75;3.2;2.37
365;370;1.36;4.2;8.0
366;371;1.22;5.0;13.0
367;372;2.15;3.25;3.1
368;373;1.7;3.5;4.5
369;374;1.73;3.4;4.5
370;375;4.8;3.5;1.67
371;376;1.44;3.8;7.0
372;377;1.7;3.3;5.0
373;378;2.25;3.2;3.0
374;379;3.5;3.2;2.0
375;380;2.15;3.25;2.05
376;381;2.1;3.25;3.2
377;382;2.2;3.3;3.0
378;383;2.5;3.2;2.6
379;384;1.44;3.75;6.0
380;385;1.25;5.0;8.0
381;386;2.1;3.2;3.0
382;387;2.3;3.2;2.62
383;388;1.44;3.75;6.0
384;389;1.73;3.4;4.0
385;390;3.2;3.2;2.0
386;391;1.5;3.8;6.0
387;392;1.36;4.2;8.0
388;393;2.0;3.3;3.4
389;394;1.91;3.4;3.6
390;395;1.85;3.3;3.8
391;396;2.87;3.3;2.25
392;397;1.75;3.5;4.2
393;398;1.36;4.33;7.5
394;399;1.91;3.25;3.75
395;400;3.6;3.4;1.91
396;401;3.0;3.25;2.2
397;402;3.3;3.3;2.05
398;403;2.25;3.3;2.88
399;404;4.5;3.5;1.7
400;405;1.36;4.2;8.0
401;406;2.7;3.2;2.4
402;407;2.15;3.1;3.3
403;408;2.7;3.2;2.4
404;409;1.44;3.75;7.5
405;410;2.7;3.2;2.4
406;411;1.7;3.5;4.5
407;412;3.1;3.2;2.2
408;413;1.8;3.3;4.2
409;414;1.8;3.4;4.0
410;415;1.67;3.4;5.0
411;416;2.5;3.1;2.7
412;417;3.3;3.2;2.1
413;418;3.1;3.3;2.15
414;419;1.61;3.6;5.0
415;420;2.0;3.2;3.5
416;421;2.2;3.2;3.1
417;422;1.7;3.5;4.5
418;423;2.15;3.25;3.1
419;424;4.33;3.4;1.75
420;425;4.5;3.4;1.73
421;426;1.22;5.5;11.0
422;427;2.5;3.2;2.62
423;428;2.9;3.25;2.25
424;429;1.61;3.4;5.5
425;430;2.2;3.25;3.0
426;431;1.91;3.3;3.75
427;432;2.3;3.25;2.8
428;433;1.5;3.6;6.5
429;434;6.5;3.75;1.5
430;435;2.1;3.2;3.3
431;436;2.4;3.2;2.75
432;437;2.6;3.1;2.6
433;438;2.7;3.25;2.4
434;439;2.38;3.25;2.75
435;440;1.9;3.25;3.75
436;441;1.22;5.5;10.0
437;442;1.5;3.75;6.0
438;443;1.4;4.3;6.5
439;444;1.55;3.6;5.5
440;445;2.15;3.3;3.0
441;446;1.95;3.25;3.6
442;447;3.25;3.3;2.05
443;448;2.9;3.25;2.25
444;449;2.62;3.2;2.5
445;450;2.15;3.2;3.2
446;451;2.2;3.2;3.1
447;452;7.5;4.33;1.36
448;453;2.7;3.25;2.4
449;454;1.25;5.1;10.0
450;455;1.33;4.33;8.5
451;456;2.1;3.25;3.2
452;457;2.6;3.1;2.6
453;458;1.5;3.8;6.0
454;459;1.8;3.25;4.33
455;460;2.2;3.3;3.0
456;461;1.18;5.5;10.0
457;462;2.2;3.1;2.9
458;463;2.15;3.2;2.9
459;464;2.3;3.2;2.62
460;465;1.62;3.5;4.5
461;466;3.0;3.2;2.1
462;467;5.5;3.4;1.53
463;468;1.8;3.4;4.0
464;469;2.1;3.25;3.25
465;470;2.2;3.0;3.3
466;471;6.5;3.6;1.5
467;472;2.5;3.25;2.6
468;473;2.0;3.2;3.5
469;474;4.33;3.3;1.8
470;475;1.33;4.0;8.0
471;476;1.25;4.5;10.0
472;477;1.83;3.3;3.75
473;478;3.5;3.2;1.91
474;479;1.6;3.5;4.8
475;480;2.4;3.1;2.6
476;481;1.91;3.1;3.75
477;482;1.83;3.2;3.75
478;483;1.7;3.3;4.33
479;484;2.88;3.1;2.2
480;485;3.5;3.2;1.91
481;486;1.8;3.3;3.75
482;487;2.4;3.1;2.6
483;488;2.3;3.2;2.62
484;489;1.73;3.3;4.2
485;490;1.29;4.5;8.0
486;491;4.5;3.3;1.67
487;492;1.67;3.3;4.5
488;493;2.0;3.2;3.2
489;494;1.3;4.33;8.0
490;495;1.83;3.25;3.75
491;496;1.5;3.5;6.0
492;497;1.7;3.4;4.2
493;498;2.1;3.2;3.0
494;499;4.33;3.3;1.73
495;500;2.3;3.2;2.7
496;501;1.53;3.5;5.5
497;502;3.6;3.1;1.91
498;503;1.53;3.6;6.0
499;504;1.3;4.5;10.0
500;505;2.38;3.3;2.7
501;506;1.95;3.3;3.6
502;507;1.4;4.0;8.0
503;508;2.6;3.1;2.6
504;509;1.8;3.25;4.33
505;510;1.33;4.5;8.5
506;511;1.36;4.33;7.5
507;512;2.7;3.1;2.5
508;513;2.1;3.2;3.3
509;514;2.15;3.3;3.1
510;515;5.5;3.5;1.6
511;516;2.2;3.3;3.0
512;517;2.0;3.3;3.4
513;518;3.5;3.25;2.0
514;519;2.0;3.25;3.5
515;520;3.0;3.3;2.2
516;521;1.17;6.5;13.0
517;522;1.7;3.5;4.5
518;523;1.75;3.4;4.33
519;524;1.83;3.3;4.0
520;525;2.0;3.25;3.5
521;526;3.0;3.25;2.2
522;527;2.3;3.25;2.88
523;528;1.67;3.75;4.33
524;529;2.1;3.3;3.2
525;530;1.44;3.8;7.0
526;531;3.3;3.3;2.05
527;532;2.3;3.25;2.88
528;533;1.62;3.6;5.0
529;534;2.0;3.2;3.5
530;535;1.8;3.3;4.2
531;536;3.0;3.25;2.2
532;537;2.6;3.25;2.5
533;538;2.9;3.3;2.25
534;539;2.15;3.3;3.1
535;540;4.5;3.5;1.7
536;541;1.29;4.5;11.0
537;542;1.91;3.3;3.75
538;543;2.2;3.3;3.0
539;544;2.8;3.3;2.3
540;545;4.5;3.4;1.73
541;546;1.91;3.3;3.75
542;547;2.4;3.2;2.75
543;548;1.4;4.2;7.5
544;549;2.2;3.2;3.1
545;550;1.67;3.5;4.8
546;551;2.5;3.25;2.6
547;552;1.8;3.3;4.2
548;553;2.15;3.4;3.0
549;554;2.5;3.25;2.6
550;555;2.5;3.25;2.62
551;556;2.2;3.2;3.1
552;557;1.7;3.4;4.8
553;558;1.2;6.0;11.0
554;559;2.25;3.2;3.0
555;560;1.8;3.5;4.0
556;561;1.57;3.6;5.5
557;562;2.6;3.3;2.5
558;563;3.5;3.3;2.0
559;564;2.8;3.3;2.3
560;565;1.33;4.5;8.0
561;566;2.6;3.3;2.5
562;567;1.44;3.8;7.0
563;568;3.75;3.3;1.91
564;569;2.2;3.3;3.0
565;570;2.62;3.2;2.5
566;571;1.53;3.6;6.0
567;572;2.5;3.3;2.6
568;573;1.53;4.2;5.0
569;574;1.6;3.8;5.0
570;575;4.8;3.5;1.67
571;576;3.2;3.3;2.1
572;577;4.8;3.5;1.67
573;578;2.0;3.3;3.5
574;579;1.91;3.3;3.75
575;580;2.7;3.3;2.38
576;581;1.2;6.0;11.0
577;582;1.35;4.6;7.5
578;583;1.95;3.6;3.3
579;584;3.6;3.5;1.91
580;585;2.2;3.3;3.0
581;586;2.05;3.4;3.25
582;587;1.65;3.75;4.6
583;588;1.73;3.6;4.33
584;589;1.53;3.8;5.5
585;590;3.75;3.3;1.91
586;591;2.3;3.3;2.8
587;592;4.0;3.3;1.85
588;593;2.6;3.25;2.5
589;594;2.6;3.3;2.5
590;595;2.6;3.3;2.45
591;596;3.5;3.5;1.91
592;597;1.4;4.2;7.0
593;598;1.36;4.33;8.0
594;599;1.2;5.5;13.0
595;600;1.25;5.0;11.0
596;601;1.62;3.6;5.0
597;602;2.7;3.3;2.38
598;603;1.83;3.4;4.0
599;604;2.15;3.2;3.2
600;605;1.33;4.33;8.5
601;606;1.83;3.3;4.0
602;607;1.95;3.3;3.6
603;608;2.05;3.3;3.3
604;609;7.0;3.8;1.44
605;610;1.91;3.4;3.6
606;611;3.2;3.25;2.1
607;612;3.1;3.1;2.25
608;613;2.75;3.1;2.45
609;614;3.4;3.25;2.05
610;615;2.45;3.3;2.6
611;616;2.0;3.3;3.4
612;617;1.83;3.3;4.0
613;618;3.0;3.2;2.25
614;619;5.5;3.6;1.57
615;620;1.83;3.3;4.0
616;621;1.14;6.5;17.0
617;622;2.1;3.3;3.2
618;623;1.29;5.0;9.0
619;624;2.5;3.3;2.55
620;625;1.83;3.3;4.0
621;626;2.5;3.3;2.55
622;627;2.3;3.25;2.88
623;628;3.0;3.25;2.2
624;629;1.2;5.5;12.0
625;630;1.53;3.6;6.0
626;631;2.0;3.2;3.5
627;632;2.3;3.3;2.8
628;633;2.8;3.25;2.3
629;634;3.0;3.2;2.25
630;635;4.0;3.3;1.83
631;636;2.7;3.3;2.37
632;637;1.62;3.75;4.8
633;638;1.67;3.75;4.33
634;639;1.4;4.0;7.5
635;640;2.5;3.3;2.55
636;641;3.2;3.3;2.1
637;642;4.33;3.5;1.73
638;643;1.91;3.2;4.0
639;644;1.53;3.6;6.0
640;645;1.36;4.2;8.5
641;646;1.44;4.0;6.5
642;647;3.75;3.3;1.91
643;648;3.2;3.3;2.1
644;649;1.44;4.0;7.0
645;650;1.91;3.4;3.6
646;651;4.33;3.6;1.7
647;652;1.85;3.4;3.8
648;653;1.2;6.0;11.0
649;654;1.3;4.8;9.0
650;655;2.15;3.25;3.1
651;656;2.55;3.3;2.5
652;657;3.1;3.3;2.15
653;658;4.2;3.4;1.8
654;659;2.1;3.3;3.2
655;660;2.0;3.3;3.5
656;661;1.5;4.2;5.5
657;662;1.25;5.0;11.0
658;663;2.2;3.2;3.1
659;664;1.83;3.3;4.0
660;665;1.44;4.0;6.5
661;666;2.8;3.3;2.3
662;667;1.91;3.2;3.8
663;668;2.15;3.25;3.2
664;669;1.6;3.75;5.0
665;670;1.75;3.5;4.2
666;671;1.44;4.0;6.5
667;672;2.4;3.2;2.75
668;673;1.6;3.75;5.0
669;674;2.1;3.3;3.2
670;675;2.55;3.3;2.55
671;676;6.0;3.75;1.53
672;677;1.73;3.4;4.6
673;678;2.1;3.3;3.2
674;679;2.1;3.2;3.25
675;680;1.7;3.5;4.6
676;681;2.1;3.25;3.2
677;682;2.6;3.2;2.5
678;683;1.91;3.25;3.8
679;684;1.83;3.3;4.0
680;685;1.33;4.33;9.0
681;686;1.4;4.33;7.0
682;687;1.29;4.8;9.5
683;688;2.45;3.3;2.6
684;689;1.83;3.3;4.2
685;690;4.33;3.6;1.73
686;691;1.5;3.8;6.0
687;692;6.0;4.2;1.44
688;693;1.25;5.0;11.0
689;694;1.57;3.5;5.0
690;695;1.3;4.5;9.5
691;696;1.5;3.8;6.0
692;697;1.85;3.3;4.0
693;698;1.8;3.3;4.2
694;699;2.2;3.3;3.0
695;700;5.25;3.5;1.62
696;701;1.8;3.4;4.2
697;702;1.29;4.8;10.0
698;703;3.1;3.1;2.25
699;704;1.91;3.3;3.75
700;705;1.5;3.8;6.0
701;706;4.0;3.4;1.8
702;707;1.53;3.8;5.5
703;708;3.75;3.3;1.91
704;709;1.53;3.8;5.5
705;710;2.15;3.2;3.2
706;711;3.3;3.3;2.05
707;712;2.0;3.3;3.4
708;713;3.6;3.3;1.95
709;714;4.8;3.4;1.7
710;715;2.6;3.1;2.6
711;716;4.5;3.5;1.7
712;717;1.29;4.8;9.0
713;718;1.67;3.4;5.0
714;719;1.5;3.8;6.0
715;720;1.3;4.8;9.0
716;721;1.75;3.4;4.33
717;722;1.7;3.4;4.8
718;723;2.9;3.25;2.25
719;724;2.15;3.2;3.2
720;725;2.2;3.25;3.0
721;726;1.5;3.8;6.0
722;727;1.91;3.25;3.75
723;728;5.5;3.5;1.6
724;729;1.4;4.0;8.0
725;730;2.1;3.25;3.25
726;731;2.25;3.3;2.88
727;732;4.8;3.5;1.67
728;733;1.29;4.8;9.0
729;734;1.62;3.4;5.5
730;735;1.4;4.0;7.5
731;736;3.75;3.3;1.91
732;737;3.0;3.25;2.2
733;738;2.7;3.25;2.4
734;739;2.1;3.25;3.2
735;740;2.05;3.3;3.25
736;741;1.17;6.0;15.0
737;742;1.4;4.2;7.0
738;743;4.0;3.4;1.83
739;744;1.95;3.4;3.5
740;745;3.2;3.3;2.1
741;746;1.8;3.4;4.0
742;747;1.8;3.4;4.0
743;748;7.5;4.33;1.36
744;749;1.33;4.5;8.0
745;750;1.44;4.0;6.5
746;751;1.44;4.0;6.5
747;752;3.6;3.3;1.95
748;753;2.1;3.2;3.3
749;754;3.2;3.3;2.1
750;755;3.2;3.3;2.1
751;756;2.1;3.3;3.2
752;757;5.5;3.75;1.57
753;758;4.33;3.5;1.75
754;759;1.4;4.33;7.0
755;760;1.6;3.75;5.0
756;761;2.0;3.3;3.4
757;762;1.85;3.3;4.0
758;763;1.7;3.5;4.5
759;764;1.5;3.8;6.0
760;765;1.91;3.5;3.6
761;766;1.8;3.5;4.0
762;767;2.6;3.3;2.5
763;768;1.7;3.4;4.8
764;769;2.3;3.25;2.88
765;770;3.0;3.3;2.2
766;771;2.15;3.3;3.1
767;772;1.91;3.5;3.6
768;773;1.55;3.8;5.5
769;774;1.6;4.0;4.6
770;775;1.5;4.2;5.5
771;776;2.0;3.4;3.4
772;777;3.75;3.3;1.91
773;778;1.7;3.5;4.6
774;779;5.0;3.75;1.6
775;780;1.55;3.8;5.5
776;781;1.8;3.4;4.0
777;782;1.2;5.5;13.0
778;783;4.5;3.5;1.7
779;784;2.2;3.3;3.0
780;785;2.5;3.2;2.62
781;786;2.0;3.3;3.5
782;787;1.91;3.3;3.75
783;788;3.1;3.2;2.2
784;789;2.15;3.2;3.2
785;790;1.6;3.5;5.5
786;791;1.4;4.5;6.5
787;793;1.75;3.5;4.2
788;794;1.83;3.4;4.0
789;795;2.3;3.2;2.9
790;796;4.0;3.5;1.8
791;797;1.67;3.75;4.5
792;798;1.17;6.5;13.0
793;799;1.36;4.5;7.5
794;800;4.0;3.4;1.8
795;801;1.85;3.4;3.8
796;802;3.1;3.2;2.2
797;803;2.0;3.3;3.5
798;804;1.85;3.3;4.0
799;805;1.36;4.33;8.0
800;806;2.05;3.3;3.3
801;807;2.0;3.3;3.4
802;808;1.95;3.4;3.5
803;809;4.8;3.75;1.62
804;810;4.5;3.4;1.73
805;811;2.5;3.1;2.7
806;812;1.91;3.4;3.6
807;813;1.14;6.5;15.0
808;814;2.1;3.2;3.25
809;815;2.9;3.2;2.3
810;816;2.2;3.2;3.1
811;817;2.1;3.2;3.3
812;818;2.3;3.1;3.0
813;819;4.8;3.5;1.67
814;820;1.8;3.4;4.0
815;821;1.25;5.0;10.5
816;822;1.4;4.0;8.0
817;823;2.88;3.25;2.3
818;824;3.0;3.1;2.3
819;825;1.62;3.6;5.0
820;826;5.5;3.6;1.57
821;827;2.2;3.2;3.1
822;828;1.4;4.0;8.0
823;829;1.3;4.8;8.5
824;830;1.95;3.3;3.6
825;831;2.35;3.1;2.9
826;832;2.1;3.2;3.3
827;833;4.8;3.75;1.62
828;834;2.6;3.2;2.5
829;835;2.88;3.2;2.3
830;836;3.1;3.3;2.15
831;837;1.33;4.5;8.0
832;838;1.67;3.5;4.8
833;839;1.29;5.0;9.0
834;840;1.73;3.4;4.5
835;841;1.6;3.75;5.0
836;842;2.75;3.2;2.4
837;843;1.67;3.4;5.0
838;844;4.8;3.5;1.67
839;845;1.33;4.5;8.5
840;846;1.57;3.75;5.5
841;847;3.1;3.3;2.15
842;848;5.0;3.6;1.62
843;849;1.67;3.5;4.8
844;850;3.75;3.5;1.83
845;851;1.91;3.4;3.6
846;852;1.75;3.5;4.2
847;853;1.8;3.5;4.0
848;854;1.4;4.0;8.0
849;855;2.9;3.2;2.3
850;856;3.0;3.3;2.2
851;857;2.88;3.4;2.25
852;858;1.91;3.3;3.75
853;859;4.8;3.5;1.67
854;860;1.62;3.6;5.0
855;861;1.44;3.75;7.5
856;862;1.3;4.8;9.0
857;863;1.36;4.2;8.0
858;864;2.38;3.1;2.88
859;865;1.7;3.3;5.0
860;866;3.75;3.3;1.91
861;867;1.55;3.75;4.8
862;868;4.0;3.6;1.75
863;869;1.5;3.75;6.5
864;870;1.65;3.6;4.8
865;871;1.4;4.0;8.0
866;872;2.15;3.1;3.3
867;873;2.62;3.2;2.5
868;874;2.6;3.3;2.5
869;875;2.62;3.2;2.5
870;876;1.95;3.25;3.75
871;877;1.36;4.2;8.0
872;878;1.3;4.8;8.5
873;879;4.8;3.75;1.61
874;880;2.15;3.2;3.2
875;881;1.83;3.4;4.0
876;882;3.6;3.3;1.95
877;883;2.15;3.2;3.2
878;884;2.87;3.1;2.37
879;885;1.4;4.0;8.0
880;886;1.53;3.75;6.0
881;887;2.9;3.2;2.3
882;888;1.73;3.5;4.33
883;889;1.85;3.3;4.0
884;890;2.0;3.2;3.5
885;891;3.75;3.3;1.91
886;892;5.0;3.75;1.6
887;893;2.8;3.2;2.38
888;894;1.6;3.75;5.0
889;895;2.1;3.3;3.2
890;896;1.6;3.75;5.0
891;897;1.73;3.5;4.5
892;898;2.5;3.25;2.6
893;899;2.0;3.3;3.4
894;900;2.05;3.2;3.4
895;901;1.44;3.8;7.0
896;902;1.11;7.5;17.0
897;903;2.38;3.2;2.75
898;904;3.0;3.2;2.25
899;905;2.7;3.3;2.4
900;906;2.9;3.2;2.3
901;907;1.91;3.3;3.75
902;908;3.0;3.2;2.25
903;909;1.22;5.5;11.0
904;910;2.2;3.3;3.0
905;911;1.7;3.5;4.5
906;912;2.05;3.25;3.4
907;913;6.0;3.6;1.53
908;914;2.62;3.2;2.5
909;915;2.2;3.25;3.0
910;916;1.36;4.33;7.5
911;917;1.91;3.2;3.8
912;918;1.33;4.5;8.5
913;919;3.0;3.25;2.2
914;920;2.25;3.2;3.0
915;921;1.5;3.8;6.0
916;922;2.6;3.25;2.5
917;923;2.6;3.25;2.5
918;925;1.25;5.0;11.0
919;926;1.53;3.8;5.5
920;927;2.4;3.3;2.7
921;928;8.0;4.33;1.36
922;929;2.1;3.3;3.2
923;930;2.15;3.2;3.2
924;931;4.5;3.75;1.67
925;932;4.0;3.4;1.83
926;933;1.22;6.0;9.5
927;934;1.55;4.0;5.0
928;935;2.1;3.4;3.1
929;936;2.1;3.2;3.3
930;937;4.0;3.5;1.8
931;938;2.2;3.2;3.1
932;939;1.73;3.6;4.2
933;940;2.0;3.3;3.4
934;941;1.25;5.0;11.0
935;942;1.2;6.0;11.0
936;943;2.45;3.25;2.62
937;944;2.25;3.25;2.9
938;945;2.15;3.25;3.1
939;946;1.95;3.4;3.5
940;947;2.6;3.25;2.5
941;948;1.83;3.4;4.0
942;949;1.4;4.33;7.0
943;950;2.62;3.2;2.5
944;951;2.75;3.4;2.3
945;952;2.7;3.3;2.38
946;953;2.25;3.2;3.0
947;954;3.25;3.4;2.05
948;955;3.2;3.3;2.1
949;956;1.25;5.0;10.5
950;957;2.25;3.3;2.88
951;958;1.62;3.75;4.8
952;959;1.4;4.33;7.0
953;960;3.1;3.3;2.15
954;961;1.73;3.5;4.33
955;962;1.67;3.75;4.5
956;963;2.3;3.3;2.8
957;964;2.25;3.3;2.88
958;965;1.33;4.5;8.5
959;966;1.36;4.33;8.0
960;967;3.6;3.4;1.91
961;968;2.7;3.3;2.4
962;969;2.5;3.3;2.6
963;970;2.8;3.3;2.3
964;971;1.91;3.4;3.6
965;972;2.4;3.3;2.7
966;973;2.25;3.3;2.9
967;974;2.4;3.2;2.75
968;975;2.2;3.25;3.0
969;976;3.6;3.4;1.91
970;977;1.62;3.6;5.0
971;978;2.2;3.2;3.1
972;979;1.73;3.5;4.33
973;980;1.7;3.5;4.5
974;981;1.36;4.75;7.0
975;982;1.33;4.8;7.5
976;983;1.53;4.0;5.5
977;984;4.5;4.0;1.62
978;985;2.15;3.3;3.1
979;986;3.3;3.5;2.0
980;987;2.1;3.25;3.25
981;988;2.05;3.25;3.4
982;989;1.36;4.2;8.0
983;990;2.5;3.2;2.6
984;991;1.33;4.33;9.0
985;992;3.8;3.4;1.85
986;993;2.1;3.2;3.25
987;994;2.1;3.3;3.2
988;995;2.2;3.2;3.1
989;996;1.44;4.33;6.0
990;997;4.5;3.5;1.7
991;998;2.3;3.3;2.8
992;999;1.73;3.5;4.33
993;1000;1.57;3.6;5.5
994;1001;1.5;3.8;6.0
995;1002;1.25;5.0;11.0
996;1003;1.3;4.5;9.5
997;1004;1.57;3.8;5.0
998;1005;1.8;3.3;4.33
999;1006;2.9;3.2;2.3
1000;1007;3.1;3.3;2.15
1001;1008;2.2;3.2;3.1
1002;1009;1.8;3.5;4.0
1003;1010;1.67;3.5;4.8
1004;1011;2.05;3.2;3.4
1005;1012;2.5;3.2;2.62
1006;1013;1.2;6.0;11.0
1007;1014;1.53;4.2;5.0
1008;1015;1.57;3.8;5.0
1009;1016;2.0;3.2;3.5
1010;1017;4.0;3.5;1.8
1011;1018;1.91;3.2;3.8
1012;1019;2.8;3.3;2.3
1013;1020;2.35;3.3;2.75
1014;1021;1.53;3.75;6.0
1015;1022;1.44;4.33;6.0
1016;1023;1.57;3.75;5.5
1017;1024;1.83;3.4;4.0
1018;1025;6.0;3.8;1.5
1019;1026;2.5;3.2;2.62
1020;1027;1.75;3.5;4.33
1021;1028;3.0;3.2;2.25
1022;1029;1.57;3.8;5.0
1023;1030;1.83;3.3;4.0
1024;1031;1.62;3.6;5.0
1025;1032;2.25;3.3;2.9
1026;1033;1.53;3.8;5.5
1027;1034;4.2;3.5;1.75
1028;1035;2.15;3.3;3.1
1029;1036;2.4;3.3;2.7
1030;1037;1.67;3.5;4.8
1031;1038;1.57;3.8;5.0
1032;1039;2.2;3.4;2.87
1033;1040;1.67;3.6;4.8
1034;1041;3.0;3.4;2.15
1035;1042;1.73;3.75;4.0
1036;1043;5.0;3.75;1.6
1037;1044;1.83;3.6;3.75
1038;1045;1.6;4.0;5.0
1039;1046;1.53;3.8;5.5
1040;1047;1.7;3.5;4.5
1041;1048;2.45;3.4;2.6
1042;1049;2.5;3.2;2.6
1043;1050;2.25;3.2;3.0
1044;1051;2.2;3.2;3.1
1045;1052;3.3;3.3;2.05
1046;1053;1.3;4.8;9.0
1047;1054;2.7;3.3;2.4
1048;1055;2.5;3.25;2.6
1049;1056;2.15;3.3;3.1
1050;1057;1.62;3.75;4.8
1051;1058;3.75;3.3;1.91
1052;1059;4.8;3.8;1.62
1053;1060;3.2;3.5;2.0
1054;1061;1.33;4.5;8.5
1055;1062;1.36;4.2;8.0
1056;1063;1.5;4.0;5.5
1057;1064;1.91;3.3;3.75
1058;1065;5.5;3.8;1.55
1059;1066;1.83;3.5;3.75
1060;1067;1.53;3.8;5.5
1061;1068;2.4;3.3;2.7
1062;1069;1.53;4.2;5.0
1063;1070;1.29;5.5;7.5
1064;1071;2.88;3.25;2.3
1065;1072;1.55;3.8;5.5
1066;1073;3.2;3.6;2.0
1067;1074;2.3;3.4;2.75
1068;1075;2.4;3.4;2.62
1069;1076;4.0;3.75;1.75
1070;1077;1.35;4.6;7.5
1071;1078;1.4;4.5;6.5
1072;1079;1.4;4.5;6.5
1073;1080;4.0;3.75;1.75
1074;1081;2.37;3.1;2.87
1075;1082;2.3;3.5;2.7
1076;1083;4.5;4.0;1.61
1077;1084;2.0;3.5;3.3
1078;1085;1.25;5.5;9.5
1079;1086;5.5;3.8;1.53
1080;1087;2.7;3.3;2.4
1081;1088;3.5;3.4;1.95
1082;1089;1.75;3.5;4.2
1083;1090;4.6;3.3;1.75
1084;1091;2.88;3.3;2.25
1085;1092;1.85;3.4;3.8
1086;1093;1.44;4.0;6.5
1087;1094;1.25;5.5;9.0
1088;1095;2.5;3.25;2.6
1089;1096;2.45;3.2;2.7
1090;1097;2.05;3.3;3.3
1091;1098;3.1;3.3;2.15
1092;1099;2.37;3.25;2.75
1093;1100;2.87;3.25;2.3
1094;1101;2.0;3.5;3.3
1095;1102;3.2;3.6;2.0
1096;1103;1.4;4.5;6.5
1097;1104;2.7;3.2;2.45
1098;1105;1.95;3.4;3.5
1099;1106;2.25;3.3;2.9
1100;1107;2.5;3.3;2.6
1101;1108;1.8;3.5;4.0
1102;1109;1.53;4.0;5.5
1103;1110;1.18;6.0;13.0
1104;1111;1.29;5.0;9.0
1105;1112;2.5;3.3;2.6
1106;1113;1.6;3.8;5.0
1107;1114;1.8;3.5;4.0
1108;1115;2.5;3.3;2.6
1109;1116;3.75;3.6;1.83
1110;1117;1.44;4.0;7.0
1111;1118;1.36;4.5;7.0
1112;1119;2.7;3.3;2.4
1113;1120;2.75;3.3;2.37
1114;1121;1.75;3.5;4.33
1115;1122;2.1;3.2;3.3
1116;1123;2.25;3.2;3.0
1117;1124;5.0;3.75;1.6
1118;1125;1.8;3.5;4.0
1119;1126;1.55;3.8;5.5
1120;1128;2.4;3.3;2.75
1121;1129;1.6;3.75;5.0
1122;1130;4.0;3.75;1.75
1123;1131;2.62;3.3;2.45
1124;1132;2.2;3.3;3.0
1125;1133;1.6;3.75;5.0
1126;1134;2.15;3.25;3.1
1127;1135;1.4;4.2;7.0
1128;1136;1.91;3.3;3.75
1129;1137;2.05;3.3;3.3
1130;1138;3.25;3.3;2.05
1131;1139;1.73;3.4;4.5
1132;1140;3.0;3.3;2.2
1133;1141;1.4;4.33;7.0
1134;1142;1.44;3.8;7.0
1135;1143;3.6;3.5;1.91
1136;1144;2.2;3.3;3.0
1137;1145;2.2;3.3;3.0
1138;1146;2.4;3.2;2.75
1139;1147;1.8;3.5;4.0
1140;1148;6.5;3.75;1.5
1141;1149;1.18;6.0;13.0
1142;1150;1.65;3.75;4.6
1143;1151;1.5;4.2;5.5
1144;1152;2.05;3.4;3.25
1145;1153;2.6;3.4;2.45
1146;1154;2.5;3.25;2.6
1147;1155;2.5;3.3;2.6
1148;1156;3.6;3.5;1.91
1149;1157;2.8;3.3;2.3
1150;1158;2.0;3.3;3.4
1151;1159;1.53;3.8;5.5
1152;1160;2.05;3.3;3.3
1153;1162;1.91;3.3;3.75
1154;1163;1.65;3.75;4.6
1155;1164;3.0;3.3;2.2
1156;1165;1.3;4.8;9.0
1157;1166;1.8;3.5;4.0
1158;1167;2.3;3.2;2.9
1159;1168;3.5;3.3;2.0
1160;1169;1.5;3.8;6.0
1161;1170;2.4;3.3;2.7
1162;1171;2.1;3.3;3.2
1163;1172;2.5;3.2;2.62
1164;1173;1.3;4.8;8.5
1165;1174;1.75;3.4;4.5
1166;1175;1.3;4.8;8.5
1167;1176;2.5;3.2;2.62
1168;1177;1.44;3.8;7.0
1169;1178;2.7;3.3;2.38
1170;1179;1.67;3.6;4.8
1171;1180;3.8;3.5;1.83
1172;1181;1.25;5.5;9.0
1173;1182;1.7;3.6;4.5
1174;1183;3.75;3.75;1.8
1175;1184;2.1;3.3;3.2
1176;1185;2.05;3.25;3.4
1177;1186;1.83;3.3;4.0
1178;1187;2.5;3.3;2.6
1179;1188;2.87;3.3;2.3
1180;1189;1.36;4.33;7.5
1181;1190;1.25;5.0;10.5
1182;1191;4.2;3.5;1.75
1183;1192;1.95;3.4;3.5
1184;1193;2.5;3.25;2.6
1185;1194;1.91;3.3;3.75
1186;1195;3.5;3.25;2.0
1187;1196;4.33;3.6;1.7
1188;1199;1.73;3.4;4.5
1189;1200;1.75;3.5;4.33
1190;1201;5.5;3.75;1.55
1191;1202;1.55;3.75;5.5
1192;1204;1.75;3.3;4.5
1193;1205;1.83;3.3;4.0
1194;1206;1.57;3.8;5.0
1195;1207;4.0;3.4;1.8
1196;1208;1.83;3.3;4.0
1197;1209;1.8;3.5;4.0
1198;1210;1.75;3.75;4.0
1199;1211;1.95;3.2;3.75
1200;1212;2.5;3.2;2.6
1201;1213;1.33;4.5;8.0
1202;1214;1.44;3.8;7.0
1203;1215;3.2;3.3;2.1
1204;1216;2.5;3.2;2.62
1205;1217;3.1;3.3;2.15
1206;1218;4.8;3.5;1.67
1207;1219;1.61;3.6;5.0
1208;1220;2.3;3.2;2.87
1209;1221;1.4;4.2;7.0
1210;1222;1.83;3.5;3.75
1211;1223;2.05;3.3;3.3
1212;1224;3.6;3.3;1.95
1213;1225;3.5;3.3;2.0
1214;1226;1.6;3.75;5.0
1215;1227;1.85;3.5;3.75
1216;1228;2.3;3.2;2.9
1217;1229;1.36;4.5;7.5
1218;1230;1.61;3.75;5.0
1219;1231;2.25;3.3;2.9
1220;1232;1.91;3.3;3.75
1221;1233;2.8;3.2;2.37
1222;1234;2.5;3.1;2.7
1223;1236;1.91;3.4;3.6
1224;1249;1.36;4.5;7.5
1225;1250;4.0;3.4;1.83
1226;1251;3.4;3.4;2.0
1227;1252;2.38;3.2;2.8
1228;1253;3.1;3.3;2.15
1229;1254;2.5;3.25;2.6
1230;1255;1.2;6.0;11.0
1231;1256;1.83;3.4;4.0
1232;1257;1.91;3.5;3.6
1233;1258;1.53;4.2;5.0
1234;1259;2.0;3.4;3.4
1235;1260;2.37;3.2;2.8
1236;1261;1.85;3.5;3.8
1237;1262;3.2;3.3;2.1
1238;1263;2.8;3.4;2.3
1239;1264;2.05;3.25;3.4
1240;1265;1.62;3.8;4.75
1241;1266;1.8;3.5;4.0
1242;1267;1.6;3.75;5.0
1243;1268;1.83;3.4;4.0
1244;1269;2.62;3.3;2.45
1245;1270;1.83;3.4;4.0
1246;1271;3.1;3.4;2.1
1247;1272;2.0;3.4;3.4
1248;1273;1.83;3.6;3.75
1249;1274;1.62;4.0;4.5
1250;1275;2.15;3.2;3.2
1251;1276;1.65;3.75;4.6
1252;1277;2.8;3.4;2.3
1253;1278;2.62;3.25;2.5
1254;1279;2.2;3.3;3.0
1255;1280;3.1;3.3;2.15
1256;1281;1.5;4.2;5.5
1257;1282;1.4;4.33;7.0
1258;1283;2.0;3.3;3.5
1259;1284;4.0;3.75;1.75
1260;1285;1.75;3.5;4.33
1261;1286;3.6;3.5;1.91
1262;1287;2.15;3.4;3.0
1263;1288;3.8;3.5;1.85
1264;1289;1.6;4.0;4.75
1265;1290;1.65;3.8;4.5
1266;1291;4.0;3.5;1.8
1267;1292;2.4;3.4;2.6
1268;1293;4.0;3.5;1.8
1269;1294;1.8;3.5;4.0
1270;1295;3.0;3.2;2.25
1271;1296;3.1;3.3;2.15
1272;1297;1.3;5.0;8.0
1273;1298;2.5;3.3;2.6
1274;1299;2.5;3.3;2.6
1275;1300;2.25;3.3;2.9
1276;1301;2.3;3.25;2.87
1277;1302;1.36;4.5;7.5
1278;1303;1.65;3.75;4.6
1279;1304;1.53;4.2;5.0
1280;1305;1.91;3.5;3.6
1281;1306;1.36;4.5;7.5
1282;1307;2.2;3.3;3.0
1283;1308;1.15;6.5;15.0
1284;1309;2.0;3.4;3.4
1285;1310;1.25;5.5;9.5
1286;1311;3.5;3.3;2.0
1287;1312;4.0;3.5;1.8
1288;1313;2.25;3.3;2.9
1289;1314;1.62;3.8;4.75
1290;1315;2.7;3.3;2.4
1291;1316;1.91;3.3;3.8
1292;1317;3.6;3.5;1.91
1293;1318;2.4;3.3;2.7
1294;1319;2.05;3.4;3.25
1295;1320;4.0;3.5;1.8
1296;1321;1.53;4.2;5.0
1297;1322;1.8;3.5;4.0
1298;1323;1.75;3.5;4.33
1299;1324;2.7;3.3;2.4
1300;1325;4.4;3.5;1.73
1301;1326;1.5;4.2;5.5
1302;1327;2.0;3.4;3.4
1303;1328;2.2;3.3;3.0
1304;1329;1.4;4.5;6.5
1305;1330;2.5;3.3;2.6
1306;1331;2.0;3.4;3.4
1307;1332;2.5;3.3;2.6
1308;1333;2.7;3.3;2.4
1309;1334;2.1;3.25;3.25
1310;1335;2.6;3.1;2.6
1311;1336;2.5;3.25;2.6
1312;1337;1.25;5.0;11.0
1313;1338;1.53;4.0;5.5
1314;1339;1.73;3.5;4.4
1315;1340;4.5;3.6;1.7
1316;1341;2.38;3.1;2.88
1317;1342;2.0;3.3;3.5
1318;1343;2.05;3.4;3.25
1319;1344;3.1;3.3;2.15
1320;1345;1.44;4.33;6.0
1321;1346;2.0;3.3;3.5
1322;1347;1.65;3.5;5.0
1323;1348;1.7;3.5;4.6
1324;1349;2.4;3.3;2.7
1325;1350;1.83;3.4;4.0
1326;1351;2.75;3.3;2.37
1327;1352;5.5;3.75;1.55
1328;1353;1.22;6.0;10.0
1329;1354;2.05;3.4;3.25
1330;1355;1.6;3.75;5.0
1331;1356;2.05;3.4;3.25
1332;1357;2.5;3.25;2.62
1333;1358;1.83;3.4;4.0
1334;1359;6.0;4.33;1.44
1335;1360;2.25;3.2;3.0
1336;1361;1.35;4.6;7.5
1337;1362;1.2;6.5;10.0
1338;1363;2.5;3.25;2.6
1339;1364;1.55;3.75;5.5
1340;1365;3.6;3.5;1.91
1341;1366;2.0;3.3;3.5
1342;1367;4.0;3.5;1.8
1343;1368;2.75;3.3;2.37
1344;1369;2.7;3.3;2.4
1345;1370;1.6;3.75;5.0
1346;1371;1.4;4.33;7.0
1347;1372;1.65;3.75;4.6
1348;1373;2.0;3.4;3.4
1349;1374;2.45;3.1;2.8
1350;1375;2.1;3.25;3.25
1351;1376;7.0;4.33;1.4
1352;1377;1.18;6.0;13.0
1353;1378;1.36;4.5;7.5
1354;1379;2.45;3.2;2.7
1355;1380;3.4;3.4;2.0
1356;1381;2.6;3.1;2.6
1357;1382;4.5;3.75;1.67
1358;1383;1.83;3.4;4.0
1359;1384;3.0;3.1;2.3
1360;1385;1.29;5.0;9.0
1361;1386;1.44;4.0;6.5
1362;1387;1.35;4.6;7.5
1363;1388;3.1;3.3;2.15
1364;1389;1.44;4.2;6.5
1365;1390;2.88;3.5;2.2
1366;1391;2.15;3.3;3.1
1367;1392;6.5;4.2;1.44
1368;1393;1.5;4.2;5.5
1369;1394;1.53;4.2;5.0
1370;1395;3.2;3.2;2.15
1371;1396;2.7;3.3;2.4
1372;1397;2.38;3.2;2.8
1373;1398;2.05;3.25;3.4
1374;1399;2.88;3.25;2.3
1375;1400;3.8;3.3;1.91
1376;1401;1.25;5.0;11.0
1377;1402;2.8;3.2;2.38
1378;1403;2.4;3.3;2.7
1379;1404;2.6;3.0;2.7
1380;1405;1.44;4.0;7.0
1381;1406;1.4;4.33;7.0
1382;1407;1.53;4.0;5.5
1383;1408;3.25;3.4;2.05
1384;1409;1.18;6.0;13.0
1385;1410;1.62;3.8;4.75
1386;1411;1.3;4.75;9.0
1387;1412;2.37;3.1;2.87
1388;1413;2.1;3.3;3.2
1389;1414;3.3;3.5;2.0
1390;1415;2.3;3.25;2.87
1391;1416;4.6;3.75;1.65
1392;1417;1.53;4.0;5.5
1393;1418;1.8;3.5;4.0
1394;1419;1.25;5.5;9.5
1395;1420;1.91;3.3;3.8
1396;1421;2.15;3.3;3.1
1397;1422;3.75;3.25;1.95
1398;1423;1.4;4.33;7.0
1399;1424;3.25;3.4;2.05
1400;1425;1.29;5.0;9.0
1401;1426;1.8;3.5;4.0
1402;1427;2.25;3.4;2.88
1403;1428;3.1;3.3;2.15
1404;1429;2.0;3.4;3.4
1405;1430;2.38;3.2;2.8
1406;1431;2.6;3.1;2.6
1407;1432;2.2;3.2;3.1
1408;1433;1.6;3.75;5.0
1409;1434;1.83;3.4;4.0
1410;1435;1.91;3.6;3.5
1411;1436;2.0;3.3;3.5
1412;1437;6.0;4.33;1.44
1413;1438;2.7;3.2;2.45
1414;1439;2.8;3.2;2.38
1415;1440;4.0;3.75;1.75
1416;1441;1.29;5.0;9.0
1417;1442;1.7;3.6;4.5
1418;1443;2.3;3.1;3.0
1419;1444;1.8;3.3;4.33
1420;1445;3.0;3.3;2.2
1421;1446;1.44;4.2;6.5
1422;1447;2.3;3.25;2.88
1423;1448;3.5;3.4;1.95
1424;1449;1.2;6.0;11.0
1425;1450;1.65;3.6;4.8
1426;1451;2.62;3.3;2.45
1427;1452;1.83;3.4;4.0
1428;1453;2.05;3.25;3.4
1429;1454;3.8;3.5;1.85
1430;1455;2.6;3.1;2.6
1431;1456;3.25;3.4;2.05
1432;1457;2.2;3.5;2.88
1433;1458;1.55;3.8;5.5
1434;1459;2.45;3.2;2.7
1435;1460;2.45;3.2;2.7
1436;1461;1.83;3.4;4.0
1437;1462;2.5;3.25;2.6
1438;1463;2.5;3.25;2.62
1439;1464;2.0;3.2;3.6
1440;1465;1.6;3.75;5.0
1441;1466;3.1;3.3;2.15
1442;1467;1.6;3.75;5.0
1443;1468;1.55;3.8;5.5
1444;1469;2.5;3.25;2.6
1445;1470;2.0;3.4;3.4
1446;1471;6.5;4.2;1.44
1447;1472;2.5;3.25;2.62
1448;1473;1.44;4.33;6.0
1449;1474;1.18;6.0;13.0
1450;1475;2.8;3.2;2.37
1451;1476;2.38;3.3;2.75
1452;1477;2.25;3.4;2.87
1453;1478;1.8;3.5;4.0
1454;1479;1.8;3.5;4.0
1455;1480;4.0;3.4;1.83
1456;1481;1.29;5.0;9.0
1457;1482;1.8;3.5;4.0
1458;1483;1.85;3.5;3.8
1459;1484;3.3;3.5;2.0
1460;1485;3.6;3.75;1.83
1461;1486;2.2;3.3;3.0
1462;1487;1.8;3.5;4.0
1463;1488;2.45;3.3;2.62
1464;1489;4.0;3.75;1.75
1465;1490;2.5;3.25;2.62
1466;1491;1.62;3.8;4.8
1467;1492;2.45;3.1;2.8
1468;1493;2.3;3.25;2.88
1469;1494;4.0;3.5;1.8
1470;1495;1.2;6.0;11.0
1471;1496;1.7;3.4;4.8
1472;1497;1.4;4.33;7.0
1473;1498;2.1;3.4;3.1
1474;1499;2.0;3.5;3.3
1475;1500;1.91;3.5;3.6
1476;1501;2.05;3.25;3.4
1477;1502;2.0;3.5;3.3
1478;1503;3.0;3.2;2.25
1479;1504;1.8;3.5;4.0
1480;1505;1.53;4.2;5.0
1481;1506;1.44;4.33;6.0
1482;1507;1.85;3.5;3.8
1483;1508;3.8;3.5;1.85
1484;1509;5.5;3.8;1.55
1485;1510;1.8;3.5;4.0
1486;1511;2.3;3.1;3.0
1487;1512;3.4;3.4;2.0
1488;1513;1.91;3.5;3.6
1489;1514;1.44;4.2;6.5
1490;1515;1.5;4.2;5.5
1491;1516;1.91;3.5;3.6
1492;1517;2.38;3.3;2.75
1493;1518;1.75;3.75;4.0
1494;1519;2.75;3.3;2.38
1495;1520;2.38;3.2;2.8
1496;1521;1.33;4.8;7.5
1497;1522;1.83;3.6;3.75
1498;1523;2.2;3.3;3.0
1499;1524;2.0;3.5;3.3
1500;1525;1.8;3.5;4.0
1501;1526;3.5;3.3;2.0
1502;1527;4.6;3.5;1.7
1503;1528;2.7;3.3;2.4
1504;1529;1.2;6.0;11.0
1505;1530;1.8;3.5;4.0
1506;1531;1.6;3.8;5.0
1507;1532;2.0;3.4;3.4
1508;1533;2.15;3.3;3.1
1509;1534;4.75;3.6;1.67
1510;1535;4.8;3.8;1.62
1511;1536;3.0;3.4;2.15
1512;1537;1.55;3.8;5.5
1513;1538;3.2;3.3;2.1
1514;1539;1.55;3.8;5.5
1515;1540;1.65;3.6;4.8
1516;1541;2.7;3.3;2.4
1517;1542;1.67;3.75;4.5
1518;1543;2.25;3.2;3.0
1519;1544;1.95;3.4;3.5
1520;1545;1.44;4.33;6.0
1521;1546;1.83;3.4;4.0
1522;1547;1.33;4.8;7.5
1523;1548;2.3;3.25;2.88
1524;1549;2.62;3.25;2.5
1525;1550;3.75;3.3;1.91
1526;1551;3.0;3.3;2.2
1527;1552;2.1;3.4;3.1
1528;1553;1.29;5.5;8.0
1529;1554;3.0;3.4;2.15
1530;1555;3.3;3.5;2.0
1531;1556;2.5;3.3;2.6
1532;1557;1.6;3.75;5.0
1533;1558;2.2;3.1;3.2
1534;1559;3.1;3.3;2.15
1535;1560;1.91;3.3;3.75
1536;1561;1.44;4.33;6.0
1537;1562;1.44;4.33;6.0
1538;1563;3.25;3.4;2.05
1539;1564;1.6;3.75;5.0
1540;1565;2.5;3.3;2.6
1541;1566;2.05;3.25;3.4
1542;1567;1.91;3.5;3.6
1543;1568;3.4;3.4;2.0
1544;1569;1.5;4.2;5.5
1545;1570;2.88;3.4;2.25
1546;1571;2.05;3.25;3.4
1547;1572;1.62;3.8;4.8
1548;1573;1.73;3.4;4.6
1549;1574;1.8;3.5;4.0
1550;1575;3.4;3.4;2.0
1551;1576;4.0;3.5;1.8
1552;1577;1.7;3.5;4.6
1553;1578;1.53;4.2;5.0
1554;1579;3.0;3.2;2.25
1555;1580;1.7;3.4;4.8
1556;1581;2.6;3.1;2.6
1557;1582;2.0;3.4;3.4
1558;1583;1.65;3.6;4.8
1559;1584;5.5;3.8;1.55
1560;1585;1.95;3.4;3.5
1561;1586;1.44;4.33;6.0
1562;1587;1.53;4.0;5.5
1563;1588;2.38;3.3;2.75
1564;1589;2.0;3.4;3.4
1565;1590;2.2;3.3;3.0
1566;1591;2.6;3.5;2.4
1567;1592;3.1;3.4;2.1
1568;1593;1.2;6.0;11.0
1569;1594;1.44;4.2;6.5
1570;1595;3.6;3.5;1.91
1571;1596;2.2;3.5;2.88
1572;1597;4.0;3.4;1.83
1573;1598;2.38;3.2;2.8
1574;1599;2.6;3.1;2.6
1575;1600;2.05;3.4;3.25
1576;1601;1.22;6.0;10.0
1577;1602;2.15;3.3;3.1
1578;1603;1.75;3.75;4.0
1579;1604;1.44;4.2;6.5
1580;1605;2.7;3.3;2.4
1581;1606;1.62;3.75;5.0
1582;1607;2.2;3.3;3.0
1583;1608;3.0;3.3;2.2
1584;1609;1.44;4.0;7.0
1585;1610;2.5;3.25;2.62
1586;1611;2.7;3.2;2.45
1587;1612;1.91;3.5;3.6
1588;1613;3.0;3.2;2.25
1589;1614;2.7;3.2;2.45
1590;1615;6.0;4.33;1.44
1591;1616;2.15;3.3;3.1
1592;1617;1.35;4.6;7.5
1593;1618;1.22;6.0;9.5
1594;1619;1.7;3.4;4.8
1595;1620;1.62;3.8;4.8
1596;1621;1.75;3.5;4.33
1597;1622;3.1;3.3;2.15
1598;1623;2.62;3.4;2.4
1599;1624;6.5;4.0;1.44
1600;1625;2.0;3.3;3.5
1601;1626;1.29;4.75;10.0
1602;1627;4.33;3.6;1.73
1603;1628;2.5;3.25;2.62
1604;1629;3.0;3.2;2.25
1605;1630;2.15;3.3;3.1
1606;1631;1.8;3.5;4.0
1607;1632;2.4;3.3;2.7
1608;1633;1.4;4.5;6.5
1609;1634;1.29;5.0;9.0
1610;1635;1.44;4.2;6.5
1611;1636;3.3;3.5;2.0
1612;1637;1.8;3.3;4.33
1613;1638;2.25;3.2;3.0
1614;1639;3.4;3.5;1.95
1615;1640;2.4;3.3;2.7
1616;1641;1.2;6.0;11.0
1617;1642;1.75;3.5;4.33
1618;1643;3.75;3.3;1.91
1619;1644;2.0;3.6;3.2
1620;1645;2.15;3.3;3.1
1621;1646;2.8;3.1;2.45
1622;1647;1.73;3.4;4.6
1623;1648;5.5;4.2;1.5
1624;1649;2.0;3.4;3.4
1625;1650;1.4;4.33;7.0
1626;1651;3.4;3.4;2.0
1627;1652;2.3;3.25;2.88
1628;1653;1.55;3.8;5.5
1629;1654;2.25;3.3;2.9
1630;1655;2.45;3.3;2.62
1631;1656;2.75;3.3;2.38
1632;1657;1.18;6.0;13.0
1633;1658;2.0;3.3;3.5
1634;1659;1.4;4.33;6.5
1635;1660;2.4;3.4;2.62
1636;1661;4.0;3.5;1.8
1637;1662;1.65;3.75;4.6
1638;1663;2.15;3.3;3.1
1639;1664;2.3;3.5;2.7
1640;1665;2.5;3.25;2.6
1641;1666;2.25;3.2;3.0
1642;1667;2.2;3.3;3.0
1643;1668;2.25;3.3;2.9
1644;1669;1.44;4.0;7.0
1645;1670;1.91;3.3;3.75
1646;1671;2.75;3.3;2.38
1647;1672;1.29;5.0;9.0
1648;1673;1.65;3.75;4.6
1649;1674;1.67;3.75;4.5
1650;1675;4.0;3.75;1.75
1651;1676;1.91;3.5;3.6
1652;1677;3.4;3.4;2.0
1653;1678;3.2;3.6;2.0
1654;1679;1.75;3.75;4.0
1655;1680;2.1;3.25;3.25
1656;1681;1.4;4.33;7.0
1657;1682;4.8;3.8;1.62
1658;1683;2.3;3.25;2.88
1659;1684;2.7;3.3;2.4
1660;1685;1.4;4.33;7.0
1661;1686;3.8;3.5;1.85
1662;1687;1.35;4.6;7.5
1663;1688;2.8;3.4;2.3
1664;1689;1.55;3.8;5.5
1665;1690;1.7;3.6;4.5
1666;1691;1.75;3.75;4.0
1667;1692;3.0;3.4;2.15
1668;1693;3.4;3.4;2.0
1669;1694;1.55;3.8;5.5
1670;1695;2.05;3.25;3.4
1671;1696;2.9;3.3;2.25
1672;1697;1.8;3.5;4.0
1673;1698;1.91;3.5;3.6
1674;1699;1.5;4.2;5.5
1675;1700;2.05;3.4;3.25
1676;1701;1.5;3.8;6.0
1677;1702;2.8;3.2;2.38
1678;1703;1.91;3.5;3.6
1679;1704;5.5;3.8;1.55
1680;1705;1.65;3.75;4.6
1681;1706;1.8;3.5;4.0
1682;1707;1.5;4.2;5.5
1683;1708;3.25;3.4;2.05
1684;1709;5.5;4.2;1.5
1685;1710;2.0;3.3;3.5
1686;1711;3.0;3.3;2.2
1687;1712;2.45;3.2;2.7
1688;1713;1.2;6.0;11.0
1689;1714;1.75;3.5;4.33
1690;1715;1.83;3.4;4.0
1691;1716;1.91;3.5;3.6
1692;1717;1.44;4.2;6.5
1693;1718;3.5;3.3;2.0
1694;1719;2.62;3.3;2.45
1695;1720;2.4;3.3;2.7
1696;1721;1.29;5.0;9.0
1697;1722;1.6;3.8;5.0
1698;1723;2.15;3.3;3.1
1699;1724;1.44;4.33;6.0
1700;1725;3.1;3.3;2.15
1701;1726;3.3;3.5;2.0
1702;1727;2.8;3.2;2.38
1703;1728;4.8;3.8;1.62
1704;1729;1.25;4.5;10.0
1705;1730;1.17;5.5;12.0
1706;1731;5.5;3.3;1.57
1707;1732;1.83;3.2;3.75
1708;1733;1.91;3.2;3.5
1709;1734;1.95;3.1;3.5
1710;1735;2.9;3.2;2.15
1711;1736;1.8;3.1;4.0
1712;1737;2.5;2.9;2.62
1713;1738;1.3;4.2;8.5
1714;1739;1.2;5.0;11.0
1715;1740;1.36;4.0;7.0
1716;1741;2.5;3.25;2.4
1717;1742;2.38;3.1;2.62
1718;1743;7.0;3.75;1.4
1719;1744;2.4;3.1;2.6
1720;1745;1.36;3.75;8.0
1721;1746;1.67;3.3;4.5
1722;1747;1.95;3.25;3.3
1723;1748;2.25;3.2;2.75
1724;1749;1.17;6.5;19.0
1725;1750;3.5;3.3;2.1
1726;1751;1.73;3.5;5.0
1727;1752;2.05;3.3;3.6
1728;1753;3.1;3.3;2.3
1729;1754;3.25;3.25;2.25
1730;1755;2.4;3.3;2.9
1731;1756;2.0;3.3;3.8
1732;1757;8.0;4.5;1.4
1733;1758;1.2;6.0;15.0
1734;1759;3.1;3.1;2.4
1735;1760;1.22;5.5;15.0
1736;1761;2.3;3.3;3.1
1737;1762;2.5;3.3;2.8
1738;1763;1.67;3.8;5.0
1739;1764;2.15;3.3;3.4
1740;1765;7.5;4.2;1.44
1741;1766;2.38;3.25;3.0
1742;1767;2.2;3.2;3.4
1743;1768;1.73;3.5;5.0
1744;1769;1.14;7.5;19.0
1745;1770;1.53;3.75;7.0
1746;1771;2.5;3.2;2.88
1747;1772;1.83;3.4;4.5
1748;1773;2.05;3.25;3.75
1749;1774;2.05;3.3;3.6
1750;1775;3.1;3.3;2.3
1751;1776;6.0;3.8;1.57
1752;1777;11.0;5.0;1.3
1753;1778;2.9;3.3;2.4
1754;1779;1.22;5.25;11.0
1755;1780;2.1;3.2;3.2
1756;1781;1.7;3.4;4.5
1757;1782;4.2;3.4;1.75
1758;1783;1.9;3.25;3.75
1759;1784;3.4;3.25;2.0
1760;1785;1.8;3.25;4.2
1761;1786;2.1;3.2;3.2
1762;1787;2.5;3.2;2.6
1763;1788;1.2;5.5;12.0
1764;1789;1.29;4.33;8.5
1765;1790;2.25;3.2;2.75
1766;1791;1.95;3.25;3.3
1767;1792;1.57;3.5;5.0
1768;1793;2.1;3.1;3.1
1769;1794;4.33;3.2;1.73
1770;1795;2.0;3.2;3.2
1771;1796;2.25;3.2;2.75
1772;1797;1.83;3.2;3.75
1773;1798;1.67;3.3;4.5
1774;1799;1.17;6.5;19.0
1775;1800;1.3;5.0;11.0
1776;1801;2.7;3.2;2.6
1777;1802;2.62;3.3;2.62
1778;1803;1.8;3.5;4.5
1779;1804;5.5;3.5;1.67
1780;1805;2.6;3.2;2.7
1781;1806;7.0;4.0;1.5
1782;1807;2.6;3.2;2.7
1783;1808;2.4;3.3;2.9
1784;1809;1.33;4.6;10.0
1785;1810;2.15;3.3;3.4
1786;1811;4.5;3.5;1.8
1787;1812;1.67;3.5;5.5
1788;1813;5.0;3.5;1.73
1789;1814;2.05;3.3;3.6
1790;1815;2.0;3.3;3.8
1791;1816;2.5;3.2;2.88
1792;1817;2.05;3.3;3.6
1793;1818;1.22;5.5;15.0
1794;1819;1.22;4.8;10.0
1795;1820;2.38;3.1;3.1
1796;1821;3.0;3.25;2.38
1797;1822;5.0;3.6;1.7
1798;1823;2.5;3.3;2.8
1799;1824;1.83;3.4;4.5
1800;1825;2.2;3.2;3.4
1801;1826;2.2;3.2;3.4
1802;1827;3.2;3.25;2.25
1803;1828;2.1;3.2;3.6
1804;1829;1.36;4.2;11.0
1805;1830;2.3;3.2;3.2
1806;1831;1.8;3.4;4.6
1807;1832;2.5;3.2;2.88
1808;1833;2.6;3.2;2.75
1809;1834;1.8;3.4;4.6
1810;1835;2.25;3.2;3.3
1811;1836;11.0;4.5;1.33
1812;1837;2.2;3.3;3.3
1813;1838;1.17;6.5;19.0
1814;1839;1.36;4.5;9.5
1815;1840;1.44;4.2;7.5
1816;1841;1.83;3.4;4.5
1817;1842;2.25;3.3;3.2
1818;1843;1.57;3.8;6.0
1819;1844;6.0;3.8;1.57
1820;1845;2.62;3.3;2.62
1821;1846;4.8;3.3;1.8
1822;1847;5.0;3.6;1.7
1823;1848;8.5;4.33;1.4
1824;1849;1.2;6.0;15.0
1825;1850;1.4;4.33;8.5
1826;1851;1.8;3.5;4.5
1827;1852;1.8;3.5;4.5
1828;1853;4.5;3.75;1.73
1829;1854;2.5;3.3;2.75
1830;1855;6.5;3.6;1.57
1831;1856;2.25;3.25;3.2
1832;1857;3.2;3.4;2.2
1833;1858;4.0;3.3;1.95
1834;1859;2.2;3.1;3.5
1835;1860;1.36;4.33;10.0
1836;1861;1.4;4.2;9.0
1837;1862;1.62;3.6;6.0
1838;1863;2.15;3.2;3.5
1839;1864;2.15;3.2;3.5
1840;1865;2.25;3.2;3.3
1841;1866;2.9;3.3;2.4
1842;1867;9.5;4.5;1.36
1843;1868;2.4;3.3;2.9
1844;1869;1.62;3.4;6.5
1845;1870;3.3;3.3;2.2
1846;1871;1.7;3.5;5.25
1847;1872;2.1;3.2;3.6
1848;1873;1.95;3.3;4.0
1849;1874;2.1;3.2;3.6
1850;1875;8.5;4.0;1.44
1851;1876;2.3;3.3;3.1
1852;1877;5.5;3.8;1.62
1853;1878;1.2;6.0;15.0
1854;1879;2.25;3.3;3.2
1855;1880;1.6;3.6;6.0
1856;1881;1.73;3.6;4.8
1857;1882;11.0;4.5;1.33
1858;1883;3.1;3.3;2.3
1859;1884;4.8;3.5;1.75
1860;1885;3.0;3.25;2.38
1861;1886;1.73;3.5;5.0
1862;1887;1.91;3.3;4.2
1863;1888;1.2;6.0;15.0
1864;1889;1.36;4.5;9.0
1865;1890;1.4;4.33;8.0
1866;1891;2.4;3.1;3.1
1867;1892;1.62;3.6;6.0
1868;1893;2.4;3.3;2.9
1869;1894;2.38;3.25;3.0
1870;1895;1.95;3.3;4.0
1871;1896;2.62;3.25;2.62
1872;1897;2.15;3.25;3.4
1873;1898;3.2;3.3;2.25
1874;1899;1.8;3.5;4.5
1875;1900;3.0;3.25;2.38
1876;1901;6.5;3.6;1.57
1877;1902;1.7;3.5;5.25
1878;1903;1.62;3.8;5.5
1879;1904;2.8;3.3;2.5
1880;1905;2.1;3.4;3.4
1881;1906;5.0;3.6;1.7
1882;1907;1.95;3.3;4.0
1883;1908;1.2;6.0;15.0
1884;1909;1.25;5.5;12.0
1885;1910;1.4;4.2;9.0
1886;1911;1.53;3.75;7.0
1887;1912;3.3;3.3;2.2
1888;1913;2.4;3.2;3.0
1889;1914;3.0;3.2;2.4
1890;1915;1.83;3.4;4.5
1891;1916;2.4;3.2;3.0
1892;1917;3.2;3.2;2.3
1893;1918;2.5;3.2;2.88
1894;1919;1.22;5.5;15.0
1895;1920;1.4;4.2;9.0
1896;1921;2.7;3.2;2.62
1897;1922;2.4;3.3;2.9
1898;1923;1.4;4.33;8.5
1899;1924;1.5;4.0;7.0
1900;1925;5.25;3.5;1.7
1901;1926;2.0;3.3;3.8
1902;1927;2.88;3.2;2.5
1903;1928;1.3;4.8;11.0
1904;1929;1.8;3.4;4.6
1905;1930;6.0;3.6;1.62
1906;1931;6.5;3.6;1.57
1907;1932;2.62;3.1;2.8
1908;1933;2.2;3.2;3.4
1909;1934;1.44;4.0;8.5
1910;1935;7.0;4.0;1.5
1911;1936;2.5;3.2;2.88
1912;1937;2.5;3.1;2.9
1913;1938;1.73;3.4;5.25
1914;1939;1.91;3.2;4.33
1915;1940;1.4;4.2;9.0
1916;1941;2.2;3.2;3.4
1917;1942;1.67;3.5;5.5
1918;1943;2.05;3.2;3.75
1919;1944;1.44;4.0;8.5
1920;1945;2.15;3.2;3.5
1921;1946;2.15;3.2;3.5
1922;1947;2.6;3.2;2.75
1923;1948;1.4;4.2;9.0
1924;1949;1.17;5.0;15.0
1925;1950;1.44;4.0;8.0
1926;1951;2.25;3.2;3.3
1927;1952;2.4;3.3;2.9
1928;1953;3.0;3.2;2.38
1929;1954;2.1;3.3;3.5
1930;1955;1.62;3.6;6.0
1931;1956;1.91;3.3;4.2
1932;1957;2.5;3.2;2.88
1933;1958;1.4;4.33;8.5
1934;1959;1.44;4.0;8.0
1935;1960;4.5;3.4;1.83
1936;1961;5.5;3.5;1.67
1937;1962;1.62;3.6;6.0
1938;1963;2.0;3.3;3.8
1939;1964;8.0;4.0;1.44
1940;1965;2.3;3.3;3.1
1941;1966;2.62;3.3;2.62
1942;1967;2.3;3.3;3.1
1943;1968;1.73;3.5;5.0
1944;1969;1.4;4.2;9.0
1945;1970;1.44;4.0;8.0
1946;1971;2.1;3.25;3.6
1947;1972;1.73;3.5;5.0
1948;1973;5.5;3.8;1.6
1949;1974;2.6;3.3;2.62
1950;1975;6.0;3.75;1.57
1951;1976;2.05;3.3;3.6
1952;1977;2.05;3.3;3.6
1953;1978;2.6;3.3;2.62
1954;1979;1.36;4.2;11.0
1955;1980;7.5;3.8;1.5
1956;1981;1.8;3.3;4.8
1957;1982;2.25;3.2;3.3
1958;1983;2.1;3.25;3.6
1959;1984;1.91;3.25;4.33
1960;1985;1.8;3.3;4.8
1961;1986;2.4;3.3;2.9
1962;1987;5.5;3.4;1.7
1963;1988;1.3;4.33;15.0
1964;1989;1.8;3.4;4.6
1965;1990;1.85;3.3;4.5
1966;1991;1.67;3.5;5.5
1967;1992;1.67;3.5;5.5
1968;1993;2.15;3.3;3.4
1969;1994;1.67;3.5;5.5
1970;1995;2.05;3.2;3.8
1971;1996;2.38;3.25;3.0
1972;1997;10.5;4.6;1.33
1973;1998;1.44;4.0;8.5
1974;1999;1.4;4.33;8.0
1975;2000;1.5;4.0;7.0
1976;2001;4.33;3.4;1.85
1977;2002;1.83;3.4;4.5
1978;2003;2.0;3.5;3.6
1979;2004;1.95;3.4;3.8
1980;2005;1.8;3.3;4.8
1981;2006;2.9;3.3;2.4
1982;2007;2.38;3.25;3.0
1983;2008;9.0;4.5;1.36
1984;2009;1.29;5.0;11.0
1985;2010;2.5;3.2;2.8
1986;2011;1.5;4.0;6.5
1987;2012;1.5;4.0;6.5
1988;2013;6.5;4.2;1.5
1989;2014;1.91;3.4;4.0
1990;2015;3.6;3.3;2.05
1991;2016;2.4;3.3;2.88
1992;2017;2.15;3.2;3.5
1993;2018;1.44;4.0;8.0
1994;2019;1.36;4.5;9.5
1995;2020;2.62;3.2;2.7
1996;2021;6.0;4.0;1.53
1997;2022;2.3;3.2;3.2
1998;2023;1.95;3.5;3.8
1999;2024;2.0;3.2;4.0
2000;2025;2.62;3.3;2.62
2001;2026;2.15;3.2;3.5
2002;2027;2.38;3.25;3.0
2003;2028;2.1;3.2;3.6
2004;2029;1.67;3.5;5.5
2005;2030;1.83;3.5;4.33
2006;2031;1.75;3.4;5.0
2007;2032;2.62;3.3;2.62
2008;2033;1.91;3.5;3.9
2009;2034;2.2;3.2;3.4
2010;2035;8.0;4.8;1.36
2011;2036;2.2;3.1;3.5
2012;2037;2.2;3.2;3.4
2013;2038;1.3;5.0;11.0
2014;2039;1.33;4.8;9.5
2015;2040;1.53;4.0;6.0
2016;2041;3.75;3.5;1.95
2017;2042;2.3;3.4;3.0
2018;2043;2.25;3.4;3.1
2019;2044;1.75;3.5;4.8
2020;2045;1.91;3.4;4.0
2021;2046;2.15;3.3;3.4
2022;2047;3.0;3.4;2.3
2023;2048;2.1;3.25;3.6
2024;2049;2.9;3.1;2.5
2025;2050;2.05;3.3;3.6
2026;2051;1.7;3.4;5.5
2027;2052;4.2;3.3;1.91
2028;2053;4.75;3.4;1.8
2029;2054;2.2;3.3;3.3
2030;2055;2.4;3.3;2.9
2031;2056;2.0;3.3;3.8
2032;2057;3.3;3.3;2.2
2033;2058;2.05;3.25;3.75
2034;2059;1.2;6.0;15.0
2035;2060;2.3;3.2;3.2
2036;2061;1.7;3.4;5.5
2037;2062;2.0;3.3;3.8
2038;2063;2.0;3.3;3.8
2039;2064;2.1;3.3;3.5
2040;2065;6.0;3.6;1.62
2041;2066;2.9;3.3;2.4
2042;2067;3.25;3.25;2.25
2043;2068;2.2;3.0;3.6
2044;2069;1.2;6.0;15.0
2045;2070;1.2;5.75;17.0
2046;2071;1.57;3.6;6.5
2047;2072;3.6;3.25;2.1
2048;2073;1.8;3.4;4.6
2049;2074;2.5;3.3;2.8
2050;2075;2.25;3.25;3.25
2051;2076;2.5;3.25;2.8
2052;2077;9.5;4.5;1.36
2053;2078;3.1;3.3;2.3
2054;2079;6.0;3.8;1.57
2055;2080;1.67;3.8;5.0
2056;2081;1.83;3.3;4.6
2057;2082;1.75;3.4;5.0
2058;2083;3.25;3.25;2.25
2059;2084;6.0;3.8;1.57
2060;2085;2.2;3.3;3.3
2061;2086;1.62;3.6;6.0
2062;2087;2.1;3.25;3.6
2063;2088;1.44;4.2;7.5
2064;2089;1.2;6.0;15.0
2065;2090;1.36;4.5;9.5
2066;2091;1.33;4.5;11.0
2067;2092;1.83;3.3;4.6
2068;2093;6.5;3.5;1.6
2069;2094;3.0;3.25;2.38
2070;2095;2.2;3.2;3.4
2071;2096;2.5;3.2;2.88
2072;2097;2.4;3.2;3.0
2073;2098;3.2;3.2;2.3
2074;2099;2.2;3.2;3.4
2075;2100;1.95;3.3;4.0
2076;2101;6.0;3.8;1.57
2077;2102;6.5;3.8;1.53
2078;2103;1.44;4.33;7.0
2079;2104;2.05;3.3;3.6
2080;2105;2.15;3.3;3.4
2081;2106;1.83;3.3;4.6
2082;2107;2.6;3.2;2.75
2083;2108;1.91;3.2;4.33
2084;2109;1.2;5.5;19.0
2085;2110;3.2;3.2;2.3
2086;2111;1.7;3.4;5.5
2087;2112;3.2;3.2;2.3
2088;2113;2.62;3.2;2.7
2089;2114;3.5;3.2;2.15
2090;2115;2.3;3.2;3.2
2091;2116;2.75;3.2;2.6
2092;2117;2.0;3.2;4.0
2093;2118;1.17;6.5;21.0
2094;2119;2.4;3.3;2.9
2095;2120;1.17;6.5;19.0
2096;2121;2.8;3.3;2.5
2097;2122;2.8;3.3;2.5
2098;2123;1.44;4.0;8.0
2099;2124;7.0;4.0;1.5
2100;2125;3.4;3.3;2.15
2101;2126;2.5;3.3;2.8
2102;2127;2.88;3.2;2.5
2103;2128;1.44;4.0;8.0
2104;2129;2.38;3.3;2.9
2105;2130;1.17;6.5;19.0
2106;2131;4.33;3.4;1.85
2107;2132;2.4;3.3;2.9
2108;2133;1.91;3.4;4.0
2109;2134;8.5;4.33;1.4
2110;2135;4.33;3.5;1.83
2111;2136;1.57;3.8;6.0
2112;2137;1.91;3.4;4.0
2113;2138;1.95;3.3;4.0
2114;2139;2.37;3.25;3.0
2115;2140;2.8;3.3;2.5
2116;2141;8.0;4.8;1.36
2117;2142;2.4;3.3;2.9
2118;2143;1.53;3.8;6.5
2119;2144;1.33;4.8;9.5
2120;2145;1.33;4.5;10.5
2121;2146;1.73;3.5;5.0
2122;2147;2.05;3.3;3.6
2123;2148;2.05;3.25;3.75
2124;2149;2.5;3.2;2.87
2125;2150;6.0;3.4;1.67
2126;2151;2.15;3.2;3.5
2127;2152;3.3;3.2;2.25
2128;2153;1.17;6.5;19.0
2129;2154;2.8;3.1;2.6
2130;2155;1.95;3.3;4.0
2131;2156;1.4;4.2;9.0
2132;2157;1.44;4.0;8.0
2133;2158;2.3;3.2;3.2
2134;2159;9.0;4.6;1.36
2135;2160;1.8;3.5;4.5
2136;2161;2.3;3.2;3.2
2137;2162;1.25;5.5;12.0
2138;2163;1.91;3.4;4.0
2139;2164;3.6;3.25;2.1
2140;2165;1.91;3.3;4.2
2141;2166;2.5;3.3;2.8
2142;2167;2.62;3.2;2.7
2143;2168;2.4;3.3;2.9
2144;2169;1.83;3.4;4.5
2145;2170;7.5;4.2;1.44
2146;2171;2.05;3.25;3.6
2147;2172;2.3;3.2;3.2
2148;2173;4.33;3.5;1.83
2149;2174;2.1;3.3;3.5
2150;2175;2.8;3.3;2.5
2151;2176;5.0;3.5;1.73
2152;2177;1.44;4.2;7.5
2153;2178;1.25;5.5;12.0
2154;2179;1.5;4.0;7.0
2155;2180;2.1;3.3;3.5
2156;2181;1.8;3.5;4.5
2157;2182;1.25;5.5;12.0
2158;2183;2.15;3.25;3.4
2159;2184;2.8;3.3;2.5
2160;2185;1.22;5.5;15.0
2161;2186;2.62;3.3;2.62
2162;2187;4.5;3.5;1.8
2163;2188;2.15;3.3;3.4
2164;2189;2.25;3.4;3.1
2165;2190;3.0;3.2;2.4
2166;2191;2.7;3.1;2.7
2167;2192;1.2;6.0;15.0
2168;2193;3.6;3.25;2.1
2169;2194;7.0;4.0;1.5
2170;2195;2.25;3.2;3.25
2171;2196;2.25;3.1;3.4
2172;2197;1.33;4.5;11.0
2173;2198;1.14;7.5;17.0
2174;2199;1.2;6.0;15.0
2175;2200;2.0;3.4;3.75
2176;2201;2.3;3.2;3.2
2177;2202;8.5;4.6;1.36
2178;2203;6.0;3.8;1.57
2179;2204;1.44;4.2;7.5
2180;2205;6.5;4.0;1.53
2181;2206;1.8;3.4;4.6
2182;2207;3.2;3.3;2.15
2183;2208;1.4;4.2;9.0
2184;2209;2.15;3.25;2.87
2185;2210;2.0;3.2;3.2
2186;2211;2.2;3.25;2.75
2187;2212;1.4;4.0;6.5
2188;2213;1.25;4.5;10.0
2189;2214;7.5;4.2;1.33
2190;2215;2.75;3.2;2.25
2191;2216;2.15;3.25;2.87
2192;2217;6.5;3.6;1.44
2193;2218;1.57;3.5;5.0
2194;2219;1.2;6.0;17.0
2195;2220;7.5;3.8;1.5
2196;2221;2.62;3.3;2.62
2197;2222;2.1;3.25;3.6
2198;2223;2.05;3.25;3.75
2199;2224;4.0;3.2;2.0
2200;2225;11.0;4.5;1.33
2201;2226;1.8;3.25;5.0
2202;2227;1.25;5.0;15.0
2203;2228;1.8;3.3;3.75
2204;2229;4.2;3.5;1.67
2205;2230;1.36;4.0;7.0
2206;2231;2.2;3.25;2.75
2207;2232;6.0;3.75;1.44
2208;2233;1.53;3.5;5.5
2209;2234;1.25;4.8;8.5
2210;2235;1.8;3.3;3.75
2211;2236;2.1;3.3;2.87
2212;2237;2.7;3.2;2.62
2213;2238;1.22;5.5;15.0
2214;2239;3.4;3.25;2.15
2215;2240;1.7;3.3;4.33
2216;2241;1.4;4.5;8.0
2217;2242;2.4;3.3;2.9
2218;2243;8.5;4.8;1.25
2219;2244;1.61;3.4;5.0
2220;2245;2.4;3.1;2.6
2221;2246;2.0;3.2;3.2
2222;2247;6.0;3.8;1.57
2223;2248;1.4;4.5;8.0
2224;2249;2.15;3.2;2.9
2225;2250;3.9;3.25;2.0
2226;2251;1.22;6.0;12.0
2227;2252;2.3;3.25;3.1
2228;2253;1.17;7.0;17.0
2229;2254;2.8;3.3;2.5
2230;2255;1.22;6.0;12.0
2231;2256;6.0;4.0;1.53
2232;2257;2.37;3.25;3.0
2233;2258;1.53;3.75;7.0
2234;2259;4.2;3.4;1.7
2235;2260;1.5;3.4;6.0
2236;2261;3.1;3.3;2.3
2237;2262;2.37;3.1;2.62
2238;2263;1.14;6.0;12.0
2239;2264;1.73;3.25;4.2
2240;2265;1.57;3.5;5.0
2241;2266;1.22;4.8;10.0
2242;2267;1.91;3.2;3.5
2243;2268;3.0;3.2;2.1
2244;2269;2.1;3.25;3.6
2245;2270;3.0;3.25;2.37
2246;2271;2.0;3.3;3.75
2247;2272;1.3;5.0;10.0
2248;2273;1.44;4.2;7.5
2249;2274;2.25;3.2;3.25
2250;2275;2.6;3.2;2.7
2251;2276;8.0;4.5;1.28
2252;2277;2.6;3.25;2.7
2253;2278;3.1;3.25;2.3
2254;2279;1.12;7.5;23.0
2255;2280;2.25;3.2;3.3
2256;2281;2.0;3.3;3.8
2257;2282;2.05;3.3;3.6
2258;2283;2.6;3.2;2.75
2259;2284;1.8;3.3;4.8
2260;2285;2.25;3.25;3.25
2261;2286;5.0;3.5;1.73
2262;2287;1.83;3.4;4.5
2263;2288;1.8;3.3;4.8
2264;2289;2.0;3.3;3.75
2265;2290;1.73;3.4;5.25
2266;2291;2.25;3.3;3.2
2267;2292;4.33;3.5;1.83
2268;2293;2.15;3.2;3.5
2269;2294;2.3;3.2;3.2
2270;2295;1.83;3.4;4.5
2271;2296;4.0;3.5;1.91
2272;2297;5.0;3.5;1.73
2273;2298;1.44;4.2;7.5
2274;2299;2.05;3.2;3.3
2275;2300;2.3;3.25;2.8
2276;2301;1.75;3.3;4.4
2277;2302;1.95;3.25;3.6
2278;2303;4.6;3.25;1.73
2279;2304;1.2;5.5;12.0
2280;2305;3.4;3.25;2.0
2281;2306;10.0;4.5;1.28
2282;2307;2.4;3.2;2.7
2283;2308;1.35;4.33;8.0
2284;2309;2.2;3.3;3.3
2285;2310;1.91;3.4;4.0
2286;2311;5.5;3.4;1.7
2287;2312;1.2;6.0;15.0
2288;2313;1.36;4.5;9.0
2289;2314;3.3;3.3;2.2
2290;2315;1.44;4.2;7.5
2291;2316;1.91;3.3;4.2
2292;2317;2.05;3.4;3.5
2293;2318;1.95;3.3;4.0
2294;2319;6.0;3.6;1.62
2295;2320;1.73;3.5;5.0
2296;2321;2.0;3.4;3.75
2297;2322;9.5;5.0;1.22
2298;2323;1.36;4.5;9.0
2299;2324;1.91;3.2;3.5
2300;2325;1.5;3.4;6.0
2301;2326;1.12;8.0;21.0
2302;2327;10.0;4.6;1.33
2303;2328;2.05;3.3;3.6
2304;2329;1.17;6.5;19.0
2305;2330;1.44;4.0;8.0
2306;2331;2.1;3.2;3.6
2307;2332;3.1;3.3;2.3
2308;2333;1.36;4.33;10.0
2309;2334;7.0;3.5;1.57
2310;2335;2.3;3.2;3.2
2311;2336;2.5;3.2;2.88
2312;2337;3.2;3.3;2.25
2313;2338;7.0;3.75;1.53
2314;2339;1.44;4.0;8.0
2315;2340;3.4;3.25;2.15
2316;2341;3.2;3.2;2.3
2317;2342;1.22;5.5;15.0
2318;2343;1.22;5.75;13.0
2319;2344;9.0;4.6;1.36
2320;2345;3.0;3.2;2.38
2321;2346;2.1;3.25;3.6
2322;2347;2.25;3.2;3.3
2323;2348;1.22;5.5;15.0
2324;2349;1.73;3.5;5.0
2325;2350;2.1;3.3;3.5
2326;2351;1.22;5.5;15.0
2327;2352;1.4;4.2;9.0
2328;2353;7.5;4.2;1.44
2329;2354;2.1;3.3;3.5
2330;2355;1.53;3.8;6.5
2331;2356;3.1;3.3;2.3
2332;2357;1.67;3.5;5.5
2333;2358;3.5;3.3;2.1
2334;2359;1.29;5.0;11.0
2335;2360;1.33;4.8;9.5
2336;2361;1.2;6.0;15.0
2337;2362;8.0;4.5;1.4
2338;2363;2.1;3.2;3.6
2339;2364;3.8;3.3;2.0
2340;2365;2.5;3.2;2.88
2341;2366;1.36;4.6;8.5
2342;2367;2.62;3.3;2.62
2343;2368;6.5;3.8;1.53
2344;2369;3.5;3.3;2.1
2345;2370;1.8;3.4;4.6
2346;2371;3.1;3.3;2.3
2347;2372;2.62;3.1;2.75
2348;2373;2.0;3.3;3.8
2349;2374;1.4;4.33;8.5
2350;2375;5.0;3.6;1.7
2351;2376;3.0;3.25;2.38
2352;2377;4.8;3.5;1.75
2353;2378;1.2;6.0;15.0
2354;2379;2.0;3.3;3.8
2355;2380;2.3;3.2;3.2
2356;2381;1.53;3.6;5.0
2357;2382;2.9;3.3;2.25
2358;2383;1.36;4.5;9.0
2359;2384;1.3;4.8;11.0
2360;2385;1.7;3.6;5.0
2361;2386;1.12;6.0;15.0
2362;2387;7.5;4.2;1.44
2363;2388;2.15;3.3;2.8
2364;2389;6.0;4.0;1.53
2365;2390;4.2;3.5;1.85
2366;2391;1.57;3.8;6.0
2367;2392;1.95;3.3;4.0
2368;2393;5.5;3.75;1.62
2369;2394;1.36;4.5;9.0
2370;2395;2.0;3.3;3.8
2371;2396;2.75;3.2;2.6
2372;2397;1.8;3.4;4.6
2373;2398;2.7;3.4;2.5
2374;2399;1.4;4.33;8.5
2375;2400;2.3;3.3;3.1
2376;2401;2.25;3.2;3.3
2377;2402;1.8;3.5;4.5
2378;2403;1.44;4.5;6.5
2379;2404;1.12;8.0;21.0
2380;2405;5.5;4.0;1.57
2381;2406;1.53;4.0;6.0
2382;2407;1.57;3.8;6.0
2383;2408;1.95;3.5;3.8
2384;2409;1.75;3.5;4.8
2385;2410;1.25;5.5;12.0
2386;2411;8.0;4.8;1.36
2387;2412;3.6;3.3;2.05
2388;2413;2.4;3.3;2.9
2389;2414;1.83;3.6;4.2
2390;2415;1.5;4.1;6.5
2391;2416;3.5;3.4;2.05
2392;2417;2.25;3.25;3.2
2393;2418;4.0;3.6;1.85
2394;2419;2.3;3.2;3.2
2395;2420;1.29;5.5;10.0
2396;2421;1.1;9.0;21.0
2397;2422;7.0;4.0;1.5
2398;2423;2.2;3.25;3.3
2399;2424;1.53;4.0;6.0
2400;2425;1.17;7.0;15.0
2401;2426;1.11;8.5;21.0
2402;2427;4.33;3.5;1.83
2403;2428;6.0;4.0;1.53
2404;2429;2.15;3.2;3.5
2405;2430;1.33;4.6;10.0
2406;2431;1.73;3.4;5.25
2407;2432;1.75;3.3;5.25
2408;2433;2.1;3.25;3.6
2409;2434;2.2;3.2;3.4
2410;2435;7.0;3.75;1.53
2411;2436;6.0;3.8;1.57
2412;2437;2.38;3.1;3.1
2413;2438;1.14;7.0;21.0
2414;2439;1.17;6.5;17.0
2415;2440;1.75;3.3;5.25
2416;2441;3.1;3.3;2.3
2417;2442;2.9;3.3;2.4
2418;2443;1.85;3.3;4.5
2419;2444;2.62;3.2;2.7
2420;2445;3.4;3.2;2.2
2421;2446;2.5;3.2;2.88
2422;2447;9.0;4.6;1.36
2423;2448;2.25;3.2;3.25
2424;2449;1.62;3.75;5.5
2425;2450;1.22;5.5;15.0
2426;2451;6.5;3.8;1.53
2427;2452;1.4;4.2;9.0
2428;2453;1.8;3.4;4.6
2429;2454;2.5;3.2;2.88
2430;2455;2.05;3.25;3.75
2431;2456;2.38;3.25;3.0
2432;2457;2.88;3.2;2.5
2433;2458;1.44;4.2;7.5
2434;2459;1.14;7.0;19.0
2435;2460;1.33;4.8;9.0
2436;2461;10.0;5.0;1.3
2437;2462;1.7;3.6;5.0
2438;2463;9.0;4.5;1.36
2439;2464;4.0;3.3;1.95
2440;2465;1.4;4.33;8.0
2441;2466;7.5;3.75;1.5
2442;2467;3.1;3.3;2.25
2443;2468;2.2;3.3;3.25
2444;2469;1.17;5.5;12.0
2445;2470;1.91;3.25;3.4
2446;2471;2.0;3.2;3.2
2447;2472;1.53;3.5;5.5
2448;2473;2.1;3.1;3.1
2449;2474;2.1;3.2;3.0
2450;2475;4.0;3.4;1.91
2451;2476;2.62;3.2;2.3
2452;2477;2.62;3.3;2.62
2453;2478;1.2;5.0;11.0
2454;2479;2.15;3.3;3.4
2455;2480;1.2;5.0;11.0
2456;2481;1.62;3.75;5.5
2457;2482;1.44;4.0;8.0
2458;2483;1.75;3.4;5.0
2459;2484;4.6;3.4;1.8
2460;2485;4.6;3.4;1.8
2461;2486;5.0;3.5;1.73
2462;2487;4.6;3.4;1.8
2463;2488;1.17;7.0;17.0
2464;2489;1.91;3.25;4.33
2465;2490;2.88;3.2;2.5
2466;2491;2.15;3.2;3.5
2467;2492;1.17;6.5;19.0
2468;2493;2.5;3.2;2.88
2469;2494;1.22;6.0;13.0
2470;2495;2.15;3.2;3.5
2471;2496;2.38;3.25;3.0
2472;2497;2.3;3.2;3.2
2473;2498;1.75;3.4;5.0
2474;2499;1.62;3.75;5.5
2475;2500;1.17;7.0;15.0
2476;2501;1.83;3.5;4.33
2477;2502;1.57;3.5;7.0
2478;2503;2.15;3.3;3.4
2479;2504;5.0;3.5;1.73
2480;2505;7.5;4.2;1.44
2481;2506;1.83;3.4;4.5
2482;2507;3.2;3.3;2.25
2483;2508;2.75;3.3;2.5
2484;2509;1.25;5.0;15.0
2485;2510;1.3;5.0;11.0
2486;2511;3.75;3.1;2.1
2487;2512;2.15;3.1;3.6
2488;2513;1.83;3.4;4.5
2489;2514;2.2;3.1;3.5
2490;2515;1.95;3.3;4.0
2491;2516;3.0;3.0;2.5
2492;2517;3.5;3.2;2.15
2493;2518;4.5;3.4;1.83
2494;2519;1.57;3.8;6.0
2495;2520;2.38;3.3;2.9
2496;2521;6.0;3.75;1.57
2497;2522;2.05;3.25;3.75
2498;2523;4.8;3.6;1.73
2499;2524;1.62;3.75;5.5
2500;2525;1.62;3.75;5.5
2501;2526;1.95;3.3;4.0
2502;2527;2.7;3.1;2.7
2503;2528;1.22;5.5;15.0
2504;2529;1.62;3.6;6.0
2505;2530;1.91;3.4;4.0
2506;2531;4.5;3.3;1.85
2507;2532;3.3;3.2;2.25
2508;2533;1.91;3.3;4.2
2509;2534;1.44;4.33;7.0
2510;2535;2.4;3.2;3.0
2511;2536;3.6;3.1;2.15
2512;2537;2.6;3.25;2.7
2513;2538;1.22;5.5;15.0
2514;2539;1.22;5.5;15.0
2515;2540;1.62;4.0;5.0
2516;2541;1.57;3.6;6.5
2517;2542;2.62;3.1;2.8
2518;2543;2.3;3.1;3.2
2519;2544;3.0;3.25;2.38
2520;2545;4.4;3.6;1.8
2521;2546;2.1;3.5;3.25
2522;2547;2.05;3.3;3.6
2523;2548;2.4;3.4;2.8
2524;2549;1.3;5.0;11.0
2525;2550;2.0;3.2;4.0
2526;2551;2.1;3.3;3.5
2527;2552;3.5;3.3;2.1
2528;2553;1.62;3.6;6.0
2529;2554;5.0;3.3;1.8
2530;2555;2.5;3.1;2.9
2531;2556;2.1;3.1;3.8
2532;2557;1.62;3.6;6.0
2533;2558;3.75;3.1;2.1
2534;2559;1.3;5.0;11.0
2535;2560;1.62;3.6;6.0
2536;2561;1.83;3.5;4.33
2537;2562;1.57;3.6;6.5
2538;2563;1.8;3.6;4.33
2539;2564;3.3;3.4;2.15
2540;2565;2.3;3.3;3.1
2541;2566;9.0;4.5;1.36
2542;2567;2.7;3.1;2.7
2543;2568;1.4;4.2;9.0
2544;2569;2.0;3.4;3.75
2545;2570;2.88;3.3;2.4
2546;2571;4.33;3.5;1.83
2547;2572;2.05;3.4;3.5
2548;2573;1.44;4.2;7.5
2549;2574;3.5;3.25;2.1
2550;2575;2.4;3.2;3.0
2551;2576;2.2;3.2;3.4
2552;2577;2.1;3.3;3.5
2553;2578;1.62;3.75;5.5
2554;2579;1.3;5.0;11.0
2555;2580;1.57;3.8;6.0
2556;2581;2.2;3.2;3.4
2557;2582;1.75;3.5;4.8
2558;2583;1.83;3.4;4.5
2559;2584;2.5;3.1;2.9
2560;2585;1.91;3.2;4.5
2561;2586;4.0;3.75;1.85
2562;2587;3.1;3.2;2.3
2563;2588;2.2;3.25;3.3
2564;2589;1.29;5.0;11.0
2565;2590;2.6;3.1;2.8
2566;2591;3.1;3.25;2.3
2567;2592;1.57;3.6;6.5
2568;2593;3.1;3.2;2.3
2569;2594;2.15;3.1;3.6
2570;2595;2.3;3.2;3.1
2571;2596;1.95;3.2;4.2
2572;2597;2.1;3.3;3.5
2573;2598;3.8;3.6;1.91
2574;2599;1.17;7.0;17.0
2575;2600;2.25;3.2;3.3
2576;2601;1.5;3.75;7.5
2577;2602;3.1;3.1;2.4
2578;2603;2.4;3.1;3.1
2579;2604;6.0;3.6;1.62
2580;2605;2.3;3.2;3.1
2581;2606;2.5;3.1;2.9
2582;2607;3.3;3.2;2.25
2583;2608;12.0;5.5;1.25
2584;2609;1.33;4.5;11.0
2585;2610;1.62;3.75;5.5
2586;2611;1.53;3.8;6.5
2587;2612;3.2;3.2;2.25
2588;2613;1.44;4.2;7.5
2589;2614;6.5;3.8;1.53
2590;2615;1.91;3.3;4.2
2591;2616;1.91;3.3;4.2
2592;2617;6.5;3.8;1.53
2593;2618;1.29;5.0;11.0
2594;2619;1.73;3.5;5.0
2595;2620;1.85;3.4;4.4
2596;2621;1.44;4.33;7.0
2597;2622;2.0;3.4;3.75
2598;2623;1.3;5.0;11.0
2599;2624;5.0;3.75;1.67
2600;2625;6.0;4.0;1.53
2601;2626;2.7;3.1;2.75
2602;2627;2.5;3.25;2.88
2603;2628;1.25;5.0;15.0
2604;2629;1.29;5.5;10.0
2605;2630;1.91;3.6;3.8
2606;2631;8.5;4.33;1.4
2607;2632;1.7;3.6;5.0
2608;2633;2.38;3.2;3.0
2609;2634;2.1;3.3;3.5
2610;2635;2.62;3.25;2.62
2611;2636;1.91;3.5;4.0
2612;2637;3.4;3.3;2.15
2613;2638;2.2;3.2;3.4
2614;2639;2.15;3.25;3.5
2615;2640;2.15;3.25;3.5
2616;2641;2.8;3.3;2.5
2617;2642;5.5;4.0;1.57
2618;2643;1.35;4.8;9.0
2619;2644;2.5;3.2;2.88
2620;2645;1.73;3.8;4.33
2621;2646;2.15;3.25;3.5
2622;2647;2.5;3.2;2.88
2623;2648;1.29;5.5;10.0
2624;2649;1.22;5.5;15.0
2625;2650;1.22;6.0;13.0
2626;2651;3.4;3.3;2.15
2627;2652;1.53;3.8;6.5
2628;2653;3.4;3.4;2.1
2629;2654;3.2;3.0;2.38
2630;2655;2.3;3.2;3.2
2631;2656;2.25;3.1;3.4
2632;2657;6.0;3.4;1.67
2633;2658;2.5;3.2;2.8
2634;2659;1.33;5.0;8.5
2635;2660;1.5;4.0;7.0
2636;2661;5.5;3.6;1.67
2637;2662;4.33;3.5;1.85
2638;2663;1.83;3.6;4.2
2639;2664;1.75;3.75;4.5
2640;2665;2.38;3.4;2.88
2641;2666;1.6;3.75;6.0
2642;2667;3.1;3.3;2.3
2643;2668;2.1;3.25;3.6
2644;2669;1.62;3.6;6.0
2645;2670;2.1;3.2;3.6
2646;2671;2.0;3.2;4.0
2647;2672;1.5;4.0;6.5
2648;2673;5.5;3.5;1.67
2649;2674;1.44;4.0;8.0
2650;2675;8.0;4.0;1.44
2651;2676;2.2;3.1;3.5
2652;2677;2.62;3.0;2.9
2653;2678;1.62;3.6;6.0
2654;2679;1.73;3.75;4.5
2655;2680;1.25;6.0;10.0
2656;2681;1.36;4.5;9.0
2657;2682;2.8;3.3;2.5
2658;2683;2.05;3.4;3.5
2659;2684;4.5;3.5;1.8
2660;2685;2.5;3.2;2.88
2661;2686;2.7;3.2;2.6
2662;2687;1.95;3.5;3.75
2663;2688;3.1;3.5;2.2
2664;2689;2.8;3.3;2.5
2665;2690;3.4;3.1;2.25
2666;2691;1.8;3.5;4.5
2667;2692;1.8;3.25;5.0
2668;2693;2.15;3.1;3.6
2669;2694;1.57;3.6;6.5
2670;2695;1.91;3.3;4.2
2671;2696;2.0;3.2;4.0
2672;2697;6.0;3.6;1.6
2673;2698;1.22;6.0;13.0
2674;2699;1.5;4.2;6.5
2675;2700;2.88;3.2;2.5
2676;2701;2.25;3.2;3.3
2677;2702;2.6;3.2;2.75
2678;2703;1.4;4.5;8.0
2679;2704;2.9;3.25;2.45
2680;2705;1.67;3.6;5.5
2681;2706;2.4;3.1;3.1
2682;2707;2.25;3.3;3.2
2683;2708;9.0;5.5;1.3
2684;2709;1.12;8.0;21.0
2685;2710;1.2;6.0;15.0
2686;2711;4.2;3.5;1.83
2687;2712;1.25;5.5;12.0
2688;2713;2.5;3.2;2.88
2689;2714;2.4;3.2;3.0
2690;2715;6.0;3.8;1.57
2691;2716;2.1;3.2;3.6
2692;2717;3.2;3.2;2.3
2693;2718;1.1;9.5;21.0
2694;2719;1.4;4.6;7.5
2695;2720;2.62;3.1;2.8
2696;2721;1.57;4.0;5.5
2697;2722;1.91;3.5;4.0
2698;2723;2.05;3.25;3.8
2699;2724;1.83;3.8;4.0
2700;2725;4.2;3.75;1.8
2701;2726;2.25;3.2;3.3
2702;2727;2.1;3.25;3.6
2703;2728;1.62;3.6;6.0
2704;2729;1.25;5.5;12.0
2705;2730;4.2;3.6;1.83
2706;2731;1.83;3.6;4.2
2707;2732;1.95;3.5;3.8
2708;2733;1.53;4.0;6.0
2709;2734;1.57;3.75;6.0
2710;2735;2.6;3.25;2.7
2711;2736;3.0;3.2;2.4
2712;2737;5.5;3.3;1.73
2713;2738;2.9;3.3;2.38
2714;2739;1.5;3.75;7.5
2715;2740;2.5;3.2;2.88
2716;2741;2.3;3.2;3.2
2717;2742;1.8;3.25;5.0
2718;2743;1.83;3.6;4.2
2719;2744;2.62;3.0;2.9
2720;2745;2.05;3.1;4.0
2721;2746;2.25;3.2;3.2
2722;2747;7.0;5.0;1.4
2723;2748;1.25;5.0;15.0
2724;2749;2.3;3.3;3.1
2725;2750;1.8;3.1;5.5
2726;2751;2.38;3.2;3.0
2727;2752;1.73;3.3;5.5
2728;2753;5.0;3.6;1.7
2729;2754;1.95;3.3;4.0
2730;2755;1.83;3.5;4.33
2731;2756;2.3;3.1;3.3
2732;2757;5.5;3.3;1.73
2733;2758;1.83;3.5;4.33
2734;2759;1.5;3.75;8.0
2735;2760;1.5;3.75;8.0
2736;2761;2.15;3.2;3.5
2737;2762;1.62;3.6;6.0
2738;2763;1.91;3.5;4.0
2739;2764;2.5;3.2;2.9
2740;2765;3.5;3.2;2.15
2741;2766;4.5;3.5;1.8
2742;2767;2.8;3.3;2.5
2743;2768;1.25;5.5;12.0
2744;2769;2.45;3.25;2.9
2745;2770;1.5;4.2;6.5
2746;2771;2.6;3.0;2.9
2747;2772;1.4;4.75;7.5
2748;2773;2.05;3.4;3.6
2749;2774;2.15;3.25;3.5
2750;2775;2.25;3.4;3.1
2751;2776;2.62;3.6;2.5
2752;2777;2.75;3.2;2.6
2753;2778;1.5;4.2;6.5
2754;2779;2.4;3.0;3.25
2755;2780;1.33;5.0;9.0
2756;2781;2.05;3.4;3.6
2757;2782;1.75;3.75;4.5
2758;2783;2.8;3.0;2.7
2759;2784;2.0;3.2;4.0
2760;2785;2.2;3.2;3.4
2761;2786;2.8;3.2;2.5
2762;2787;1.83;3.4;4.5
2763;2788;5.0;3.5;1.73
2764;2789;1.4;4.5;8.0
2765;2790;1.8;3.5;4.5
2766;2791;2.5;3.3;2.75
2767;2792;1.4;4.33;8.5
2768;2793;5.0;3.4;1.75
2769;2794;2.3;3.1;3.3
2770;2795;2.7;3.1;2.7
2771;2796;2.2;3.5;3.1
2772;2797;2.15;3.3;3.4
2773;2798;1.25;5.0;15.0
2774;2799;1.57;3.8;5.0
2775;2800;1.53;3.6;5.0
2776;2801;1.95;3.3;3.25
2777;2802;2.62;3.2;2.3
2778;2803;2.62;3.2;2.3
2779;2804;1.91;3.3;3.3
2780;2805;2.0;3.1;3.3
2781;2806;3.5;3.4;1.95
2782;2807;4.33;3.5;1.73
2783;2808;2.7;3.2;2.3
2784;2809;1.2;6.0;15.0
2785;2810;9.0;5.0;1.33
2786;2811;4.2;3.3;1.91
2787;2812;1.57;4.0;5.5
2788;2813;1.33;5.0;9.0
2789;2814;1.83;3.4;4.5
2790;2815;3.3;3.25;2.2
2791;2816;3.5;3.4;2.05
2792;2817;2.5;3.25;2.8
2793;2818;2.5;3.25;2.8
2794;2819;1.67;3.5;5.5
2795;2820;5.5;3.5;1.67
2796;2821;1.44;4.2;8.5
2797;2822;1.8;3.5;4.5
2798;2823;1.62;3.75;5.5
2799;2824;2.05;3.3;3.6
2800;2825;2.25;3.25;3.2
2801;2826;1.95;3.3;4.0
2802;2827;4.8;3.6;1.73
2803;2828;1.1;9.0;21.0
2804;2829;1.22;6.0;13.0
2805;2830;1.44;4.2;7.5
2806;2831;3.4;3.4;2.1
2807;2832;1.95;3.4;4.0
2808;2833;3.4;3.2;2.2
2809;2834;2.8;3.1;2.6
2810;2835;2.7;3.1;2.7
2811;2836;1.83;3.4;4.5
2812;2837;7.0;4.0;1.5
2813;2838;3.0;3.2;2.38
2814;2839;1.3;5.0;11.0
2815;2840;5.0;3.5;1.73
2816;2841;1.95;3.4;3.8
2817;2842;2.38;3.2;3.0
2818;2843;1.4;4.5;8.0
2819;2844;2.7;3.1;2.7
2820;2845;2.2;3.2;3.4
2821;2846;2.3;3.2;3.2
2822;2847;2.25;3.2;3.3
2823;2848;1.73;3.75;4.5
2824;2849;1.29;5.0;11.0
2825;2850;1.33;4.75;10.0
2826;2851;5.0;3.5;1.73
2827;2852;2.4;3.2;3.0
2828;2853;1.83;3.4;4.5
2829;2854;2.25;3.25;3.2
2830;2855;2.15;3.25;3.4
2831;2856;2.88;3.2;2.5
2832;2857;2.25;3.2;3.3
2833;2858;5.5;3.75;1.62
2834;2859;1.67;3.5;5.5
2835;2860;2.4;3.1;3.1
2836;2861;2.05;3.2;3.8
2837;2862;2.4;3.2;3.0
2838;2863;2.5;3.0;3.0
2839;2864;1.91;3.4;4.0
2840;2865;2.2;3.2;3.4
2841;2866;5.0;3.5;1.73
2842;2867;2.5;3.0;3.0
2843;2868;1.14;7.0;21.0
2844;2869;2.2;3.1;3.5
2845;2870;2.2;3.2;3.4
2846;2871;1.57;3.75;6.5
2847;2872;1.3;4.5;13.0
2848;2873;3.75;3.2;2.05
2849;2874;2.4;3.1;3.1
2850;2875;5.5;3.4;1.7
2851;2876;1.5;3.75;5.5
2852;2877;7.0;3.75;1.53
2853;2878;2.2;3.2;3.4
2854;2879;1.67;3.5;5.5
2855;2880;4.5;3.4;1.83
2856;2881;1.18;6.5;15.0
2857;2882;2.0;3.2;4.0
2858;2883;2.2;3.1;3.5
2859;2884;2.25;3.2;3.3
2860;2885;2.15;3.2;3.5
2861;2886;1.4;4.5;8.0
2862;2887;3.75;3.1;2.1
2863;2888;2.9;3.1;2.5
2864;2889;1.44;4.2;8.0
2865;2890;1.91;3.3;4.2
2866;2891;7.0;4.0;1.5
2867;2892;2.5;3.2;2.8
2868;2893;3.2;3.2;2.3
2869;2894;1.36;4.33;10.0
2870;2895;1.25;5.5;13.0
2871;2896;2.38;3.2;3.0
2872;2897;8.0;4.5;1.4
2873;2898;2.0;3.1;4.2
2874;2899;1.91;3.1;4.5
2875;2900;1.62;3.8;5.5
2876;2901;1.3;5.5;9.5
2877;2902;5.5;3.4;1.7
2878;2903;1.75;3.6;4.75
2879;2904;2.38;3.25;3.0
2880;2905;8.0;4.0;1.44
2881;2906;1.55;4.33;5.5
2882;2907;2.0;3.4;3.75
2883;2908;2.45;3.3;2.9
2884;2909;1.5;4.2;6.5
2885;2910;2.9;3.4;2.38
2886;2911;1.25;6.0;11.0
2887;2912;2.8;3.4;2.45
2888;2913;1.4;4.75;7.5
2889;2914;2.15;3.5;3.25
2890;2915;1.8;3.5;4.5
2891;2916;1.7;3.75;4.8
2892;2917;2.25;3.3;3.2
2893;2918;4.0;3.75;1.85
2894;2919;5.0;3.4;1.75
2895;2920;2.25;3.25;3.25
2896;2921;1.73;3.5;5.0
2897;2922;3.3;3.2;2.25
2898;2923;1.2;6.0;15.0
2899;2924;3.5;3.2;2.15
2900;2925;2.3;3.2;3.2
2901;2926;1.33;4.8;9.0
2902;2927;6.0;3.8;1.57
2903;2928;2.38;3.25;3.0
2904;2929;1.53;3.8;5.5
2905;2930;2.4;3.2;2.7
2906;2931;2.38;3.2;2.75
2907;2932;1.3;4.5;9.5
2908;2933;1.2;6.0;11.0
2909;2934;2.38;3.3;2.7
2910;2935;3.4;3.3;2.0
2911;2936;1.83;3.3;4.0
2912;2937;2.5;3.1;2.7
2913;2938;1.67;3.5;4.8
2914;2939;4.0;3.4;1.91
2915;2940;2.25;3.5;3.0
2916;2941;1.62;4.0;5.0
2917;2942;1.65;3.8;5.0
2918;2943;1.7;3.8;4.8
2919;2944;1.8;3.5;4.5
2920;2945;7.0;4.0;1.5
2921;2946;1.4;4.75;7.5
2922;2947;7.5;4.75;1.4
2923;2948;2.5;3.3;2.8
2924;2949;2.38;3.3;2.9
2925;2950;2.5;3.4;2.7
2926;2951;7.0;4.0;1.5
2927;2952;2.1;3.4;3.4
2928;2953;4.75;3.6;1.73
2929;2954;2.1;3.6;3.3
2930;2955;1.57;3.75;6.0
2931;2956;5.0;3.75;1.67
2932;2957;1.22;6.0;12.0
2933;2958;1.91;3.4;4.0
2934;2959;1.22;6.0;12.0
2935;2960;2.38;3.4;2.88
2936;2961;1.3;5.0;11.0
2937;2962;1.25;5.5;12.0
2938;2963;1.17;6.5;19.0
2939;2964;4.33;3.6;1.8
2940;2965;1.91;3.4;4.0
2941;2966;2.5;3.1;2.9
2942;2967;2.05;3.25;3.75
2943;2968;7.0;4.33;1.44
2944;2969;1.29;5.0;12.0
2945;2970;2.3;3.2;3.2
2946;2971;1.3;5.0;11.0
2947;2972;1.53;4.0;6.0
2948;2973;1.14;7.0;21.0
2949;2974;2.5;3.4;2.7
2950;2975;1.73;3.5;5.0
2951;2976;6.0;3.75;1.57
2952;2977;5.5;3.5;1.7
2953;2978;2.62;3.2;2.7
2954;2979;2.6;3.2;2.75
2955;2980;1.75;3.2;5.5
2956;2981;4.4;3.6;1.8
2957;2982;1.33;4.8;10.0
2958;2983;1.55;4.0;6.0
2959;2984;1.67;4.0;4.75
2960;2985;2.5;3.2;2.88
2961;2986;2.2;3.1;3.5
2962;2987;2.15;3.25;3.5
2963;2988;2.25;3.2;3.3
2964;2989;1.8;3.2;4.0
2965;2990;2.45;3.2;2.5
2966;2991;1.53;3.75;7.0
2967;2992;3.6;3.3;1.85
2968;2993;1.8;3.5;4.5
2969;2994;5.0;3.5;1.73
2970;2995;2.0;3.2;3.25
2971;2996;1.36;4.8;8.5
2972;2997;2.62;3.1;2.75
2973;2998;5.0;3.75;1.53
2974;2999;2.5;3.1;2.9
2975;3000;2.8;3.2;2.5
2976;3001;1.44;4.0;8.0
2977;3002;1.44;4.0;8.0
2978;3003;1.17;6.5;19.0
2979;3004;1.83;3.2;4.8
2980;3005;4.5;3.5;1.8
2981;3006;1.3;5.0;11.0
2982;3007;2.1;3.2;3.6
2983;3008;9.5;3.75;1.44
2984;3009;2.9;2.9;2.62
2985;3010;6.0;3.4;1.67
2986;3011;1.57;3.5;7.0
2987;3012;2.05;3.3;3.6
2988;3013;1.91;3.2;4.33
2989;3014;5.5;3.75;1.62
2990;3015;2.1;3.2;3.6
2991;3016;2.0;3.3;3.8
2992;3017;1.91;3.2;4.33
2993;3018;2.62;3.2;2.7
2994;3019;5.0;3.5;1.73
2995;3020;1.3;5.0;10.0
2996;3021;1.85;3.3;4.5
2997;3022;3.75;3.3;2.0
2998;3023;1.2;6.0;15.0
2999;3024;4.8;3.75;1.7
3000;3025;1.85;3.3;4.5
3001;3026;2.62;3.2;2.7
3002;3027;4.5;3.3;1.85
3003;3028;1.91;3.3;4.2
3004;3029;1.29;4.5;8.0
3005;3030;2.2;3.1;2.88
3006;3031;2.1;3.2;3.0
3007;3032;1.29;4.5;8.0
3008;3033;2.0;3.2;3.2
3009;3034;1.95;3.2;3.3
3010;3035;1.91;3.2;3.5
3011;3036;2.05;3.1;3.25
3012;3037;2.1;3.2;3.0
3013;3038;3.1;3.1;2.1
3014;3039;4.8;3.75;1.7
3015;3040;2.38;3.4;2.9
3016;3041;2.05;3.6;3.4
3017;3042;3.1;3.3;2.3
3018;3043;2.0;3.4;3.8
3019;3044;1.91;3.5;4.0
3020;3045;3.6;3.4;2.05
3021;3046;1.83;3.6;4.2
3022;3047;1.5;4.2;6.5
3023;3048;2.5;3.3;2.8
3024;3049;2.4;3.5;2.8
3025;3050;1.3;5.0;10.0
3026;3051;1.8;3.25;5.0
3027;3052;1.17;7.5;15.0
3028;3053;1.6;3.75;6.0
3029;3054;6.0;4.2;1.53
3030;3055;2.7;3.2;2.62
3031;3056;2.1;3.25;3.6
3032;3057;2.4;3.25;2.9
3033;3058;2.8;3.0;2.7
3034;3059;2.4;3.2;3.0
3035;3060;1.67;3.4;6.0
3036;3061;2.1;3.1;3.8
3037;3062;1.14;7.0;21.0
3038;3063;2.2;3.1;3.5
3039;3064;3.0;3.2;2.4
3040;3065;1.91;3.2;4.33
3041;3066;3.0;3.2;2.4
3042;3067;4.0;3.2;2.0
3043;3068;2.5;3.1;2.9
3044;3069;1.44;4.33;7.0
3045;3070;2.5;3.1;2.9
3046;3071;2.38;3.2;3.0
3047;3072;1.36;4.5;9.0
3048;3073;2.75;3.2;2.6
3049;3074;1.29;5.5;10.0
3050;3075;1.83;3.5;4.33
3051;3076;4.0;3.2;2.0
3052;3077;6.0;3.75;1.57
3053;3078;2.3;3.3;3.1
3054;3079;1.91;3.4;4.0
3055;3080;2.4;3.3;2.9
3056;3081;3.0;3.2;2.4
3057;3082;1.91;3.2;4.5
3058;3083;1.91;3.4;4.0
3059;3084;1.85;3.3;4.5
3060;3085;4.5;3.5;1.8
3061;3086;1.44;4.0;8.0
3062;3087;2.7;3.1;2.7
3063;3088;9.0;4.5;1.36
3064;3089;2.1;3.2;3.6
3065;3090;3.0;3.2;2.4
3066;3091;1.22;6.0;13.0
3067;3092;1.44;4.0;8.0
3068;3093;1.53;3.75;7.0
3069;3094;2.15;3.2;3.5
3070;3095;2.5;3.1;2.9
3071;3096;2.9;3.1;2.5
3072;3097;2.15;3.1;3.6
3073;3098;2.4;3.2;3.0
3074;3099;1.36;4.33;10.0
3075;3100;2.5;3.2;2.8
3076;3101;1.91;3.3;4.33
3077;3102;1.33;4.5;11.0
3078;3103;1.25;5.5;12.0
3079;3104;1.8;3.3;5.0
3080;3105;6.0;3.4;1.67
3081;3106;2.05;3.25;3.75
3082;3107;2.1;3.2;3.6
3083;3108;2.4;3.1;3.1
3084;3109;4.5;3.4;1.85
3085;3110;7.5;4.75;1.4
3086;3111;1.8;3.5;4.5
3087;3112;1.73;3.75;4.5
3088;3113;1.22;6.0;13.0
3089;3114;2.9;3.4;2.38
3090;3115;5.5;3.75;1.62
3091;3116;1.4;4.33;8.5
3092;3117;2.62;3.1;2.75
3093;3118;2.3;3.5;2.88
3094;3119;2.5;3.0;3.0
3095;3120;2.62;3.1;2.8
3096;3121;1.29;5.0;12.0
3097;3122;1.44;4.33;7.0
3098;3123;1.2;6.0;15.0
3099;3124;2.9;3.1;2.5
3100;3125;1.62;4.0;5.0
3101;3126;3.4;3.2;2.2
3102;3127;2.4;3.2;3.0
3103;3128;2.0;3.2;4.0
3104;3129;2.25;3.1;3.4
3105;3130;3.2;3.2;2.0
3106;3131;1.83;3.3;4.6
3107;3132;3.4;3.2;2.2
3108;3133;1.25;5.0;15.0
3109;3134;1.53;4.0;6.0
3110;3135;2.15;3.3;3.4
3111;3136;1.3;5.5;9.0
3112;3137;9.0;4.5;1.36
3113;3138;7.0;4.0;1.5
3114;3139;1.29;5.0;11.0
3115;3140;4.0;3.75;1.85
3116;3141;1.53;4.0;6.0
3117;3142;1.6;4.0;5.5
3118;3143;1.25;5.5;12.0
3119;3144;5.5;4.0;1.57
3120;3145;2.75;3.2;2.6
3121;3146;1.55;3.75;6.5
3122;3147;2.05;3.4;3.5
3123;3148;2.25;3.2;3.3
3124;3149;2.0;3.5;3.6
3125;3150;2.4;3.2;3.0
3126;3151;2.1;3.4;3.4
3127;3152;2.25;3.4;3.1
3128;3153;1.91;3.5;4.0
3129;3154;1.44;4.2;7.5
3130;3155;1.3;5.0;11.0
3131;3156;1.7;3.6;5.0
3132;3157;3.8;3.5;1.95
3133;3158;12.0;6.0;1.22
3134;3159;1.33;5.0;8.5
3135;3160;1.8;3.5;4.6
3136;3161;2.2;3.3;3.25
3137;3162;3.6;3.5;2.0
3138;3163;4.0;3.5;1.91
3139;3164;1.91;3.4;4.0
3140;3165;1.53;4.0;6.0
3141;3166;1.4;5.0;6.5
3142;3167;2.1;3.4;3.4
3143;3168;2.8;3.3;2.5
3144;3169;1.25;5.0;15.0
3145;3170;4.33;3.2;1.91
3146;3171;2.5;3.1;2.9
3147;3172;2.1;3.1;3.75
3148;3173;1.91;3.2;4.33
3149;3174;2.15;3.2;3.5
3150;3175;1.2;5.5;19.0
3151;3176;4.5;3.75;1.73
3152;3177;1.91;3.2;4.33
3153;3178;5.0;3.5;1.73
3154;3179;1.3;5.0;11.0
3155;3180;2.2;3.3;3.3
3156;3181;1.14;7.0;21.0
3157;3182;2.25;3.2;3.3
3158;3183;2.4;3.3;2.9
3159;3184;7.0;4.33;1.44
3160;3185;3.4;3.3;2.15
3161;3186;1.4;4.2;9.0
3162;3187;5.0;3.6;1.7
3163;3188;1.62;3.6;6.0
3164;3189;1.36;4.8;8.5
3165;3190;7.0;4.4;1.44
3166;3191;2.0;3.3;3.8
3167;3192;1.67;3.6;5.5
3168;3193;1.18;6.5;17.0
3169;3194;2.5;3.3;2.8
3170;3195;2.4;3.2;3.0
3171;3196;3.3;3.2;2.25
3172;3197;5.0;3.6;1.7
3173;3198;2.9;3.3;2.45
3174;3199;2.0;3.1;4.2
3175;3200;4.2;3.25;1.91
3176;3201;1.83;3.1;5.0
3177;3202;1.53;3.6;7.5
3178;3203;6.0;3.6;1.62
3179;3204;1.85;3.3;4.5
3180;3205;2.38;3.1;3.1
3181;3206;2.8;2.9;2.8
3182;3207;2.7;3.0;2.8
3183;3208;1.95;3.2;4.2
3184;3209;1.44;4.2;7.5
3185;3210;1.22;5.5;15.0
3186;3211;1.4;4.5;8.0
3187;3212;1.44;4.0;8.5
3188;3213;1.91;3.2;4.5
3189;3214;2.6;3.1;2.8
3190;3215;2.4;3.1;3.1
3191;3216;5.5;4.0;1.57
3192;3217;2.4;3.2;3.0
3193;3218;3.8;3.3;2.0
3194;3219;1.6;3.75;6.0
3195;3220;5.0;4.2;1.62
3196;3221;6.0;4.0;1.55
3197;3222;2.9;3.25;2.45
3198;3223;2.0;3.4;3.8
3199;3224;1.18;7.5;12.0
3200;3225;2.25;3.3;3.2
3201;3226;2.7;3.1;2.7
3202;3227;2.15;3.5;3.2
3203;3228;2.38;3.25;3.0
3204;3229;1.44;4.33;7.0
3205;3230;1.36;4.75;8.5
3206;3231;3.2;3.1;2.5
3207;3232;1.33;5.0;8.5
3208;3233;2.8;3.5;2.4
3209;3234;2.15;3.3;3.4
3210;3235;1.85;3.5;4.33
3211;3236;2.15;3.2;3.6
3212;3237;2.05;3.4;3.6
3213;3238;2.3;3.3;3.1
3214;3239;1.57;3.75;6.0
3215;3240;2.0;3.3;3.75
3216;3241;3.75;3.6;1.91
3217;3242;2.3;3.2;3.2
3218;3243;2.4;3.0;3.2
3219;3244;1.33;4.75;9.0
3220;3245;2.1;3.3;3.5
3221;3246;1.62;3.75;5.5
3222;3247;8.5;4.75;1.36
3223;3248;2.0;3.3;3.75
3224;3249;1.44;4.0;8.0
3225;3250;4.33;3.3;1.91
3226;3251;1.85;3.3;4.5
3227;3252;1.2;6.0;15.0
3228;3253;2.7;3.0;2.8
3229;3254;2.0;3.3;3.8
3230;3255;2.4;3.3;2.9
3231;3256;3.8;3.3;2.0
3232;3257;2.3;3.2;3.2
3233;3258;5.5;3.6;1.67
3234;3259;2.62;3.4;2.6
3235;3260;1.55;4.0;6.0
3236;3261;1.67;4.0;4.8
3237;3262;2.6;3.2;2.75
3238;3263;1.83;3.6;4.2
3239;3264;2.0;3.25;4.0
3240;3265;4.2;3.75;1.8
3241;3266;1.44;4.33;7.0
3242;3267;1.75;3.4;5.0
3243;3268;4.8;3.8;1.7
3244;3269;1.57;3.5;7.0
3245;3270;7.0;4.0;1.5
3246;3271;2.0;3.2;4.0
3247;3272;1.5;3.75;7.5
3248;3273;1.62;3.75;5.5
3249;3274;2.05;3.1;4.0
3250;3275;2.3;3.1;3.3
3251;3276;2.5;3.2;2.88
3252;3277;2.0;3.2;4.0
3253;3278;2.4;3.1;3.1
3254;3279;1.95;3.4;4.0
3255;3280;1.73;3.6;5.0
3256;3281;1.44;4.33;7.5
3257;3282;1.22;6.0;13.0
3258;3283;1.95;3.4;4.0
3259;3284;8.0;4.5;1.4
3260;3285;1.95;3.4;4.0
3261;3286;4.5;3.4;1.83
3262;3287;4.0;3.3;1.95
3263;3288;2.05;3.25;3.8
3264;3289;5.0;3.4;1.75
3265;3290;2.62;3.1;2.8
3266;3291;1.53;4.0;6.0
3267;3292;1.2;6.0;17.0
3268;3293;2.3;3.3;3.1
3269;3294;2.25;3.1;3.4
3270;3295;2.5;3.2;2.8
3271;3296;3.4;3.3;2.15
3272;3297;1.7;3.4;5.5
3273;3298;1.95;3.3;4.0
3274;3299;2.0;3.2;4.0
3275;3300;1.25;5.5;12.0
3276;3301;2.1;3.25;3.5
3277;3302;2.0;3.2;4.0
3278;3303;2.25;3.2;3.2
3279;3304;2.3;3.25;3.1
3280;3305;2.4;3.3;2.9
3281;3306;6.0;4.0;1.53
3282;3307;1.5;4.0;7.0
3283;3308;2.5;3.2;2.8
3284;3309;1.5;4.0;7.0
3285;3310;3.0;3.0;2.5
3286;3311;1.44;4.0;8.0
3287;3312;1.57;3.8;6.0
3288;3313;2.05;3.2;3.75
3289;3314;2.05;3.2;3.8
3290;3315;2.05;3.25;3.75
3291;3316;8.0;4.0;1.44
3292;3317;2.1;3.3;3.5
3293;3318;3.8;3.3;2.0
3294;3319;1.57;3.8;6.0
3295;3320;2.5;3.2;2.8
3296;3321;1.95;3.5;3.6
3297;3322;1.95;3.5;3.8
3298;3323;2.3;3.0;3.4
3299;3324;1.95;3.3;4.0
3300;3325;4.8;3.4;1.8
3301;3326;1.85;3.3;4.5
3302;3327;3.0;3.0;2.5
3303;3328;2.45;3.1;3.0
3304;3329;1.25;5.5;12.0
3305;3330;1.33;4.75;8.5
3306;3331;1.2;6.0;12.0
3307;3332;5.5;3.6;1.62
3308;3333;2.1;3.4;3.25
3309;3334;2.45;3.4;2.8
3310;3335;4.6;3.8;1.67
3311;3336;2.9;3.2;2.38
3312;3337;1.62;3.8;5.0
3313;3338;2.0;3.5;3.6
3314;3339;1.36;4.5;9.0
3315;3340;1.57;3.5;7.0
3316;3341;1.17;6.5;21.0
3317;3342;2.15;3.1;3.6
3318;3343;2.1;3.2;3.6
3319;3344;5.0;3.6;1.7
3320;3345;1.62;3.4;6.5
3321;3346;2.0;3.3;3.8
3322;3347;2.9;3.3;2.4
3323;3348;5.0;3.4;1.75
3324;3349;1.44;4.2;7.5
3325;3350;3.75;3.2;2.05
3326;3351;1.5;4.2;6.5
3327;3352;1.85;3.3;4.5
3328;3353;1.25;5.5;13.0
3329;3354;6.0;3.6;1.62
3330;3355;2.25;3.1;3.4
3331;3356;3.0;3.0;2.5
3332;3357;3.4;3.1;2.25
3333;3358;7.5;3.4;1.57
3334;3359;2.88;3.2;2.5
3335;3360;1.5;4.2;6.5
3336;3361;2.9;3.4;2.38
3337;3362;1.35;4.8;9.0
3338;3363;2.38;3.4;2.9
3339;3364;2.15;3.5;3.25
3340;3365;3.3;3.3;2.2
3341;3366;2.0;3.2;4.0
3342;3367;2.1;3.4;3.5
3343;3368;1.55;4.0;6.0
3344;3369;1.44;4.0;8.0
3345;3370;2.4;3.1;3.1
3346;3371;2.8;3.1;2.6
3347;3372;2.15;3.2;3.5
3348;3373;1.33;4.8;10.0
3349;3374;6.0;3.6;1.6
3350;3375;4.0;3.2;2.0
3351;3376;2.7;3.2;2.62
3352;3377;1.85;3.1;5.0
3353;3378;3.6;3.1;2.15
3354;3379;1.22;5.5;15.0
3355;3380;1.4;4.0;9.5
3356;3381;1.33;4.33;12.0
3357;3382;3.0;3.2;2.4
3358;3383;5.0;3.6;1.7
3359;3384;1.6;3.6;6.0
3360;3385;1.36;4.33;10.0
3361;3386;2.0;3.3;3.75
3362;3387;2.15;3.1;3.6
3363;3388;6.0;3.75;1.57
3364;3389;2.7;3.0;2.8
3365;3390;2.62;3.1;2.8
3366;3391;1.62;3.6;6.0
3367;3392;2.05;3.2;3.8
3368;3393;1.95;3.3;4.0
3369;3394;2.25;3.25;3.25
3370;3395;4.5;3.2;1.91
3371;3396;3.0;3.0;2.5
3372;3397;4.33;3.0;2.0
3373;3398;2.4;3.1;3.1
3374;3399;1.95;3.3;4.0
3375;3400;1.36;4.5;9.0
3376;3401;1.29;5.0;11.0
3377;3402;1.73;3.5;5.0
3378;3403;4.0;3.2;2.0
3379;3404;2.25;3.2;3.3
3380;3405;3.0;3.0;2.5
3381;3406;1.75;3.4;5.0
3382;3407;2.1;3.1;3.8
3383;3408;2.15;3.1;3.6
3384;3409;2.4;3.1;3.1
3385;3410;2.75;3.0;2.7
3386;3411;1.25;6.0;11.0
3387;3412;4.5;3.3;1.85
3388;3413;7.0;4.0;1.5
3389;3414;7.0;4.0;1.5
3390;3415;2.2;3.1;3.6
3391;3416;2.5;3.0;3.0
3392;3417;1.6;4.2;5.0
3393;3418;2.2;3.2;3.4
3394;3419;1.44;3.8;9.0
3395;3420;1.4;4.2;9.0
3396;3421;5.5;3.6;1.67
3397;3422;1.85;3.5;4.2
3398;3423;4.0;3.2;2.0
3399;3424;2.0;3.2;4.0
3400;3425;2.38;3.0;2.9
3401;3426;3.3;3.3;2.2
3402;3427;2.45;3.1;3.0
3403;3428;2.25;3.1;3.4
3404;3429;2.7;3.0;2.8
3405;3430;1.36;4.5;9.0
3406;3431;1.4;4.5;8.0
3407;3432;1.8;3.25;5.0
3408;3433;2.3;3.2;3.2
3409;3434;5.5;3.6;1.67
3410;3435;1.95;3.1;4.5
3411;3436;4.2;3.3;1.91
3412;3437;1.91;3.3;4.2
3413;3438;1.7;3.4;5.5
3414;3439;1.33;4.5;11.0
3415;3440;2.25;3.0;3.5
3416;3441;1.57;4.0;5.5
3417;3442;1.95;3.1;4.33
3418;3443;2.2;3.1;3.5
3419;3444;3.6;3.1;2.15
3420;3445;7.0;3.5;1.57
3421;3446;2.62;3.1;2.8
3422;3447;2.05;3.2;3.75
3423;3448;3.5;3.1;2.2
3424;3449;6.0;4.33;1.5
3425;3450;1.44;4.0;8.0
3426;3451;1.4;4.5;8.0
3427;3452;1.36;4.33;10.0
3428;3453;1.85;3.3;4.5
3429;3454;2.1;3.3;3.5
3430;3455;2.4;3.1;3.1
3431;3456;2.1;3.5;3.3
3432;3457;2.3;3.4;3.0
3433;3458;4.5;3.4;1.83
3434;3459;1.75;3.75;4.5
3435;3460;4.5;3.5;1.8
3436;3461;1.95;3.3;4.0
3437;3462;1.22;6.0;12.0
3438;3463;1.83;3.1;5.0
3439;3464;2.5;3.1;2.9
3440;3465;2.3;3.1;3.3
3441;3466;2.5;3.1;2.9
3442;3467;2.4;3.1;3.1
3443;3468;5.5;3.5;1.67
3444;3469;1.29;5.5;10.0
3445;3470;2.05;3.4;3.6
3446;3471;1.2;7.0;11.0
3447;3472;1.67;3.8;5.0
3448;3473;5.0;4.2;1.6
3449;3474;2.15;3.25;3.5
3450;3475;1.4;5.0;7.0
3451;3476;2.9;3.4;2.38
3452;3477;2.4;3.4;2.88
3453;3478;2.25;3.2;3.3
3454;3479;2.3;3.1;3.2
3455;3480;1.4;4.0;10.0
3456;3481;3.75;3.1;2.1
3457;3482;1.18;7.5;12.0
3458;3483;4.0;3.3;1.95
3459;3484;2.5;3.1;2.9
3460;3485;2.1;3.1;3.75
3461;3486;3.4;3.1;2.25
3462;3487;1.53;3.6;7.5
3463;3488;2.38;3.1;3.1
3464;3489;1.25;5.5;12.0
3465;3490;4.8;3.5;1.75
3466;3491;1.57;3.5;7.0
3467;3492;2.0;3.2;4.0
3468;3493;1.33;4.8;10.0
3469;3494;3.5;3.1;2.2
3470;3495;6.0;3.3;1.67
3471;3496;3.1;3.1;2.38
3472;3497;2.3;3.2;3.2
3473;3498;1.95;3.2;4.2
3474;3499;1.33;4.5;11.0
3475;3500;1.36;5.0;8.0
3476;3501;2.3;3.0;3.4
3477;3502;2.05;3.4;3.6
3478;3503;2.7;3.1;2.7
3479;3504;2.4;3.1;3.1
3480;3505;3.3;3.2;2.25
3481;3506;2.15;3.2;3.5
3482;3507;2.2;3.2;3.4
3483;3508;4.0;3.3;1.95
3484;3509;1.25;5.5;13.0
3485;3510;2.3;3.1;3.3
3486;3511;1.95;3.3;4.0
3487;3512;1.44;4.33;7.0
3488;3513;1.36;4.6;9.0
3489;3514;1.95;3.1;4.33
3490;3515;7.0;4.0;1.5
3491;3516;1.95;3.2;4.2
3492;3517;6.5;3.4;1.62
3493;3518;1.8;3.5;4.5
3494;3519;4.5;3.5;1.8
3495;3520;2.2;3.3;3.25
3496;3521;1.29;5.5;9.5
3497;3522;1.75;3.4;5.0
3498;3523;2.3;3.2;3.2
3499;3524;3.2;3.2;2.3
3500;3525;2.4;3.1;3.1
3501;3526;3.2;3.2;2.3
3502;3527;2.3;3.2;3.2
3503;3528;2.3;3.2;3.2
3504;3529;2.25;3.2;3.2
3505;3530;2.3;3.2;3.2
3506;3531;1.36;4.5;9.0
3507;3532;1.53;3.75;7.0
3508;3533;1.29;5.0;12.0
3509;3534;3.0;3.0;2.5
3510;3535;2.6;3.1;2.8
3511;3536;1.91;3.1;4.5
3512;3537;2.15;3.1;3.6
3513;3538;3.5;3.3;2.1
3514;3539;1.73;3.5;5.0
3515;3540;1.95;3.2;4.2
3516;3541;2.25;3.0;3.5
3517;3542;2.6;3.0;2.9
3518;3543;8.0;4.0;1.44
3519;3544;2.15;3.0;3.75
3520;3545;5.0;3.25;1.8
3521;3546;1.5;3.75;7.5
3522;3547;2.4;3.2;3.0
3523;3548;2.4;3.1;3.1
3524;3549;1.4;4.33;8.5
3525;3550;4.5;3.3;1.85
3526;3551;1.53;4.0;6.0
3527;3552;3.5;3.3;2.1
3528;3553;1.33;4.8;10.0
3529;3554;2.25;3.2;3.3
3530;3555;3.0;3.2;2.38
3531;3556;5.5;4.0;1.57
3532;3557;4.2;3.3;1.91
3533;3558;2.8;2.8;2.9
3534;3559;1.73;3.6;4.8
3535;3560;1.25;5.5;12.0
3536;3561;1.33;5.0;9.0
3537;3562;5.5;4.33;1.53
3538;3563;1.8;3.25;5.0
3539;3564;1.8;3.6;4.33
3540;3565;1.3;5.0;11.0
3541;3566;4.33;3.5;1.83
3542;3567;1.7;3.4;5.5
3543;3568;2.15;3.3;3.4
3544;3569;1.4;4.0;10.0
3545;3570;2.4;3.1;3.1
3546;3571;1.8;3.2;5.0
3547;3572;2.15;3.1;3.6
3548;3573;1.29;5.0;12.0
3549;3574;2.5;3.1;2.9
3550;3575;4.5;3.1;1.91
3551;3576;3.75;3.1;2.1
3552;3577;5.5;3.2;1.75
3553;3578;3.2;3.1;2.3
3554;3579;1.4;4.0;10.0
3555;3580;2.8;2.88;2.8
3556;3581;1.8;3.5;4.5
3557;3582;1.85;3.3;4.5
3558;3583;2.5;3.0;3.0
3559;3584;3.0;3.1;2.45
3560;3585;1.53;4.0;6.0
3561;3586;1.85;3.3;4.5
3562;3587;2.25;3.1;3.4
3563;3588;2.5;3.0;3.0
3564;3589;2.25;3.1;3.4
3565;3590;2.5;3.0;3.0
3566;3591;1.44;4.2;7.5
3567;3592;4.5;3.1;1.91
3568;3593;1.62;3.6;6.0
3569;3594;4.8;3.2;1.83
3570;3595;2.15;3.1;3.6
3571;3596;3.0;3.0;2.5
3572;3597;1.95;3.1;4.33
3573;3598;2.1;3.1;3.75
3574;3599;1.25;5.0;15.0
3575;3600;1.53;3.75;7.0
3576;3601;1.3;5.0;11.0
3577;3602;4.33;3.1;1.95
3578;3603;2.7;3.1;2.7
3579;3604;2.05;3.1;4.0
3580;3605;1.5;3.6;8.0
3581;3606;1.91;3.2;4.33
3582;3607;4.0;3.2;2.0
3583;3608;4.0;3.1;2.05
3584;3609;1.85;3.3;4.5
3585;3610;1.4;4.2;9.0
3586;3611;1.33;4.5;11.0
3587;3612;6.0;3.8;1.57
3588;3613;3.2;3.2;2.3
3589;3614;2.62;3.0;2.9
3590;3615;2.15;3.2;3.5
3591;3616;2.7;3.0;2.8
3592;3617;5.0;3.4;1.75
3593;3618;1.91;3.4;4.0
3594;3619;1.33;4.5;9.0
3595;3620;1.91;3.2;4.0
3596;3621;2.3;3.3;2.9
3597;3622;2.6;3.2;2.6
3598;3623;1.22;6.0;10.0
3599;3624;2.0;3.3;3.6
3600;3625;2.7;3.2;2.5
3601;3626;4.0;3.4;1.83
3602;3627;1.91;3.3;3.9
3603;3628;2.25;3.2;3.1
3604;3629;1.36;4.8;8.5
3605;3630;1.2;6.0;15.0
3606;3631;4.75;3.6;1.75
3607;3632;1.36;4.6;9.0
3608;3633;1.29;5.5;10.0
3609;3634;3.1;3.3;2.3
3610;3635;2.2;3.3;3.3
3611;3636;4.0;3.4;1.91
3612;3637;2.25;3.3;3.2
3613;3638;1.95;3.5;3.8
3614;3639;2.3;3.0;3.4
3615;3640;3.4;3.0;2.3
3616;3641;2.5;3.0;3.0
3617;3642;6.5;3.4;1.62
3618;3643;2.2;3.3;3.3
3619;3644;1.2;6.0;15.0
3620;3645;6.0;3.4;1.67
3621;3646;3.1;3.1;2.4
3622;3647;1.57;3.75;6.0
3623;3648;2.25;3.2;3.3
3624;3649;2.05;3.1;4.0
3625;3650;1.3;5.0;11.0
3626;3651;6.0;3.6;1.62
3627;3652;1.25;5.0;15.0
3628;3653;2.15;3.5;3.25
3629;3654;2.62;3.1;2.8
3630;3655;1.6;3.6;6.5
3631;3656;7.5;4.75;1.4
3632;3657;1.95;3.4;4.0
3633;3658;1.57;3.8;6.0
3634;3659;1.67;3.3;6.0
3635;3660;6.0;3.4;1.67
3636;3661;3.0;2.9;2.62
3637;3662;3.1;3.1;2.4
3638;3663;1.83;3.2;5.0
3639;3664;1.73;3.3;5.5
3640;3665;1.83;3.2;5.0
3641;3666;2.15;3.0;3.8
3642;3667;2.15;3.1;3.6
3643;3668;6.0;3.6;1.62
3644;3669;2.0;3.3;3.8
3645;3670;6.0;3.4;1.67
3646;3671;1.57;3.8;6.0
3647;3672;1.62;3.4;6.5
3648;3673;5.5;3.8;1.62
3649;3674;1.3;5.0;11.0
3650;3675;2.05;3.1;4.0
3651;3676;2.0;3.3;3.8
3652;3677;2.7;3.1;2.7
3653;3678;1.95;3.1;4.5
3654;3679;1.2;6.0;15.0
3655;3680;1.29;5.0;12.0
3656;3681;1.75;3.4;5.0
3657;3682;1.67;3.8;5.0
3658;3683;2.1;3.3;3.5
3659;3684;6.5;3.8;1.53
3660;3685;2.15;3.4;3.3
3661;3686;6.0;3.6;1.62
3662;3687;5.5;3.4;1.7
3663;3688;3.1;3.1;2.4
3664;3689;1.73;3.5;5.0
3665;3690;2.7;3.1;2.7
3666;3691;2.75;2.9;2.8
3667;3692;1.3;5.0;11.0
3668;3693;1.53;3.8;6.5
3669;3694;5.0;3.4;1.75
3670;3695;6.0;3.6;1.62
3671;3696;4.33;3.2;1.91
3672;3697;1.75;3.4;5.0
3673;3698;1.83;3.2;5.0
3674;3699;5.5;3.1;1.8
3675;3700;2.75;3.0;2.75
3676;3701;1.2;5.5;21.0
3677;3702;1.4;3.8;11.0
3678;3703;2.3;3.0;3.4
3679;3704;1.83;3.2;4.8
3680;3705;2.5;3.0;3.0
3681;3706;2.75;3.0;2.7
3682;3707;2.5;3.0;3.0
3683;3708;2.0;3.2;4.0
3684;3709;2.4;3.1;3.1
3685;3710;3.1;3.1;2.4
3686;3711;8.0;4.5;1.4
3687;3712;1.22;5.5;15.0
3688;3713;1.36;4.5;9.0
3689;3714;2.6;3.1;2.8
3690;3715;2.3;3.1;3.3
3691;3716;2.1;3.1;3.75
3692;3717;2.9;3.1;2.5
3693;3718;1.95;3.2;4.2
3694;3719;1.91;3.2;4.5
3695;3720;3.2;3.2;2.3
3696;3721;1.33;4.8;10.0
3697;3722;1.4;4.5;8.0
3698;3723;6.0;3.75;1.57
3699;3724;1.8;3.5;4.5
3700;3725;1.8;3.5;4.5
3701;3726;2.05;3.3;3.6
3702;3727;1.53;4.0;6.0
3703;3728;6.0;3.6;1.62
3704;3729;2.8;3.1;2.62
3705;3730;2.3;3.1;3.3
3706;3731;2.2;3.1;3.5
3707;3732;1.83;3.4;4.5
3708;3733;2.05;3.2;3.8
3709;3734;1.12;8.0;23.0
3710;3735;4.0;3.2;2.0
3711;3736;6.5;3.75;1.57
3712;3737;1.5;3.8;7.5
3713;3738;2.4;3.0;3.2
3714;3739;3.75;3.6;1.95
3715;3740;7.5;4.5;1.4
3716;3741;1.55;4.0;6.0
3717;3742;3.4;3.5;2.1
3718;3743;2.4;3.1;3.1
3719;3744;2.4;3.5;2.8
3720;3745;2.2;3.3;3.3
3721;3746;1.67;3.6;5.5
3722;3747;1.85;3.3;4.6
3723;3748;1.65;4.0;5.0
3724;3749;1.18;6.0;13.0
3725;3750;2.3;3.0;3.1
3726;3751;2.38;3.3;2.75
3727;3752;1.22;6.0;9.5
3728;3753;1.8;3.6;4.8
3729;3754;3.5;3.3;2.0
3730;3755;3.6;3.2;2.0
3731;3756;2.05;3.25;3.4
3732;3757;5.0;4.2;1.53
3733;3758;2.38;3.3;2.75
3734;3759;6.0;3.6;1.62
3735;3760;2.0;3.3;3.8
3736;3761;1.4;4.0;10.0
3737;3762;2.2;3.1;3.5
3738;3763;6.0;3.6;1.62
3739;3764;1.53;3.75;7.0
3740;3765;5.5;3.3;1.73
3741;3766;1.85;3.3;4.5
3742;3767;6.0;3.4;1.67
3743;3768;1.4;4.0;10.0
3744;3769;1.22;5.5;15.0
3745;3770;1.75;3.6;4.75
3746;3771;2.3;3.0;3.4
3747;3772;1.2;6.5;13.0
3748;3773;1.14;6.5;26.0
3749;3774;2.4;3.1;3.1
3750;3775;3.0;3.0;2.5
3751;3776;3.1;3.1;2.4
3752;3777;3.2;3.2;2.3
3753;3778;3.0;3.0;2.5
3754;3779;2.62;3.1;2.8
3755;3780;2.5;3.0;3.0
3756;3781;1.85;3.3;4.5
3757;3782;1.25;5.0;15.0
3758;3783;2.7;3.0;2.8
3759;3784;4.0;3.4;1.91
3760;3785;2.1;3.2;3.6
3761;3786;1.75;3.5;5.0
3762;3787;1.2;6.0;17.0
3763;3788;3.6;3.5;2.0
3764;3789;1.22;5.5;15.0
3765;3790;2.3;3.1;3.3
3766;3791;1.53;3.75;7.0
3767;3792;3.3;3.2;2.25
3768;3793;4.0;3.1;2.05
3769;3794;1.85;3.3;4.5
3770;3795;1.95;3.3;4.0
3771;3796;7.0;3.5;1.57
3772;3797;6.0;3.4;1.67
3773;3798;2.8;3.1;2.62
3774;3799;2.6;3.1;2.8
3775;3800;2.15;3.0;3.75
3776;3801;1.25;5.0;15.0
3777;3802;2.2;3.1;3.5
3778;3803;1.22;5.0;21.0
3779;3804;10.0;4.33;1.36
3780;3805;1.53;3.6;7.5
3781;3806;2.15;3.0;3.75
3782;3807;1.85;3.2;4.8
3783;3808;2.15;3.0;3.75
3784;3809;2.15;3.1;3.6
3785;3810;2.5;3.1;2.9
3786;3811;2.8;3.1;2.6
3787;3812;2.7;3.1;2.7
3788;3813;7.0;4.0;1.5
3789;3814;2.05;3.2;3.75
3790;3815;1.4;4.2;9.0
3791;3816;7.0;4.33;1.44
3792;3817;1.14;7.5;17.0
3793;3818;3.2;3.1;2.38
3794;3819;1.33;4.5;11.0
3795;3820;2.7;3.1;2.7
3796;3821;1.6;3.4;7.0
3797;3822;6.0;3.6;1.62
3798;3823;1.3;5.0;11.0
3799;3824;1.2;6.0;15.0
3800;3825;2.15;3.1;3.6
3801;3826;3.5;3.3;2.1
3802;3827;1.8;3.5;4.5
3803;3828;3.0;3.0;2.5
3804;3829;2.15;3.2;3.5
3805;3830;1.57;3.5;7.0
3806;3831;8.0;4.0;1.44
3807;3832;2.4;3.1;3.1
3808;3833;3.4;3.3;2.15
3809;3834;3.75;3.1;2.1
3810;3835;6.0;3.1;1.73
3811;3836;1.95;3.0;4.5
3812;3837;1.83;3.1;5.0
3813;3838;1.36;4.2;11.0
3814;3839;1.6;3.75;6.0
3815;3840;2.4;3.1;3.1
3816;3841;1.6;3.4;7.0
3817;3842;3.5;3.1;2.2
3818;3843;1.17;7.0;15.0
3819;3844;1.14;7.5;19.0
3820;3845;3.3;3.2;2.25
3821;3846;2.3;3.1;3.3
3822;3847;4.8;3.2;1.83
3823;3848;2.3;3.1;3.3
3824;3849;2.1;3.3;3.5
3825;3850;3.2;3.3;2.25
3826;3851;1.3;5.5;9.5
3827;3852;2.45;3.25;2.9
3828;3853;2.6;3.2;2.8
3829;3854;1.17;7.0;17.0
3830;3855;2.05;3.5;3.5
3831;3856;2.8;3.3;2.5
3832;3857;2.5;3.4;2.75
3833;3858;1.95;3.4;4.0
3834;3859;1.95;3.2;4.2
3835;3860;7.0;3.75;1.53
3836;3861;1.36;4.33;10.0
3837;3862;2.8;3.2;2.5
3838;3863;6.0;3.8;1.57
3839;3864;2.5;3.0;3.0
3840;3865;1.62;3.6;6.0
3841;3866;2.3;3.0;3.4
3842;3867;2.15;3.1;3.6
3843;3868;3.2;3.0;2.4
3844;3869;2.2;3.2;3.4
3845;3870;8.0;4.5;1.4
3846;3871;1.91;3.1;4.5
3847;3872;1.67;3.4;6.0
3848;3873;2.25;3.0;3.5
3849;3874;1.17;6.5;17.0
3850;3875;1.91;3.1;4.5
3851;3876;2.25;3.0;3.5
3852;3877;2.25;3.0;3.5
3853;3878;4.5;3.1;1.91
3854;3879;3.6;3.2;2.1
3855;3880;10.0;3.75;1.44
3856;3881;5.0;3.1;1.83
3857;3882;1.44;4.33;7.0
3858;3883;1.44;4.2;8.0
3859;3884;1.75;3.25;5.5
3860;3885;2.2;3.1;3.5
3861;3886;2.3;3.1;3.3
3862;3887;1.75;3.25;5.5
3863;3888;1.85;3.3;4.5
3864;3889;2.0;3.25;4.0
3865;3890;2.45;3.0;3.1
3866;3891;1.29;5.0;12.0
3867;3892;2.5;3.1;3.0
3868;3893;2.7;3.1;2.7
3869;3894;1.33;5.0;9.0
3870;3895;4.0;3.25;2.0
3871;3896;2.45;3.0;3.1
3872;3897;1.6;3.75;6.0
3873;3898;8.0;4.5;1.4
3874;3899;1.44;4.0;8.0
3875;3900;2.15;3.2;3.5
3876;3901;2.2;3.2;3.4
3877;3902;2.5;3.1;2.9
3878;3903;1.36;4.8;9.0
3879;3904;1.5;4.0;7.0
3880;3905;2.15;3.2;3.5
3881;3906;5.0;3.25;1.8
3882;3907;5.0;3.2;1.83
3883;3908;3.1;3.1;2.4
3884;3909;3.3;3.3;2.2
3885;3910;2.45;3.25;2.9
3886;3911;1.2;6.0;15.0
3887;3912;2.38;3.4;2.9
3888;3913;4.4;3.6;1.8
3889;3914;1.2;7.0;12.0
3890;3915;2.62;3.4;2.6
3891;3916;8.0;5.0;1.36
3892;3917;1.53;4.2;6.0
3893;3918;2.25;3.2;3.3
3894;3919;1.3;5.0;11.0
3895;3920;8.0;4.0;1.44
3896;3921;2.25;3.25;3.25
3897;3922;1.7;3.6;5.0
3898;3923;1.36;4.8;8.5
3899;3924;2.88;3.4;2.4
3900;3925;3.2;3.2;2.3
3901;3926;1.91;3.3;4.2
3902;3927;1.67;3.6;5.5
3903;3928;1.91;3.5;4.0
3904;3929;1.29;5.0;12.0
3905;3930;2.5;3.0;3.0
3906;3931;1.22;5.5;15.0
3907;3932;8.0;4.5;1.4
3908;3933;5.0;3.4;1.75
3909;3934;1.4;4.5;8.0
3910;3935;2.05;3.3;3.6
3911;3936;2.38;3.1;3.1
3912;3937;2.5;3.0;3.0
3913;3938;4.2;3.3;1.91
3914;3939;8.0;4.0;1.44
3915;3940;2.62;3.1;2.8
3916;3941;3.8;3.2;2.05
3917;3942;1.22;6.0;12.0
3918;3943;1.17;7.0;15.0
3919;3944;4.33;3.4;1.85
3920;3945;2.62;3.1;2.8
3921;3946;2.3;3.2;3.2
3922;3947;1.5;3.8;7.5
3923;3948;2.1;3.25;3.6
3924;3949;2.2;3.1;3.5
3925;3950;3.4;3.1;2.4
3926;3951;2.2;3.1;3.5
3927;3952;2.5;3.0;3.0
3928;3953;1.25;6.0;15.0
3929;3954;1.85;3.4;4.5
3930;3955;6.0;3.2;1.7
3931;3956;6.0;3.2;1.7
3932;3957;3.2;3.3;2.25
3933;3958;1.5;3.6;8.5
3934;3959;1.4;4.5;10.0
3935;3960;4.5;3.2;1.91
3936;3961;1.33;5.0;12.0
3937;3962;3.2;3.2;2.3
3938;3963;1.62;3.6;6.0
3939;3964;2.25;3.2;3.6
3940;3965;1.83;3.2;5.0
3941;3966;2.4;3.3;3.2
3942;3967;2.1;3.0;4.0
3943;3968;3.1;3.1;2.4
3944;3969;6.5;3.6;1.57
3945;3970;1.67;3.75;6.0
3946;3971;2.1;3.2;3.6
3947;3972;2.4;3.1;3.1
3948;3973;1.3;5.0;11.0
3949;3974;1.5;3.75;7.5
3950;3975;2.0;3.25;4.33
3951;3976;5.5;3.5;1.75
3952;3977;3.3;3.2;2.4
3953;3978;2.8;3.0;2.9
3954;3979;2.4;3.1;3.1
3955;3980;2.4;3.1;3.1
3956;3981;2.5;3.0;3.0
3957;3982;1.22;5.5;15.0
3958;3983;1.67;3.5;5.5
3959;3984;6.5;3.8;1.62
3960;3985;2.1;3.1;3.75
3961;3986;5.5;3.5;1.67
3962;3987;1.44;4.0;8.0
3963;3988;4.8;3.75;1.8
3964;3989;1.3;5.0;11.0
3965;3990;3.75;3.2;2.05
3966;3991;1.25;5.0;15.0
3967;3992;2.75;3.0;2.75
3968;3993;1.44;4.0;8.0
3969;3994;1.57;3.75;6.0
3970;3995;4.2;3.6;1.83
3971;3996;2.38;3.1;3.1
3972;3997;1.55;4.0;6.0
3973;3998;5.5;3.3;1.73
3974;3999;3.4;3.0;2.3
3975;4000;2.4;3.0;3.2
3976;4001;9.0;4.5;1.36
3977;4002;1.44;4.5;6.5
3978;4003;1.36;4.33;10.0
3979;4004;2.25;3.1;3.4
3980;4005;1.65;3.4;6.0
3981;4006;2.9;3.0;2.62
3982;4007;1.44;4.0;8.0
3983;4008;1.75;3.4;5.0
3984;4009;1.25;5.5;12.0
3985;4010;9.0;4.2;1.4
3986;4011;3.1;3.1;2.4
3987;4012;1.36;4.5;9.0
3988;4013;1.36;4.5;9.0
3989;4014;5.0;3.75;1.67
3990;4015;2.6;3.0;2.9
3991;4016;1.95;3.2;4.2
3992;4017;2.3;3.1;3.3
3993;4018;3.75;3.3;2.05
3994;4019;1.29;5.0;12.0
3995;4020;3.8;3.1;2.1
3996;4021;1.17;6.5;19.0
3997;4022;2.15;3.1;3.6
3998;4023;1.75;3.25;5.5
3999;4024;3.75;3.1;2.1
4000;4025;2.38;3.2;3.1
4001;4026;1.91;3.3;4.2
4002;4027;3.8;3.2;2.05
4003;4028;2.4;3.1;3.1
4004;4029;2.6;3.0;2.9
4005;4030;3.4;3.0;2.3
4006;4031;1.33;4.8;10.0
4007;4032;7.0;4.0;1.5
4008;4033;1.44;4.0;8.0
4009;4034;3.8;3.2;2.05
4010;4035;3.5;3.1;2.2
4011;4036;1.7;3.4;5.5
4012;4037;2.3;3.1;3.3
4013;4038;1.75;3.4;5.0
4014;4039;2.2;3.0;3.6
4015;4040;5.0;3.2;1.8
4016;4041;1.25;5.0;15.0
4017;4042;4.5;3.0;1.95
4018;4043;1.91;3.0;4.8
4019;4044;3.6;2.87;2.25
4020;4045;2.15;2.9;4.0
4021;4046;1.4;4.33;9.0
4022;4047;1.91;3.1;4.5
4023;4048;1.73;3.1;6.0
4024;4049;2.2;3.1;3.5
4025;4050;1.73;3.5;5.0
4026;4051;1.33;5.0;9.0
4027;4052;2.38;3.1;3.2
4028;4053;3.2;3.0;2.38
4029;4054;8.0;4.5;1.4
4030;4055;1.83;3.4;4.5
4031;4056;2.38;3.0;3.2
4032;4057;4.5;3.3;1.85
4033;4058;2.2;3.1;3.5
4034;4059;1.8;3.4;4.6
4035;4060;2.8;3.0;2.75
4036;4061;3.75;3.1;2.1
4037;4062;1.5;3.6;8.0
4038;4063;1.75;3.4;5.0
4039;4064;2.15;3.1;3.8
4040;4065;2.5;3.0;3.0
4041;4066;1.4;4.2;9.0
4042;4067;1.55;3.6;7.0
4043;4068;6.5;3.8;1.53
4044;4069;2.4;3.1;3.1
4045;4070;2.45;3.1;3.1
4046;4071;1.53;4.0;6.0
4047;4072;1.53;4.0;6.0
4048;4073;6.5;4.0;1.55
4049;4074;2.1;3.25;3.6
4050;4075;2.8;3.25;2.7
4051;4076;4.0;3.2;2.0
4052;4077;1.62;3.6;6.0
4053;4078;2.4;3.1;3.1
4054;4079;1.44;4.0;8.0
4055;4080;5.0;3.4;1.75
4056;4081;1.2;6.0;15.0
4057;4082;2.62;3.0;2.9
4058;4083;1.44;4.0;8.0
4059;4084;6.0;4.33;1.5
4060;4085;1.85;3.3;4.5
4061;4086;2.9;3.0;2.62
4062;4087;2.5;3.0;3.0
4063;4088;2.15;3.1;3.6
4064;4089;6.0;3.6;1.62
4065;4090;2.8;3.1;2.6
4066;4091;2.8;3.1;2.62
4067;4092;1.3;5.0;11.0
4068;4093;2.1;3.2;3.6
4069;4094;2.5;3.2;2.8
4070;4095;2.5;3.2;2.8
4071;4096;6.0;3.4;1.67
4072;4097;1.5;4.0;7.0
4073;4098;1.73;3.5;5.0
4074;4099;1.28;5.0;11.0
4075;4100;4.2;3.75;1.8
4076;4101;1.33;5.0;9.0
4077;4102;3.5;3.1;2.2
4078;4103;1.8;3.5;4.5
4079;4104;3.75;3.1;2.1
4080;4105;1.4;4.33;8.0
4081;4106;2.05;3.2;3.75
4082;4107;1.73;3.5;5.0
4083;4108;7.0;4.0;1.5
4084;4109;2.4;3.1;3.1
4085;4110;2.25;3.2;3.3
4086;4111;1.73;3.5;5.0
4087;4112;1.17;6.5;19.0
4088;4113;2.8;3.1;2.62
4089;4114;2.4;3.1;3.1
4090;4115;4.5;3.3;1.85
4091;4116;1.91;3.1;4.5
4092;4117;3.3;3.2;2.25
4093;4118;3.3;3.3;2.2
4094;4119;2.45;3.25;2.9
4095;4120;1.22;5.5;15.0
4096;4121;2.5;3.2;2.8
4097;4122;2.7;3.1;2.7
4098;4123;2.5;3.2;2.8
4099;4124;1.85;3.4;4.33
4100;4125;1.91;3.2;4.5
4101;4126;4.5;3.5;1.8
4102;4127;1.67;3.4;6.0
4103;4128;1.5;4.0;7.0
4104;4129;2.4;3.1;3.1
4105;4130;3.2;3.2;2.3
4106;4131;1.4;4.5;8.0
4107;4132;1.25;5.0;15.0
4108;4133;1.73;3.8;4.5
4109;4134;3.0;3.0;2.5
4110;4135;3.0;3.0;2.5
4111;4136;4.0;3.3;1.95
4112;4137;5.0;3.25;1.8
4113;4138;1.85;3.3;4.5
4114;4139;1.44;4.2;8.0
4115;4140;2.2;3.3;3.3
4116;4141;1.22;5.5;15.0
4117;4142;3.3;3.3;2.2
4118;4143;4.33;3.3;1.91
4119;4144;2.2;3.1;3.5
4120;4145;1.85;3.4;4.5
4121;4146;4.33;3.2;1.95
4122;4147;2.3;3.2;3.2
4123;4148;2.05;3.1;4.0
4124;4149;4.33;3.3;1.91
4125;4150;2.5;3.2;2.9
4126;4151;1.85;3.4;4.5
4127;4152;2.62;3.1;2.8
4128;4153;1.83;3.8;4.0
4129;4154;3.1;3.1;2.4
4130;4155;5.5;3.6;1.67
4131;4156;7.0;3.6;1.57
4132;4157;1.62;3.6;6.0
4133;4158;1.75;3.5;5.0
4134;4159;1.29;5.0;12.0
4135;4160;2.15;3.2;3.6
4136;4161;2.7;3.1;2.7
4137;4162;2.7;3.1;2.7
4138;4163;1.7;3.4;5.5
4139;4164;1.36;4.5;10.0
4140;4165;1.62;3.6;6.0
4141;4166;1.7;3.4;5.5
4142;4167;2.25;3.1;3.4
4143;4168;2.8;3.1;2.62
4144;4169;9.5;4.5;1.36
4145;4170;2.62;3.1;2.8
4146;4171;3.3;3.1;2.3
4147;4172;2.4;3.1;3.1
4148;4173;1.2;6.0;17.0
4149;4174;2.3;3.2;3.2
4150;4175;4.5;3.4;1.85
4151;4176;1.91;3.1;4.5
4152;4177;3.3;3.1;2.3
4153;4178;4.0;3.2;2.0
4154;4179;1.29;5.0;11.0
4155;4180;2.3;3.0;3.4
4156;4181;1.3;5.0;11.0
4157;4182;1.73;3.5;5.0
4158;4183;2.3;3.2;3.2
4159;4184;1.91;3.3;4.2
4160;4185;2.5;3.0;3.1
4161;4186;1.33;4.8;10.0
4162;4187;5.5;3.5;1.7
4163;4188;1.91;3.3;4.33
4164;4189;2.7;3.0;2.75
4165;4190;1.2;6.0;17.0
4166;4191;5.0;3.1;1.85
4167;4192;1.83;3.2;4.8
4168;4193;2.1;3.1;3.75
4169;4194;1.3;4.5;13.0
4170;4195;2.62;3.1;2.75
4171;4196;2.75;2.9;2.8
4172;4197;4.0;3.2;2.0
4173;4198;1.83;3.2;4.8
4174;4199;1.57;3.75;6.5
4175;4200;2.7;3.1;2.75
4176;4201;4.8;3.8;1.7
4177;4202;3.1;3.1;2.4
4178;4203;1.4;4.0;11.0
4179;4204;2.0;3.1;4.2
4180;4205;5.0;3.2;1.83
4181;4206;2.0;3.1;4.2
4182;4207;3.1;3.1;2.4
4183;4208;2.15;3.1;3.6
4184;4209;2.8;3.0;2.7
4185;4210;2.1;3.1;3.8
4186;4211;7.0;3.8;1.53
4187;4212;1.7;3.3;6.0
4188;4213;5.0;4.0;1.62
4189;4214;1.36;4.33;9.5
4190;4215;1.25;5.5;13.0
4191;4216;4.2;3.1;2.0
4192;4217;2.5;3.1;3.0
4193;4218;1.75;3.4;5.0
4194;4219;1.4;4.5;8.0
4195;4220;7.0;4.5;1.44
4196;4221;1.62;3.6;6.0
4197;4222;1.75;3.6;4.75
4198;4223;1.85;3.4;4.5
4199;4224;2.25;3.1;3.4
4200;4225;1.95;3.4;4.0
4201;4226;2.4;3.0;3.2
4202;4227;4.0;3.1;2.05
4203;4228;2.4;3.0;3.25
4204;4229;2.38;2.88;3.4
4205;4230;6.5;3.4;1.62
4206;4231;3.6;2.88;2.25
4207;4232;4.8;3.0;1.91
4208;4233;1.2;5.5;21.0
4209;4234;1.75;3.2;5.5
4210;4235;2.5;2.9;3.1
4211;4236;1.91;3.1;4.5
4212;4237;2.7;3.0;2.8
4213;4238;2.9;2.8;2.75
4214;4239;2.4;3.1;3.1
4215;4240;7.0;4.0;1.5
4216;4241;2.1;3.25;3.5
4217;4242;1.33;5.0;9.0
4218;4243;6.0;3.75;1.6
4219;4244;3.3;3.3;2.2
4220;4245;1.44;4.0;8.0
4221;4246;2.15;3.2;3.5
4222;4247;1.6;4.0;5.5
4223;4248;1.85;3.5;4.33
4224;4249;1.83;3.4;4.5
4225;4250;3.5;3.1;2.2
4226;4251;1.29;5.0;12.0
4227;4252;4.8;3.8;1.7
4228;4253;2.6;3.1;2.8
4229;4254;2.25;3.4;3.1
4230;4255;1.33;4.8;10.0
4231;4256;2.62;3.1;2.8
4232;4257;2.0;3.1;4.2
4233;4258;1.73;3.3;5.5
4234;4259;6.0;3.8;1.57
4235;4260;1.4;4.5;8.0
4236;4261;2.7;3.1;2.7
4237;4262;8.0;4.5;1.4
4238;4263;1.53;3.75;7.0
4239;4264;2.7;3.1;2.7
4240;4265;2.5;3.2;2.9
4241;4266;1.62;3.8;5.5
4242;4267;2.3;3.2;3.2
4243;4268;2.3;3.2;3.2
4244;4269;1.29;5.5;11.0
4245;4270;2.15;3.2;3.6
4246;4271;2.0;3.3;4.33
4247;4272;1.95;3.25;4.2
4248;4273;1.75;3.5;5.0
4249;4274;3.8;3.4;2.0
4250;4275;2.15;3.3;3.4
4251;4276;1.29;5.0;12.0
4252;4277;3.2;3.1;2.38
4253;4278;3.2;3.2;2.3
4254;4279;2.4;3.1;3.1
4255;4280;2.62;2.88;3.0
4256;4281;2.1;3.0;4.0
4257;4282;3.6;3.0;2.2
4258;4283;1.29;4.8;12.0
4259;4284;2.5;2.9;3.1
4260;4285;2.4;3.0;3.2
4261;4286;2.1;3.1;3.75
4262;4287;1.95;3.0;4.5
4263;4288;4.0;3.1;2.05
4264;4289;2.7;3.1;2.7
4265;4290;1.36;4.8;8.5
4266;4291;5.5;3.5;1.7
4267;4292;1.91;3.5;4.0
4268;4293;1.4;4.5;8.0
4269;4294;1.36;4.5;9.0
4270;4295;4.0;3.1;2.05
4271;4296;2.3;3.2;3.2
4272;4297;3.75;3.3;2.05
4273;4298;2.25;3.2;3.3
4274;4299;1.33;5.0;9.0
4275;4300;1.95;3.4;4.0
4276;4301;2.1;3.2;3.75
4277;4302;4.33;3.3;1.91
4278;4303;1.73;3.5;5.0
4279;4304;1.95;3.4;4.0
4280;4305;2.62;3.1;2.8
4281;4306;1.22;6.0;13.0
4282;4307;2.62;3.1;2.8
4283;4308;2.8;3.1;2.62
4284;4309;2.7;3.1;2.7
4285;4310;1.44;4.2;8.0
4286;4311;2.5;3.1;3.0
4287;4312;2.9;3.25;2.4
4288;4313;1.75;3.5;5.0
4289;4314;2.7;3.1;2.7
4290;4315;5.0;3.5;1.75
4291;4316;1.8;3.3;5.0
4292;4317;4.0;3.1;2.05
4293;4318;2.8;3.1;2.6
4294;4319;1.4;4.5;8.0
4295;4320;2.1;3.3;3.5
4296;4321;1.36;4.5;10.0
4297;4322;2.3;3.2;3.2
4298;4323;2.4;3.1;3.1
4299;4324;3.2;3.3;2.25
4300;4325;1.62;3.8;5.5
4301;4326;1.57;3.8;6.0
4302;4327;1.8;3.5;4.5
4303;4328;3.3;3.3;2.2
4304;4329;3.0;3.0;2.5
4305;4330;1.3;5.0;11.0
4306;4331;2.25;3.1;3.4
4307;4332;2.2;3.1;3.5
4308;4333;1.3;5.0;11.0
4309;4334;1.3;5.0;11.0
4310;4335;1.83;3.2;5.0
4311;4336;2.15;3.1;3.6
4312;4337;3.4;3.3;2.15
4313;4338;3.4;3.2;2.2
4314;4339;4.5;3.4;1.83
4315;4340;2.5;3.2;2.8
4316;4341;1.4;4.5;8.0
4317;4342;5.5;3.5;1.67
4318;4343;2.4;3.1;3.1
4319;4344;2.2;3.2;3.4
4320;4345;2.7;3.0;2.8
4321;4346;2.5;3.25;2.8
4322;4347;1.53;3.75;7.0
4323;4348;4.5;3.3;1.85
4324;4349;1.8;3.5;4.5
4325;4350;1.25;5.5;12.0
4326;4351;2.7;3.1;2.7
4327;4352;6.5;3.6;1.57
4328;4353;1.91;3.4;4.0
4329;4354;1.4;4.5;8.0
4330;4355;1.44;4.0;8.0
4331;4356;2.15;3.2;3.5
4332;4357;2.7;3.1;2.7
4333;4358;2.0;3.2;4.0
4334;4359;7.0;3.75;1.53
4335;4360;1.67;3.6;5.5
4336;4361;2.1;3.1;3.8
4337;4362;1.8;3.25;5.0
4338;4363;1.44;4.33;7.0
4339;4364;1.67;3.6;5.5
4340;4365;2.6;3.0;2.9
4341;4366;1.91;3.3;4.2
4342;4367;2.25;3.1;3.4
4343;4368;1.95;3.3;4.0
4344;4369;1.44;4.0;8.0
4345;4370;2.8;3.0;2.7
4346;4371;8.0;4.0;1.44
4347;4372;1.62;3.6;6.0
4348;4373;1.5;4.0;7.0
4349;4374;2.2;3.1;3.5
4350;4375;6.0;3.6;1.62
4351;4376;1.62;3.4;6.5
4352;4377;2.5;3.0;3.0
4353;4378;5.0;3.4;1.75
4354;4379;4.33;3.6;1.75
4355;4380;1.4;4.5;7.0
4356;4381;2.88;3.3;2.4
4357;4382;2.3;3.1;3.1
4358;4383;1.6;3.6;5.5
4359;4384;4.8;3.75;1.65
4360;4385;1.95;3.5;3.6
4361;4386;1.7;3.75;4.4
4362;4387;1.85;3.3;4.2
4363;4388;5.5;4.0;1.55
4364;4389;1.3;5.0;11.0
4365;4390;1.91;3.5;4.0
4366;4391;1.4;4.0;10.0
4367;4392;1.73;3.5;5.0
4368;4393;2.0;3.1;2.7
4369;4394;1.62;3.6;6.0
4370;4395;2.7;3.1;2.7
4371;4396;2.6;3.1;2.88
4372;4397;3.3;3.1;2.3
4373;4398;5.5;3.5;1.7
4374;4399;1.44;4.0;8.0
4375;4400;3.0;2.9;2.62
4376;4401;3.5;3.0;2.25
4377;4402;2.3;2.9;3.5
4378;4403;2.1;3.3;3.9
4379;4404;2.7;3.2;2.88
4380;4405;2.05;3.1;4.0
4381;4406;2.15;3.1;3.6
4382;4407;2.62;3.1;3.0
4383;4408;4.0;3.2;2.0
4384;4409;2.1;3.2;3.75
4385;4410;4.0;3.0;2.1
4386;4411;1.53;3.8;7.0
4387;4412;1.29;5.0;12.0
4388;4413;2.4;3.1;3.1
4389;4414;1.57;3.8;6.0
4390;4415;5.0;3.5;1.75
4391;4416;1.44;4.2;8.0
4392;4417;2.62;3.1;2.8
4393;4418;2.9;3.0;2.62
4394;4419;1.75;3.4;5.0
4395;4420;8.0;4.0;1.44
4396;4421;2.25;3.1;3.4
4397;4422;1.83;3.2;4.33
4398;4423;1.7;3.2;6.0
4399;4424;1.36;4.0;12.0
4400;4425;2.5;3.1;2.9
4401;4426;3.75;3.1;2.1
4402;4427;5.0;3.2;1.8
4403;4428;2.62;3.1;2.8
4404;4429;1.4;4.5;8.0
4405;4430;1.6;3.4;7.0
4406;4431;1.57;3.8;6.0
4407;4432;1.7;3.5;5.5
4408;4433;2.75;3.25;2.6
4409;4434;1.62;3.5;6.5
4410;4435;1.95;3.1;4.5
4411;4436;1.6;3.75;6.0
4412;4437;4.0;3.1;2.05
4413;4438;6.5;4.0;1.53
4414;4439;2.7;3.1;2.7
4415;4440;2.9;3.2;2.5
4416;4441;1.73;3.5;5.0
4417;4442;3.1;3.1;2.4
4418;4443;1.5;4.0;7.0
4419;4444;1.57;3.8;6.0
4420;4445;5.5;4.0;1.57
4421;4446;3.1;3.1;2.4
4422;4447;2.5;3.2;2.9
4423;4448;2.05;3.3;3.75
4424;4449;1.29;5.0;12.0
4425;4450;1.36;4.5;9.0
4426;4451;2.0;3.3;3.75
4427;4452;1.44;3.8;9.0
4428;4453;5.5;3.75;1.62
4429;4454;1.53;3.6;7.5
4430;4455;5.5;3.4;1.7
4431;4456;2.8;3.1;2.62
4432;4457;2.15;3.1;3.6
4433;4458;4.5;3.1;1.91
4434;4459;6.5;3.75;1.57
4435;4460;3.2;3.2;2.3
4436;4461;2.5;3.1;3.0
4437;4462;3.2;3.2;2.3
4438;4463;1.4;4.33;9.0
4439;4464;1.33;4.8;10.0
4440;4465;2.9;3.2;2.5
4441;4466;2.75;3.0;2.75
4442;4467;1.4;4.33;9.0
4443;4468;2.62;3.1;2.8
4444;4469;2.4;3.1;3.1
4445;4470;1.3;5.0;11.0
4446;4471;2.1;3.3;3.5
4447;4472;1.44;4.2;8.0
4448;4473;2.0;3.2;4.0
4449;4474;2.7;3.1;2.7
4450;4475;2.4;3.1;3.1
4451;4476;2.15;3.25;3.5
4452;4477;4.0;3.2;2.0
4453;4478;2.6;3.1;2.8
4454;4479;2.7;3.1;2.7
4455;4480;2.5;3.2;2.9
4456;4481;1.44;4.2;8.0
4457;4482;1.95;3.5;3.8
4458;4483;1.22;6.0;13.0
4459;4484;3.25;3.3;2.25
4460;4485;3.6;3.3;2.1
4461;4486;3.1;3.1;2.4
4462;4487;2.05;3.1;4.0
4463;4488;1.44;4.2;8.0
4464;4489;1.36;4.8;8.5
4465;4490;1.91;3.5;4.0
4466;4491;1.95;3.5;3.8
4467;4492;3.75;3.75;1.91
4468;4493;2.62;3.1;3.0
4469;4494;2.05;3.4;3.6
4470;4495;4.75;3.6;1.75
4471;4496;3.5;3.25;2.15
4472;4497;2.25;3.2;3.3
4473;4498;3.4;3.2;2.2
4474;4499;5.5;3.6;1.75
4475;4500;5.0;3.5;1.75
4476;4501;1.5;4.2;6.5
4477;4502;2.15;3.2;3.6
4478;4503;2.0;3.25;4.0
4479;4504;2.5;3.0;3.0
4480;4505;1.95;3.2;4.33
4481;4506;1.8;3.3;5.0
4482;4507;2.3;3.2;3.2
4483;4508;2.3;3.2;3.2
4484;4509;1.3;5.0;11.0
4485;4510;3.75;3.2;2.1
4486;4511;2.7;3.1;2.7
4487;4512;1.95;3.4;4.0
4488;4513;1.57;3.6;7.0
4489;4514;3.1;3.2;2.38
4490;4515;2.4;3.1;3.1
4491;4516;5.0;3.6;1.73
4492;4517;2.8;3.1;2.62
4493;4518;3.8;3.4;2.0
4494;4519;3.1;3.0;2.5
4495;4520;2.0;3.4;3.8
4496;4521;1.8;3.4;4.8
4497;4522;2.9;3.2;2.5
4498;4523;1.44;4.2;8.0
4499;4524;1.53;4.0;6.5
4500;4525;5.0;3.3;1.8
4501;4526;2.0;3.2;4.0
4502;4527;2.05;3.1;4.0
4503;4528;1.8;3.5;4.5
4504;4529;3.4;3.1;2.25
4505;4530;1.95;3.1;4.33
4506;4531;1.75;3.5;4.8
4507;4532;2.4;3.1;3.1
4508;4533;1.4;4.2;9.0
4509;4534;2.62;3.1;2.75
4510;4535;1.75;3.25;5.5
4511;4536;4.33;3.1;1.95
4512;4537;2.5;3.1;2.9
4513;4538;1.4;4.0;10.0
4514;4539;2.1;3.2;3.75
4515;4540;3.3;3.3;2.2
4516;4541;1.67;3.6;5.5
4517;4542;2.05;3.25;3.8
4518;4543;1.91;3.2;4.5
4519;4544;4.33;3.25;1.91
4520;4545;3.0;3.0;2.5
4521;4546;2.1;3.2;3.75
4522;4547;2.1;3.0;4.0
4523;4548;5.0;3.6;1.73
4524;4549;1.8;3.2;5.0
4525;4550;2.62;3.1;2.8
4526;4551;4.5;3.4;1.83
4527;4552;7.0;4.0;1.5
4528;4553;4.0;3.25;2.0
4529;4554;1.91;3.2;4.33
4530;4555;2.5;3.1;3.0
4531;4556;1.67;3.5;6.0
4532;4557;2.62;3.0;2.9
4533;4558;1.67;3.8;5.0
4534;4559;2.4;3.1;3.1
4535;4560;4.0;3.2;2.0
4536;4561;2.1;3.1;3.8
4537;4562;1.44;4.2;8.0
4538;4563;1.62;3.6;6.0
4539;4564;2.2;3.3;3.3
4540;4565;1.75;3.5;5.0
4541;4566;2.62;3.1;2.8
4542;4567;2.25;3.1;3.4
4543;4568;1.5;4.0;7.0
4544;4569;1.75;3.8;4.5
4545;4570;4.5;3.4;1.85
4546;4571;2.05;3.1;4.0
4547;4572;1.44;4.2;8.0
4548;4573;2.3;3.1;3.3
4549;4574;1.53;3.75;7.0
4550;4575;2.1;3.3;3.6
4551;4576;2.5;3.2;2.9
4552;4577;5.0;3.3;1.8
4553;4578;3.0;3.1;2.5
4554;4579;1.5;4.2;6.5
4555;4580;1.7;3.6;5.0
4556;4581;3.3;3.2;2.25
4557;4582;6.0;3.8;1.57
4558;4583;2.75;3.2;2.62
4559;4584;1.67;3.4;6.0
4560;4585;1.44;4.2;7.5
4561;4586;2.38;3.25;3.0
4562;4587;2.6;3.0;2.9
4563;4588;1.83;3.6;4.2
4564;4589;1.36;4.8;8.5
4565;4590;4.5;3.4;1.85
4566;4591;2.88;3.1;2.62
4567;4592;1.7;3.5;5.5
4568;4593;5.5;3.6;1.67
4569;4594;2.5;3.1;3.0
4570;4595;4.0;3.2;2.0
4571;4596;2.62;3.2;2.8
4572;4597;1.67;3.4;6.0
4573;4598;1.95;3.4;4.0
4574;4599;1.53;3.75;7.0
4575;4600;3.75;3.1;2.15
4576;4601;1.75;3.5;5.0
4577;4602;1.22;5.5;17.0
4578;4603;2.62;3.1;2.8
4579;4604;1.62;3.6;6.0
4580;4605;2.05;3.1;4.0
4581;4606;2.4;3.1;3.1
4582;4607;2.8;3.1;2.62
4583;4608;4.0;3.2;2.0
4584;4609;1.73;3.5;5.0
4585;4610;1.85;3.4;4.5
4586;4611;5.0;3.5;1.75
4587;4612;2.7;3.1;2.7
4588;4613;1.36;5.0;8.0
4589;4614;2.3;3.2;3.1
4590;4615;3.75;3.2;2.1
4591;4616;2.7;3.1;2.7
4592;4617;6.0;3.4;1.67
4593;4618;2.4;3.1;3.1
4594;4619;1.29;5.0;12.0
4595;4620;7.0;4.0;1.5
4596;4621;2.0;3.2;4.0
4597;4622;1.62;3.6;6.0
4598;4623;1.95;3.5;3.75
4599;4624;1.53;3.8;7.0
4600;4625;6.0;3.6;1.62
4601;4626;2.7;3.1;2.7
4602;4627;1.73;3.5;5.0
4603;4628;1.53;4.0;6.5
4604;4629;1.73;3.6;5.0
4605;4630;3.0;3.1;2.5
4606;4631;2.5;3.6;2.6
4607;4632;1.85;3.4;4.5
4608;4633;2.2;3.1;3.5
4609;4634;2.75;3.0;2.75
4610;4635;1.67;3.4;6.0
4611;4636;1.57;3.75;6.5
4612;4637;2.5;3.0;3.1
4613;4638;2.25;3.2;3.3
4614;4639;1.36;4.8;8.5
4615;4640;6.5;3.75;1.57
4616;4641;3.75;3.3;2.05
4617;4642;2.3;3.2;3.2
4618;4643;2.6;3.0;2.9
4619;4644;2.1;3.1;3.8
4620;4645;2.25;3.25;3.2
4621;4646;2.2;3.3;3.3
4622;4647;2.05;3.1;4.0
4623;4648;2.0;3.2;4.0
4624;4649;3.5;3.25;2.15
4625;4650;2.0;3.4;3.8
4626;4651;1.6;3.75;6.0
4627;4652;1.33;4.8;10.0
4628;4653;1.57;3.75;6.5
4629;4654;3.5;3.25;2.15
4630;4655;3.8;3.3;2.0
4631;4656;1.95;3.5;3.8
4632;4657;3.5;3.25;2.15
4633;4658;3.5;3.6;2.0
4634;4659;1.35;4.8;9.0
4635;4660;3.5;3.25;2.15
4636;4661;2.7;3.1;2.7
4637;4662;2.7;3.1;2.7
4638;4663;1.91;3.3;4.2
4639;4664;1.25;5.5;13.0
4640;4665;2.3;3.2;3.2
4641;4666;2.4;3.1;3.1
4642;4667;4.5;3.4;1.85
4643;4668;2.4;3.1;3.1
4644;4669;7.0;3.6;1.57
4645;4670;3.1;3.1;2.4
4646;4671;2.8;3.1;2.6
4647;4672;1.75;3.5;5.0
4648;4673;1.6;4.0;5.5
4649;4674;1.33;5.0;9.0
4650;4675;1.8;3.3;5.0
4651;4676;4.5;3.5;1.8
4652;4677;1.25;5.5;13.0
4653;4678;3.0;3.25;2.4
4654;4679;1.29;5.0;12.0
4655;4680;2.75;3.1;2.7
4656;4681;2.05;3.1;4.0
4657;4682;2.15;3.1;3.6
4658;4683;2.05;3.1;4.0
4659;4684;2.75;3.1;2.7
4660;4685;2.62;3.1;2.8
4661;4686;3.1;3.1;2.4
4662;4687;1.7;3.5;5.5
4663;4688;3.7;3.2;2.1
4664;4689;6.0;3.6;1.62
4665;4690;1.91;3.2;4.33
4666;4691;2.1;3.25;3.6
4667;4692;1.91;3.2;4.33
4668;4693;1.5;4.0;7.0
4669;4694;2.5;3.1;2.9
4670;4695;4.5;3.1;1.91
4671;4696;3.0;3.2;2.38
4672;4697;1.91;3.4;4.0
4673;4698;1.44;4.33;7.0
4674;4699;1.14;7.5;19.0
4675;4700;2.3;3.3;3.1
4676;4701;1.75;3.75;4.5
4677;4702;1.67;4.0;4.75
4678;4703;4.5;3.4;1.83
4679;4704;1.36;4.8;8.0
4680;4705;3.5;3.1;2.2
4681;4706;5.5;4.33;1.53
4682;4707;1.95;3.75;3.6
4683;4708;2.4;3.1;3.1
4684;4709;1.91;3.2;4.5
4685;4710;2.2;3.2;3.4
4686;4711;1.36;4.5;9.5
4687;4712;1.36;4.5;9.5
4688;4713;1.22;6.0;13.0
4689;4714;6.0;3.6;1.62
4690;4715;2.05;3.25;3.8
4691;4716;1.95;3.25;4.2
4692;4717;3.5;3.0;2.25
4693;4718;2.0;3.25;4.0
4694;4719;1.3;5.0;11.0
4695;4720;5.5;3.8;1.62
4696;4721;4.0;3.1;2.05
4697;4722;1.91;3.3;4.33
4698;4723;1.95;3.4;4.5
4699;4724;2.4;3.1;3.1
4700;4725;4.2;3.25;1.95
4701;4726;2.75;3.0;2.75
4702;4727;3.1;3.0;2.5
4703;4728;2.25;3.1;3.4
4704;4729;2.3;3.2;3.2
4705;4730;1.73;3.6;5.0
4706;4731;2.4;3.1;3.1
4707;4732;1.67;3.6;5.5
4708;4733;1.29;5.0;12.0
4709;4734;2.5;3.2;2.9
4710;4735;3.0;3.0;2.5
4711;4736;2.5;3.0;3.0
4712;4737;2.3;3.2;3.2
4713;4738;1.95;3.5;3.8
4714;4739;4.0;3.75;1.85
4715;4740;1.53;3.8;7.0
4716;4741;1.22;6.0;13.0
4717;4742;6.0;3.6;1.62
4718;4743;2.05;3.1;4.0
4719;4744;2.5;3.1;3.0
4720;4745;4.0;3.4;1.95
4721;4746;2.5;3.1;3.0
4722;4747;3.1;3.0;2.5
4723;4748;2.3;3.2;3.2
4724;4749;1.95;3.6;3.75
4725;4750;2.5;3.2;2.9
4726;4751;2.15;3.0;3.75
4727;4752;1.83;3.2;4.8
4728;4753;1.85;3.1;5.0
4729;4754;2.75;2.8;2.9
4730;4755;1.25;6.0;13.0
4731;4756;2.25;3.4;3.1
4732;4757;2.9;3.4;2.38
4733;4758;2.62;3.25;2.7
4734;4759;1.36;4.8;8.5
4735;4760;2.05;3.3;3.75
4736;4761;3.2;3.0;2.4
4737;4762;1.36;4.8;8.5
4738;4763;2.62;3.1;2.8
4739;4764;1.8;3.25;5.0
4740;4765;2.05;3.1;4.0
4741;4766;2.5;3.3;3.0
4742;4767;6.0;3.6;1.62
4743;4768;2.1;3.0;4.0
4744;4769;2.1;2.88;3.3
4745;4770;1.53;3.3;6.0
4746;4771;2.3;2.8;3.0
4747;4772;2.0;3.0;3.4
4748;4773;1.36;3.75;8.0
4749;4774;2.3;2.9;2.9
4750;4775;2.15;2.88;3.25
4751;4776;2.6;2.8;2.6
4752;4777;1.8;3.0;4.2
4753;4778;2.38;2.8;2.88
4754;4779;4.0;3.0;1.83
4755;4780;2.1;2.88;3.3
4756;4781;1.67;3.2;4.8
4757;4782;2.1;2.88;3.3
4758;4783;1.73;3.1;4.5
4759;4784;1.95;3.0;3.6
4760;4785;2.75;2.9;2.4
4761;4786;1.91;3.0;3.75
4762;4787;1.67;3.2;4.8
4763;4788;1.91;3.0;3.75
4764;4789;1.44;4.0;8.5
4765;4790;2.15;3.0;3.75
4766;4791;2.8;2.9;2.75
4767;4792;1.85;3.25;4.6
4768;4793;2.15;3.0;3.75
4769;4794;3.5;3.0;2.25
4770;4795;1.72;3.4;5.25
4771;4796;1.72;3.3;5.5
4772;4797;4.6;3.25;1.85
4773;4798;2.8;2.87;2.8
4774;4799;1.73;3.2;4.33
4775;4800;2.38;3.0;2.7
4776;4801;1.67;3.2;4.8
4777;4802;2.2;3.0;3.0
4778;4803;1.4;3.6;7.5
4779;4804;1.62;3.3;5.0
4780;4805;2.5;3.1;2.5
4781;4806;2.4;3.1;2.6
4782;4807;1.7;3.2;4.5
4783;4808;1.8;3.1;4.0
4784;4809;1.53;3.3;6.0
4785;4810;1.7;3.2;4.5
4786;4811;3.3;2.88;2.1
4787;4812;2.25;2.88;3.0
4788;4813;3.75;3.0;1.91
4789;4814;2.38;2.88;2.8
4790;4815;2.2;2.88;3.1
4791;4816;2.3;2.9;2.9
4792;4817;2.4;2.9;2.75
4793;4818;2.3;2.9;2.9
4794;4819;1.83;3.0;4.0
4795;4820;2.8;2.88;2.38
4796;4821;1.62;3.3;5.0
4797;4822;1.62;3.3;5.0
4798;4823;1.67;3.1;5.0
4799;4824;1.4;3.75;7.0
4800;4825;2.0;3.0;3.4
4801;4826;1.73;3.2;4.33
4802;4827;1.73;3.2;4.33
4803;4828;1.91;3.0;3.75
4804;4829;1.9;2.95;4.2
4805;4830;2.1;2.85;3.6
4806;4831;1.95;2.95;4.0
4807;4832;2.5;2.8;2.9
4808;4833;1.75;3.2;4.6
4809;4834;2.1;2.95;3.5
4810;4835;2.35;2.8;3.15
4811;4836;3.25;2.85;2.25
4812;4837;2.25;2.88;3.2
4813;4838;2.4;2.8;3.05
4814;4839;2.1;2.88;3.3
4815;4840;2.25;2.88;3.0
4816;4841;2.0;3.0;3.4
4817;4842;1.57;3.3;5.5
4818;4843;1.22;4.8;10.0
4819;4844;1.91;3.0;3.75
4820;4845;1.62;3.3;5.0
4821;4846;2.2;2.88;3.1
4822;4847;3.0;3.0;2.2
4823;4848;3.0;3.0;2.2
4824;4849;1.44;4.0;8.0
4825;4850;2.6;2.8;2.6
4826;4851;2.3;2.9;2.9
4827;4852;1.7;3.2;4.5
4828;4853;2.15;2.88;3.25
4829;4854;1.7;3.2;4.5
4830;4855;1.83;3.0;4.0
4831;4856;1.7;3.2;4.5
4832;4857;1.7;3.2;4.5
4833;4859;2.6;2.8;2.6
4834;4860;2.5;2.9;2.62
4835;4861;2.62;2.9;2.5
4836;4862;1.91;3.0;3.75
4837;4863;1.91;3.0;3.75
4838;4864;2.25;2.88;3.0
4839;4865;1.62;3.3;5.0
4840;4866;2.1;2.88;3.3
4841;4867;2.0;3.0;3.4
4842;4868;2.6;2.8;2.6
4843;4869;4.0;3.0;1.83
4844;4870;2.38;2.88;2.8
4845;4871;1.44;3.6;6.5
4846;4872;2.5;2.9;2.62
4847;4873;1.5;3.4;6.0
4848;4874;2.8;2.88;2.38
4849;4875;2.15;2.88;3.25
4850;4876;1.44;3.6;6.5
4851;4877;1.83;3.0;4.0
4852;4878;2.1;2.88;3.3
4853;4879;2.0;3.0;3.4
4854;4880;2.62;2.9;2.5
4855;4881;1.8;3.0;4.2
4856;4882;4.5;3.1;1.73
4857;4883;1.5;3.4;6.0
4858;4884;2.4;2.8;2.88
4859;4885;2.25;2.88;3.0
4860;4886;2.4;2.9;2.75
4861;4887;1.73;3.1;4.5
4862;4888;2.1;2.88;3.3
4863;4889;3.4;3.0;2.0
4864;4890;1.91;3.0;3.75
4865;4891;2.6;2.8;2.6
4866;4892;2.62;2.9;2.5
4867;4893;1.36;3.75;8.0
4868;4894;1.91;3.0;3.75
4869;4895;2.1;2.88;3.3
4870;4896;1.5;3.4;6.0
4871;4897;2.25;2.88;3.0
4872;4898;2.2;3.0;3.0
4873;4899;2.1;2.88;3.3
4874;4900;4.5;3.1;1.73
4875;4901;2.1;2.88;3.3
4876;4902;1.8;3.1;4.0
4877;4903;1.3;4.2;8.5
4878;4904;3.3;3.0;2.05
4879;4905;1.8;3.1;4.0
4880;4906;1.53;3.3;6.0
4881;4907;1.95;3.0;3.6
4882;4908;1.95;3.0;3.6
4883;4909;2.38;2.88;2.8
4884;4910;1.8;3.0;4.2
4885;4911;2.62;2.9;2.5
4886;4912;2.05;3.0;3.3
4887;4913;1.36;3.75;8.0
4888;4914;1.95;3.0;3.6
4889;4915;1.57;3.3;5.5
4890;4916;1.8;3.0;4.2
4891;4917;3.1;2.88;2.2
4892;4918;2.5;2.9;2.62
4893;4919;2.1;2.88;3.3
4894;4920;3.3;3.0;2.05
4895;4921;1.53;3.3;6.0
4896;4922;2.1;2.88;3.3
4897;4923;2.15;2.88;3.25
4898;4924;1.83;3.0;4.0
4899;4925;2.8;2.88;2.38
4900;4926;3.6;3.0;1.95
4901;4927;1.8;3.0;4.2
4902;4928;1.7;3.2;4.5
4903;4929;2.9;2.9;2.3
4904;4930;1.33;4.0;8.0
4905;4931;2.2;2.88;3.1
4906;4932;2.38;2.88;2.8
4907;4933;1.2;5.0;11.0
4908;4934;2.9;2.9;2.3
4909;4935;1.67;3.1;5.0
4910;4936;1.73;3.1;4.5
4911;4937;2.38;2.88;2.8
4912;4938;2.2;2.88;3.1
4913;4939;3.4;3.0;2.0
4914;4940;2.5;2.9;2.62
4915;4941;1.67;3.1;5.0
4916;4942;1.95;3.0;3.6
4917;4943;1.4;3.75;7.0
4918;4944;3.6;3.0;1.95
4919;4945;2.0;3.0;3.4
4920;4946;2.4;2.9;2.75
4921;4947;2.8;2.88;2.38
4922;4948;1.62;3.3;5.0
4923;4949;2.38;2.88;2.8
4924;4950;1.53;3.3;6.0
4925;4951;3.3;3.0;2.05
4926;4952;1.73;3.2;4.33
4927;4953;1.62;3.3;5.0
4928;4954;2.15;2.88;3.25
4929;4955;2.0;3.0;3.4
4930;4956;1.53;3.3;6.0
4931;4957;2.2;2.88;3.1
4932;4958;2.8;2.88;2.38
4933;4959;2.3;2.88;3.5
4934;4960;3.0;3.0;2.5
4935;4961;2.8;3.0;2.7
4936;4962;3.0;3.0;2.5
4937;4963;1.53;3.6;7.5
4938;4964;2.0;3.0;4.33
4939;4965;2.1;3.0;4.0
4940;4966;1.7;3.3;5.75
4941;4967;1.8;3.25;5.0
4942;4968;2.7;2.9;2.9
4943;4969;1.62;3.3;5.0
4944;4970;2.8;2.88;2.38
4945;4971;2.4;2.9;2.75
4946;4972;2.75;2.9;2.4
4947;4973;1.4;3.75;7.0
4948;4974;2.5;2.9;2.62
4949;4975;2.2;2.88;3.1
4950;4976;2.2;2.88;3.1
4951;4977;2.1;2.88;3.3
4952;4978;1.7;3.2;4.5
4953;4979;2.0;2.88;3.6
4954;4980;4.5;3.3;1.67
4955;4981;1.44;3.6;6.5
4956;4982;2.38;2.88;2.8
4957;4983;1.36;3.75;8.0
4958;4984;1.4;3.75;7.0
4959;4985;2.1;2.88;3.3
4960;4986;1.8;3.0;4.2
4961;4987;1.57;3.3;5.5
4962;4988;2.4;2.9;2.75
4963;4989;2.05;3.0;3.3
4964;4990;1.44;3.6;6.5
4965;4991;3.4;3.0;2.0
4966;4992;2.3;2.9;2.9
4967;4993;1.25;4.5;10.0
4968;4994;1.73;3.1;4.5
4969;4995;1.8;3.0;4.2
4970;4996;2.05;3.0;3.3
4971;4997;2.6;2.8;2.6
4972;4998;2.1;2.88;3.3
4973;4999;1.44;3.6;6.5
4974;5000;2.8;2.88;2.38
4975;5001;2.25;2.88;3.0
4976;5002;4.0;3.0;1.83
4977;5003;1.5;3.4;6.0
4978;5004;2.75;2.9;2.4
4979;5005;1.62;3.3;5.0
4980;5006;3.0;2.88;2.25
4981;5007;2.6;2.8;2.6
4982;5008;2.15;2.88;3.25
4983;5009;3.5;3.0;2.25
4984;5010;2.7;3.0;2.8
4985;5011;2.6;2.88;3.0
4986;5012;2.1;3.1;3.8
4987;5013;1.36;4.33;10.0
4988;5014;1.36;4.33;10.0
4989;5015;2.2;2.88;3.8
4990;5016;2.3;2.9;3.5
4991;5017;1.73;3.3;5.5
4992;5018;1.62;3.4;6.5
4993;5019;2.5;2.9;2.62
4994;5020;2.2;2.88;3.1
4995;5021;3.0;2.88;2.25
4996;5022;3.75;3.0;1.91
4997;5023;2.5;2.9;2.62
4998;5024;2.1;2.88;3.3
4999;5025;1.25;4.5;10.0
5000;5026;2.62;2.9;2.5
5001;5027;1.91;3.0;3.75
5002;5028;2.0;2.88;3.6
5003;5029;2.0;2.88;3.6
5004;5030;2.62;2.9;2.5
5005;5031;2.2;2.88;3.1
5006;5032;2.5;2.9;2.62
5007;5033;1.7;3.4;5.5
5008;5034;2.05;2.88;3.5
5009;5035;2.25;2.88;3.0
5010;5036;2.5;3.1;2.5
5011;5037;1.83;3.0;4.0
5012;5038;1.6;3.3;5.0
5013;5039;1.3;4.33;8.0
5014;5040;2.0;3.0;3.4
5015;5041;2.2;2.88;3.1
5016;5042;2.8;2.88;2.38
5017;5043;1.5;3.4;6.0
5018;5044;2.05;2.9;3.4
5019;5045;1.5;3.4;6.0
5020;5046;1.67;3.3;4.5
5021;5047;1.8;3.1;4.0
5022;5048;4.2;3.25;1.73
5023;5049;1.95;3.2;4.2
5024;5050;4.2;3.3;1.91
5025;5051;3.6;3.1;2.15
5026;5052;1.33;4.5;11.0
5027;5053;2.2;2.88;3.8
5028;5054;5.0;3.4;1.75
5029;5055;1.83;3.3;4.6
5030;5056;1.75;3.3;5.25
5031;5057;2.2;3.1;3.5
5032;5058;5.25;3.3;1.75
5033;5059;1.29;4.5;8.0
5034;5060;2.2;3.2;2.8
5035;5061;2.2;2.75;3.3
5036;5062;1.57;3.5;5.0
5037;5063;1.62;3.4;4.8
5038;5064;2.2;3.2;2.8
5039;5065;2.0;2.8;3.75
5040;5066;2.2;3.2;2.8
5041;5067;1.5;3.4;6.0
5042;5068;2.25;3.2;2.75
5043;5069;2.8;3.2;2.5
5044;5070;1.25;5.5;13.0
5045;5071;6.5;3.6;1.57
5046;5072;1.67;3.4;6.0
5047;5073;1.36;4.5;9.0
5048;5074;6.0;3.6;1.62
5049;5075;3.0;3.2;2.4
5050;5076;1.62;3.6;6.0
5051;5077;1.91;3.4;4.0
5052;5078;3.5;3.2;2.15
5053;5079;5.0;3.5;1.73
5054;5080;3.0;2.5;3.0
5055;5081;1.44;4.0;8.0
5056;5082;3.0;2.5;3.0
5057;5083;1.5;4.0;7.0
5058;5084;2.62;3.25;2.62
5059;5085;1.6;3.6;6.0
5060;5086;1.4;4.5;8.0
5061;5087;1.4;4.5;8.0
5062;5088;2.3;3.2;3.1
5063;5089;2.5;2.9;2.62
5064;5090;2.5;2.9;2.62
5065;5091;2.6;2.8;2.6
5066;5092;1.95;3.0;3.6
5067;5093;1.44;3.6;6.5
5068;5094;1.7;3.2;4.5
5069;5095;2.1;2.88;3.3
5070;5096;1.83;3.0;4.0
5071;5097;3.0;2.88;2.25
5072;5098;2.38;2.88;2.8
5073;5099;2.3;2.9;2.9
5074;5100;2.3;2.9;2.9
5075;5101;2.38;2.88;2.8
5076;5102;1.8;3.0;4.2
5077;5103;1.36;3.75;8.0
5078;5104;1.91;3.0;3.75
5079;5105;1.57;3.3;5.5
5080;5106;1.67;3.2;4.8
5081;5107;2.3;2.9;2.9
5082;5108;2.05;3.0;3.3
5083;5109;2.8;3.0;2.3
5084;5110;4.33;3.2;1.73
5085;5111;2.1;2.88;3.3
5086;5112;1.83;3.0;4.0
5087;5113;1.62;3.3;5.0
5088;5114;2.1;2.88;3.3
5089;5115;2.05;3.0;3.3
5090;5116;2.0;3.0;3.4
5091;5117;2.25;2.88;3.0
5092;5118;2.0;3.0;3.4
5093;5119;1.91;3.0;3.75
5094;5120;1.73;3.2;4.33
5095;5121;1.91;3.0;3.75
5096;5122;2.9;2.9;2.3
5097;5123;1.4;3.75;7.0
5098;5124;2.15;3.0;3.1
5099;5125;1.57;3.3;5.5
5100;5126;1.91;3.0;3.75
5101;5127;2.1;2.88;3.3
5102;5128;2.1;2.88;3.3
5103;5129;2.05;3.0;3.3
5104;5130;2.5;2.9;2.62
5105;5131;1.57;3.3;5.5
5106;5132;3.0;2.88;2.25
5107;5133;1.44;3.6;6.5
5108;5134;2.3;2.9;2.9
5109;5135;1.8;3.1;4.0
5110;5136;3.3;3.0;2.05
5111;5137;1.91;3.0;3.75
5112;5138;1.91;3.0;3.75
5113;5139;2.38;2.8;2.88
5114;5140;1.62;3.3;5.0
5115;5141;1.91;3.0;3.75
5116;5142;2.0;3.0;3.4
5117;5143;1.44;3.6;6.5
5118;5144;2.15;2.8;3.3
5119;5145;2.5;2.9;2.62
5120;5146;1.62;3.3;5.0
5121;5147;1.8;3.1;4.0
5122;5148;3.3;2.88;2.1
5123;5149;2.0;3.0;3.4
5124;5150;1.4;3.75;7.0
5125;5151;4.0;3.1;1.8
5126;5152;3.4;3.1;1.95
5127;5153;1.67;3.1;5.0
5128;5154;2.25;2.88;3.0
5129;5155;3.0;2.88;2.25
5130;5156;1.44;3.6;6.5
5131;5157;1.91;3.0;3.75
5132;5158;2.25;2.88;3.0
5133;5159;2.5;2.9;2.62
5134;5160;1.29;4.33;8.5
5135;5161;3.6;3.1;1.91
5136;5162;3.2;3.1;2.05
5137;5163;2.5;2.9;2.62
5138;5164;1.73;3.3;4.8
5139;5165;4.8;3.4;1.6
5140;5166;1.7;3.2;4.5
5141;5167;1.73;3.2;4.33
5142;5168;2.05;3.0;3.3
5143;5169;1.95;3.1;3.9
5144;5170;1.67;3.4;5.0
5145;5171;3.5;3.0;2.1
5146;5172;1.17;6.0;15.0
5147;5173;2.75;2.9;2.6
5148;5174;3.75;3.1;2.0
5149;5175;2.05;3.0;3.7
5150;5176;1.53;3.5;6.5
5151;5177;1.75;3.3;5.0
5152;5178;2.1;3.0;3.5
5153;5179;1.95;3.1;3.5
5154;5180;1.62;3.3;5.0
5155;5181;2.75;2.9;2.4
5156;5182;4.33;3.2;1.73
5157;5183;2.25;2.88;3.0
5158;5184;1.53;3.5;5.5
5159;5185;1.91;3.2;3.5
5160;5186;1.57;3.5;5.0
5161;5187;3.5;3.2;1.91
5162;5188;2.62;2.9;2.5
5163;5189;2.5;2.9;2.62
5164;5190;2.5;2.9;2.62
5165;5191;1.53;3.5;5.5
5166;5192;1.95;3.1;3.5
5167;5193;1.3;4.33;8.0
5168;5194;2.0;3.1;3.3
5169;5195;1.6;3.4;4.8
5170;5196;1.91;3.1;3.6
5171;5197;2.25;2.87;3.0
5172;5198;2.1;3.0;3.2
5173;5199;2.25;2.9;3.3
5174;5200;1.33;4.33;9.0
5175;5201;4.8;3.3;1.73
5176;5202;6.5;3.6;1.5
5177;5203;2.4;2.9;3.0
5178;5204;1.36;4.0;9.0
5179;5205;2.7;2.9;2.6
5180;5206;2.37;2.9;3.2
5181;5207;1.5;3.6;6.5
5182;5208;2.2;3.1;3.2
5183;5209;2.3;2.88;3.2
5184;5210;4.0;3.1;1.91
5185;5211;1.7;3.3;5.0
5186;5212;1.44;3.75;7.5
5187;5213;1.57;3.5;6.0
5188;5214;2.3;3.0;3.1
5189;5215;3.5;3.2;2.0
5190;5216;1.83;3.2;4.2
5191;5217;2.25;2.9;3.3
5192;5218;1.44;3.75;7.5
5193;5219;1.8;3.3;4.33
5194;5220;1.67;3.4;5.0
5195;5221;2.9;3.0;2.37
5196;5222;3.8;3.2;1.91
5197;5223;2.87;3.0;2.4
5198;5224;1.7;3.3;5.0
5199;5225;3.4;3.2;2.05
5200;5226;1.91;3.1;4.0
5201;5227;2.1;3.0;3.5
5202;5228;2.2;3.0;3.3
5203;5229;2.5;3.0;2.75
5204;5230;2.2;3.0;3.25
5205;5231;2.05;3.1;3.5
5206;5232;2.25;3.0;3.2
5207;5233;1.22;5.0;12.0
5208;5234;2.4;3.1;2.8
5209;5235;2.4;3.1;2.8
5210;5236;1.61;3.4;5.5
5211;5237;1.75;3.2;4.8
5212;5238;1.83;3.25;4.2
5213;5239;2.15;3.0;3.4
5214;5240;1.4;4.0;8.0
5215;5241;2.9;3.0;2.4
5216;5242;2.5;3.1;2.7
5217;5243;1.33;4.33;9.0
5218;5244;3.5;3.1;2.05
5219;5245;1.83;3.1;4.33
5220;5246;2.2;3.0;3.25
5221;5247;4.33;3.25;1.8
5222;5248;2.0;3.1;3.75
5223;5249;2.4;3.1;3.1
5224;5250;1.95;3.25;4.1
5225;5251;2.05;3.1;4.0
5226;5252;1.5;3.75;7.5
5227;5253;1.44;4.0;8.0
5228;5254;3.75;3.1;2.1
5229;5255;1.67;3.4;6.0
5230;5256;1.44;4.0;8.0
5231;5257;2.8;3.0;2.7
5232;5258;3.5;3.0;2.25
5233;5259;2.3;2.9;2.9
5234;5260;2.15;2.88;3.25
5235;5261;1.91;3.0;3.75
5236;5262;1.3;4.33;8.0
5237;5263;1.62;3.3;5.0
5238;5264;2.2;2.88;3.1
5239;5265;2.38;2.88;2.8
5240;5266;1.57;3.3;5.5
5241;5267;3.5;3.1;1.95
5242;5268;1.83;3.0;4.0
5243;5269;1.44;3.8;7.0
5244;5270;1.95;3.1;3.8
5245;5271;2.5;3.0;2.8
5246;5272;2.37;3.0;2.9
5247;5273;1.85;3.25;4.0
5248;5274;1.95;3.1;3.8
5249;5275;1.73;3.3;4.8
5250;5276;3.4;3.2;2.05
5251;5277;1.73;3.3;4.8
5252;5278;2.2;3.0;3.25
5253;5279;3.0;3.0;2.5
5254;5280;8.0;4.0;1.44
5255;5281;2.4;3.1;3.1
5256;5282;3.5;3.2;2.15
5257;5283;1.3;4.8;11.0
5258;5284;2.62;3.0;2.88
5259;5285;1.83;3.3;4.6
5260;5286;2.75;3.1;2.62
5261;5287;4.33;3.25;1.91
5262;5288;1.95;3.2;4.2
5263;5289;1.8;3.2;4.33
5264;5290;1.17;6.0;15.0
5265;5291;2.5;3.0;2.8
5266;5292;1.4;4.0;7.5
5267;5293;1.7;3.3;5.0
5268;5294;1.57;3.4;6.0
5269;5295;3.1;3.1;2.2
5270;5296;2.37;3.0;2.9
5271;5297;1.36;4.0;9.0
5272;5298;2.0;3.1;3.75
5273;5299;3.5;3.0;2.1
5274;5300;3.6;3.0;2.1
5275;5301;1.75;3.2;4.8
5276;5302;1.4;4.0;7.5
5277;5303;4.2;3.2;1.83
5278;5304;1.75;3.2;4.8
5279;5305;2.9;3.0;2.37
5280;5306;2.4;3.0;2.87
5281;5307;2.1;3.0;3.5
5282;5308;3.2;3.0;2.25
5283;5309;2.5;2.9;2.87
5284;5310;1.36;4.0;9.0
5285;5311;2.3;3.0;3.1
5286;5312;1.25;4.8;11.0
5287;5313;2.25;2.9;3.25
5288;5314;1.44;3.75;7.5
5289;5315;2.9;3.0;2.4
5290;5316;1.5;3.5;7.0
5291;5317;2.6;2.9;2.75
5292;5318;1.91;3.25;3.75
5293;5319;1.53;3.6;6.0
5294;5320;2.3;3.0;3.0
5295;5321;2.45;3.0;2.8
5296;5322;2.4;3.0;2.85
5297;5323;1.4;4.0;7.5
5298;5324;2.3;3.0;3.0
5299;5325;1.95;3.2;3.6
5300;5326;2.4;3.0;2.85
5301;5327;2.2;3.0;3.2
5302;5328;3.2;3.0;2.2
5303;5329;6.0;3.75;1.57
5304;5330;1.6;3.3;6.0
5305;5331;2.0;3.0;3.8
5306;5332;1.33;4.0;11.0
5307;5333;1.44;3.6;8.0
5308;5334;2.4;3.0;2.9
5309;5335;1.75;3.3;4.5
5310;5336;2.6;2.9;2.7
5311;5337;2.0;3.0;3.8
5312;5338;2.25;3.1;3.1
5313;5339;1.83;3.2;4.2
5314;5340;1.53;3.6;6.0
5315;5341;7.5;3.75;1.44
5316;5342;2.4;3.0;2.9
5317;5343;2.25;3.0;3.2
5318;5344;1.44;3.75;7.5
5319;5345;2.2;3.0;3.25
5320;5346;1.83;3.25;4.2
5321;5347;3.4;3.0;2.15
5322;5348;2.38;3.0;2.9
5323;5349;2.15;3.0;3.4
5324;5350;1.29;4.8;9.0
5325;5351;1.95;3.1;3.8
5326;5352;1.36;4.0;9.0
5327;5353;3.3;3.1;2.15
5328;5354;1.95;3.1;3.8
5329;5355;1.67;3.4;5.0
5330;5356;1.75;3.25;4.6
5331;5357;3.3;3.2;2.1
5332;5358;2.4;3.0;2.9
5333;5359;1.57;3.6;5.5
5334;5360;1.91;3.2;3.8
5335;5361;3.1;3.0;2.3
5336;5362;2.7;3.0;2.6
5337;5363;2.0;3.1;3.75
5338;5364;2.2;3.1;3.1
5339;5365;1.8;3.2;4.5
5340;5366;2.5;3.1;2.7
5341;5367;1.91;3.2;3.8
5342;5368;2.0;3.2;3.6
5343;5369;3.6;3.1;1.91
5344;5370;1.4;3.75;7.0
5345;5371;2.38;2.88;2.8
5346;5372;2.25;3.0;2.88
5347;5373;1.95;3.0;3.6
5348;5374;1.95;3.0;3.6
5349;5375;2.2;3.0;3.0
5350;5376;2.7;3.0;2.4
5351;5377;1.67;3.2;4.8
5352;5378;3.1;2.88;2.2
5353;5379;2.88;3.0;2.4
5354;5380;1.8;3.2;4.33
5355;5381;2.05;3.0;3.6
5356;5383;2.4;3.0;2.88
5357;5384;2.25;3.0;3.2
5358;5385;1.4;4.0;8.0
5359;5386;5.0;3.75;1.67
5360;5387;1.83;3.2;4.2
5361;5388;3.5;3.2;1.91
5362;5389;2.15;3.0;3.4
5363;5390;1.4;4.0;7.5
5364;5391;2.75;3.0;2.5
5365;5392;2.75;2.9;2.6
5366;5393;1.3;4.5;10.0
5367;5394;1.8;3.25;4.33
5368;5395;2.0;3.0;3.8
5369;5396;2.6;3.0;2.62
5370;5397;1.75;3.25;4.6
5371;5398;3.5;3.2;2.0
5372;5399;3.1;3.1;2.2
5373;5400;1.7;3.3;4.8
5374;5401;2.4;3.0;2.9
5375;5402;1.73;3.25;4.2
5376;5403;1.29;4.5;8.0
5377;5404;1.91;3.2;3.8
5378;5405;2.62;2.9;2.5
5379;5406;2.1;3.0;3.5
5380;5407;1.57;3.4;6.0
5381;5408;3.0;3.0;2.35
5382;5409;1.91;3.25;3.75
5383;5410;2.1;3.0;3.5
5384;5411;7.0;3.8;1.44
5385;5412;2.6;2.9;2.7
5386;5413;1.44;3.8;7.0
5387;5414;1.73;3.3;4.8
5388;5415;2.0;3.0;3.8
5389;5416;1.62;3.4;5.5
5390;5417;2.4;3.0;2.9
5391;5418;1.62;3.4;5.5
5392;5419;5.25;3.5;1.62
5393;5420;2.1;3.1;3.4
5394;5421;3.6;3.25;1.95
5395;5422;1.25;5.5;12.0
5396;5423;1.22;5.25;11.0
5397;5424;2.8;3.1;2.4
5398;5425;1.53;3.5;6.5
5399;5426;2.2;3.1;3.1
5400;5427;1.67;3.4;5.0
5401;5428;2.5;3.1;2.7
5402;5429;3.0;3.1;2.3
5403;5430;1.36;4.2;8.0
5404;5431;2.62;3.0;2.6
5405;5432;3.2;3.0;2.1
5406;5433;1.36;4.2;8.0
5407;5434;1.7;3.3;4.33
5408;5435;3.0;3.2;2.25
5409;5436;1.57;3.6;5.5
5410;5437;1.91;3.2;3.8
5411;5438;2.4;3.1;2.8
5412;5439;2.75;3.0;2.7
5413;5440;1.57;3.6;6.5
5414;5441;2.0;3.2;4.0
5415;5442;1.62;3.6;6.0
5416;5443;1.4;4.5;8.0
5417;5444;2.1;3.2;3.6
5418;5445;3.75;3.2;2.05
5419;5446;1.75;3.4;5.0
5420;5447;2.8;3.1;2.62
5421;5448;4.0;3.3;1.95
5422;5449;1.36;4.0;7.0
5423;5450;1.29;4.5;8.0
5424;5451;2.15;3.1;3.0
5425;5452;2.4;3.0;2.7
5426;5453;1.62;3.5;4.5
5427;5454;1.91;3.2;3.5
5428;5455;1.8;3.25;3.8
5429;5456;1.53;3.5;5.5
5430;5457;1.91;3.2;3.5
5431;5458;5.5;3.5;1.53
5432;5459;3.0;3.2;2.4
5433;5460;3.6;3.3;2.05
5434;5461;5.5;3.75;1.62
5435;5462;1.14;7.0;21.0
5436;5463;1.29;5.5;10.0
5437;5464;2.25;3.25;3.2
5438;5465;2.2;3.3;3.3
5439;5466;2.5;3.2;2.8
5440;5467;5.0;3.5;1.73
5441;5468;1.91;3.2;4.33
5442;5469;2.3;2.9;2.9
5443;5470;2.5;2.9;2.62
5444;5471;2.05;3.0;3.3
5445;5472;1.33;4.0;8.0
5446;5473;2.1;3.0;3.2
5447;5474;1.91;3.0;3.75
5448;5475;1.73;3.2;4.33
5449;5476;1.67;3.2;4.8
5450;5477;2.1;3.0;3.2
5451;5478;1.53;3.5;5.5
5452;5479;2.1;3.0;3.2
5453;5480;1.25;4.5;10.0
5454;5481;3.75;3.2;1.83
5455;5482;1.73;3.2;4.33
5456;5483;1.33;4.0;8.0
5457;5484;2.62;2.9;2.5
5458;5485;2.15;3.0;3.1
5459;5486;2.25;3.0;2.88
5460;5487;1.67;3.3;4.5
5461;5488;1.95;3.1;3.5
5462;5489;5.0;3.3;1.62
5463;5490;3.2;3.0;2.1
5464;5491;2.5;2.9;2.62
5465;5492;2.1;3.0;3.2
5466;5493;1.36;3.75;8.0
5467;5494;2.4;2.9;2.75
5468;5495;2.62;2.9;2.5
5469;5496;1.91;3.1;3.6
5470;5497;1.8;3.1;4.0
5471;5498;1.7;3.2;4.5
5472;5499;1.57;3.3;5.5
5473;5500;1.67;3.2;4.8
5474;5501;2.2;3.0;3.0
5475;5502;1.57;3.3;5.5
5476;5503;2.88;3.0;2.25
5477;5504;1.36;3.75;8.0
5478;5505;1.7;3.2;4.5
5479;5506;1.7;3.2;4.5
5480;5507;2.0;3.0;3.4
5481;5508;4.5;3.2;1.7
5482;5509;3.4;3.0;2.0
5483;5510;2.62;2.9;2.5
5484;5511;4.33;3.3;1.7
5485;5512;1.5;3.4;6.0
5486;5513;2.15;3.0;3.1
5487;5514;1.53;3.5;5.5
5488;5515;1.57;3.5;5.0
5489;5516;3.4;3.2;1.95
5490;5517;1.8;3.25;3.8
5491;5518;1.8;3.25;3.8
5492;5519;3.4;3.0;2.0
5493;5520;1.67;3.2;4.8
5494;5521;2.0;3.0;3.4
5495;5522;1.8;3.1;4.0
5496;5523;1.29;4.33;8.5
5497;5524;1.67;3.3;4.5
5498;5525;2.1;3.0;3.2
5499;5526;3.4;3.2;1.95
5500;5527;2.5;2.9;2.62
5501;5528;1.5;3.4;6.0
5502;5529;1.8;3.2;4.5
5503;5530;2.0;3.1;3.75
5504;5531;1.4;4.0;8.0
5505;5532;1.2;6.0;11.0
5506;5533;2.75;3.0;2.5
5507;5534;2.1;3.1;3.4
5508;5535;1.57;3.5;6.0
5509;5536;2.5;3.0;2.75
5510;5537;1.67;3.4;5.0
5511;5538;1.55;3.5;6.0
5512;5539;7.0;4.0;1.5
5513;5540;1.7;3.3;6.0
5514;5541;2.2;3.1;3.5
5515;5542;2.4;3.2;3.0
5516;5543;2.05;3.1;4.0
5517;5544;2.3;3.1;3.3
5518;5545;1.73;3.5;5.0
5519;5546;1.91;3.25;4.33
5520;5547;1.91;3.2;4.33
5521;5548;2.3;3.1;3.3
5522;5549;1.91;3.25;4.33
5523;5550;2.5;3.1;2.9
5524;5551;2.15;3.1;3.6
5525;5552;1.55;3.75;6.5
5526;5553;1.5;3.75;7.5
5527;5554;1.67;3.6;5.5
5528;5555;2.62;3.1;2.75
5529;5556;2.5;3.1;2.9
5530;5557;1.75;3.4;5.0
5531;5558;3.1;3.1;2.4
5532;5559;3.4;3.0;2.3
5533;5560;1.75;3.2;5.5
5534;5561;2.4;3.1;3.1
5535;5562;1.67;3.5;5.5
5536;5563;2.1;3.2;3.6
5537;5564;2.4;3.1;3.1
5538;5565;2.5;3.1;2.9
5539;5566;2.7;3.1;2.7
5540;5567;2.0;3.1;4.2
5541;5568;2.2;3.2;3.4
5542;5569;2.3;3.1;3.3
5543;5570;1.8;3.4;4.75
5544;5571;2.05;3.1;4.0
5545;5572;3.3;3.2;2.25
5546;5573;2.8;3.1;2.62
5547;5574;1.44;4.0;8.5
5548;5575;1.4;4.33;8.0
5549;5576;1.53;3.75;7.0
5550;5577;2.15;3.0;3.75
5551;5578;2.25;3.1;3.4
5552;5579;5.5;3.3;1.73
5553;5580;3.5;3.2;2.15
5554;5581;1.57;3.8;6.0
5555;5582;2.25;3.1;3.4
5556;5583;2.5;3.1;2.9
5557;5584;1.53;3.8;6.5
5558;5585;1.7;3.6;5.0
5559;5586;2.25;3.2;3.2
5560;5587;2.3;3.2;3.1
5561;5588;3.0;3.2;2.38
5562;5589;2.0;3.1;4.2
5563;5590;2.4;3.0;3.2
5564;5591;2.05;3.1;4.0
5565;5592;2.2;3.0;3.6
5566;5593;2.4;3.0;3.2
5567;5594;2.05;3.1;4.0
5568;5595;1.6;3.5;6.5
5569;5596;2.0;3.1;4.2
5570;5597;2.25;3.0;3.5
5571;5598;1.57;3.6;6.5
5572;5599;3.4;3.2;2.2
5573;5600;2.4;3.1;3.1
5574;5602;3.0;3.1;2.45
5575;5603;4.0;3.25;2.0
5576;5604;1.65;3.5;6.0
5577;5605;1.8;3.3;5.0
5578;5606;2.6;3.0;2.9
5579;5607;2.1;3.25;3.6
5580;5608;1.8;3.3;5.0
5581;5609;6.5;3.8;1.53
5582;5610;3.4;3.1;2.25
5583;5611;2.1;3.1;3.75
5584;5612;2.5;3.1;2.9
5585;5613;2.1;3.1;3.75
5586;5614;1.91;3.3;4.2
5587;5615;1.57;3.6;6.5
5588;5616;2.3;3.1;3.25
5589;5617;2.1;3.2;3.6
5590;5618;3.0;3.2;2.4
5591;5619;2.1;3.1;3.75
5592;5620;1.4;4.33;8.5
5593;5621;2.1;3.3;3.6
5594;5622;2.1;3.0;4.0
5595;5623;2.45;3.0;3.1
5596;5624;1.5;4.0;7.0
5597;5625;1.85;3.3;4.6
5598;5626;1.4;4.33;9.0
5599;5627;2.7;3.1;2.7
5600;5628;2.15;3.0;3.8
5601;5629;3.25;3.1;2.3
5602;5630;1.55;3.6;7.0
5603;5631;3.4;3.25;2.15
5604;5632;3.2;3.1;2.3
5605;5633;1.44;4.0;8.0
5606;5634;2.1;3.2;3.6
5607;5635;1.53;3.75;7.0
5608;5636;2.15;3.1;3.6
5609;5637;3.2;3.1;2.3
5610;5638;2.3;3.1;3.2
5611;5639;3.0;3.0;2.5
5612;5640;1.57;3.6;6.5
5613;5641;2.9;3.0;2.6
5614;5642;4.33;3.2;1.91
5615;5643;2.0;3.3;3.8
5616;5644;1.91;3.25;4.2
5617;5645;2.2;3.0;3.25
5618;5646;2.7;2.9;2.88
5619;5647;1.91;3.1;4.5
5620;5648;3.6;3.3;2.05
5621;5649;1.95;3.1;4.33
5622;5650;1.83;3.25;4.8
5623;5651;2.38;3.1;3.1
5624;5652;1.5;3.8;7.5
5625;5653;1.83;3.2;4.8
5626;5654;2.0;3.2;4.0
5627;5655;4.33;3.1;1.95
5628;5656;1.5;3.75;7.5
5629;5657;1.4;4.5;8.0
5630;5658;2.0;3.2;4.0
5631;5659;7.0;3.6;1.55
5632;5660;1.6;3.6;6.0
5633;5661;2.5;3.2;2.88
5634;5662;1.36;4.5;9.0
5635;5663;1.91;3.25;4.33
5636;5664;3.4;3.3;2.15
5637;5665;2.25;3.2;3.2
5638;5666;2.2;3.2;3.4
5639;5667;2.5;3.2;2.8
5640;5668;3.5;3.25;2.1
5641;5669;3.6;3.2;2.1
5642;5670;2.2;3.25;3.3
5643;5671;2.3;3.25;3.1
5644;5672;2.1;3.2;3.6
5645;5673;1.7;3.4;5.5
5646;5674;1.18;7.0;13.0
5647;5675;2.0;3.3;3.8
5648;5676;2.1;3.2;3.6
5649;5677;2.4;3.25;2.9
5650;5678;1.91;3.25;4.33
5651;5679;5.0;3.3;1.8
5652;5680;1.6;3.75;6.0
5653;5681;1.55;4.0;6.0
5654;5682;2.2;3.1;3.5
5655;5683;2.3;3.1;3.3
5656;5684;1.44;4.33;7.5
5657;5685;1.57;3.6;7.0
5658;5686;3.1;3.1;2.4
5659;5687;3.3;3.3;2.2
5660;5688;2.05;3.1;4.0
5661;5689;1.4;4.0;10.0
5662;5690;2.6;3.0;2.9
5663;5691;2.25;3.0;3.5
5664;5692;2.05;3.0;4.0
5665;5693;2.4;3.1;3.1
5666;5694;1.44;4.0;8.0
5667;5695;1.57;3.5;7.0
5668;5696;3.5;3.0;2.25
5669;5697;3.5;3.0;2.25
5670;5698;2.4;3.0;3.2
5671;5699;3.0;3.0;2.5
5672;5700;1.8;3.2;5.0
5673;5701;2.2;3.1;3.5
5674;5702;2.0;3.1;4.2
5675;5703;3.6;3.2;2.1
5676;5704;1.73;3.3;5.5
5677;5705;1.73;3.3;5.5
5678;5706;1.8;3.2;5.0
5679;5707;2.3;3.0;3.4
5680;5708;2.2;3.1;3.5
5681;5709;3.25;3.1;2.3
5682;5710;2.62;3.25;2.62
5683;5711;2.5;3.2;2.9
5684;5712;1.8;3.3;4.8
5685;5713;1.2;6.0;15.0
5686;5714;2.15;3.1;3.6
5687;5715;2.4;3.2;3.0
5688;5716;2.1;3.2;3.6
5689;5717;1.85;3.3;4.5
5690;5718;2.1;3.1;3.75
5691;5719;3.8;3.3;2.0
5692;5720;1.8;3.2;5.0
5693;5721;2.5;3.0;3.0
5694;5722;1.44;4.2;7.5
5695;5723;2.0;3.2;4.0
5696;5724;2.5;3.0;3.0
5697;5725;1.75;3.4;5.0
5698;5726;2.45;3.0;3.1
5699;5727;1.85;3.3;4.5
5700;5728;3.4;3.2;2.2
5701;5729;2.05;3.1;4.0
5702;5730;4.0;3.3;1.95
5703;5731;1.57;3.6;6.5
5704;5732;1.95;3.3;4.0
5705;5733;1.75;3.4;5.0
5706;5734;1.91;3.4;4.0
5707;5735;2.0;3.2;4.0
5708;5736;1.75;3.3;5.2
5709;5737;1.91;3.1;4.5
5710;5738;2.5;3.2;2.88
5711;5739;4.2;3.2;1.95
5712;5740;3.75;3.1;2.1
5713;5741;1.36;4.5;9.0
5714;5742;2.6;3.1;2.8
5715;5743;4.5;3.1;1.91
5716;5744;1.73;3.6;4.8
5717;5745;1.73;3.5;5.0
5718;5746;1.95;3.2;4.2
5719;5747;2.0;3.2;4.0
5720;5748;2.2;3.1;3.5
5721;5749;2.2;2.9;3.8
5722;5750;2.3;3.1;3.3
5723;5751;1.4;4.2;9.0
5724;5752;1.62;3.5;6.0
5725;5753;2.2;3.0;3.6
5726;5754;2.4;3.1;3.1
5727;5755;2.2;3.1;3.5
5728;5756;1.73;3.3;5.5
5729;5757;3.8;3.0;2.1
5730;5758;1.73;3.3;5.5
5731;5759;2.25;3.1;3.4
5732;5760;1.29;4.8;13.0
5733;5761;3.4;3.1;2.25
5734;5762;3.4;3.3;2.15
5735;5763;1.85;3.3;4.5
5736;5764;1.3;5.0;10.0
5737;5765;1.44;4.0;8.0
5738;5766;4.0;3.2;2.0
5739;5767;1.8;3.25;5.0
5740;5768;1.95;3.25;4.2
5741;5769;3.5;3.2;2.15
5742;5770;2.15;3.1;3.6
5743;5771;1.62;3.6;6.0
5744;5772;3.2;3.2;2.3
5745;5773;2.4;3.0;3.2
5746;5774;2.5;3.2;2.8
5747;5775;1.91;3.1;4.5
5748;5776;2.0;3.2;4.0
5749;5777;1.91;3.2;4.33
5750;5778;2.05;3.0;4.2
5751;5779;2.0;3.0;4.2
5752;5780;1.91;3.2;4.33
5753;5781;3.4;3.0;2.3
5754;5782;2.5;3.0;3.0
5755;5783;3.2;3.2;2.3
5756;5784;1.44;4.2;7.5
5757;5785;1.4;4.33;8.5
5758;5786;2.2;3.0;3.6
5759;5787;1.5;4.0;7.0
5760;5788;2.05;3.1;4.0
5761;5789;2.35;3.3;3.0
5762;5790;1.14;7.5;17.0
5763;5791;1.44;4.0;8.0
5764;5792;1.91;3.3;4.2
5765;5793;2.0;3.2;4.0
5766;5794;1.6;3.75;6.0
5767;5795;2.2;3.0;3.6
5768;5796;2.2;3.0;3.6
5769;5797;2.0;3.3;3.75
5770;5798;3.75;3.3;2.0
5771;5799;4.2;3.25;1.95
5772;5800;2.25;3.0;3.5
5773;5801;1.8;3.25;5.0
5774;5802;2.0;3.1;4.2
5775;5803;2.2;3.0;3.6
5776;5804;2.0;3.0;4.2
5777;5805;2.2;3.1;3.5
5778;5806;3.1;3.1;2.4
5779;5807;4.0;3.2;2.0
5780;5808;2.4;3.1;3.1
5781;5809;3.5;3.1;2.2
5782;5810;2.62;3.2;2.75
5783;5811;1.36;4.6;9.0
5784;5812;2.45;3.0;3.1
5785;5813;1.44;4.0;8.5
5786;5814;1.44;4.33;7.0
5787;5815;1.95;3.25;4.2
5788;5816;3.75;3.3;2.0
5789;5817;2.15;3.25;3.5
5790;5818;2.1;3.0;4.0
5791;5819;4.0;3.5;1.91
5792;5820;2.62;3.25;2.7
5793;5821;3.8;3.3;2.0
5794;5822;2.1;3.4;3.4
5795;5823;1.36;4.5;9.0
5796;5824;3.6;3.1;2.15
5797;5825;1.83;3.4;4.5
5798;5826;1.95;3.3;4.0
5799;5827;2.3;3.1;3.3
5800;5828;2.15;3.1;3.6
5801;5829;2.3;3.1;3.2
5802;5830;1.62;3.5;6.0
5803;5831;1.36;4.8;8.5
5804;5832;1.44;4.4;7.0
5805;5833;3.0;3.2;2.38
5806;5834;1.8;3.25;5.0
5807;5835;2.2;3.3;3.3
5808;5836;1.83;3.4;4.5
5809;5837;1.95;3.3;4.0
5810;5838;2.25;3.0;3.5
5811;5839;5.5;3.5;1.67
5812;5840;1.91;3.2;4.5
5813;5841;2.1;3.0;4.0
5814;5842;2.1;3.4;3.4
5815;5843;1.83;3.2;5.0
5816;5844;2.5;3.0;3.0
5817;5845;3.0;3.0;2.5
5818;5846;1.4;4.5;8.0
5819;5847;5.0;3.5;1.73
5820;5848;1.95;3.1;4.33
5821;5849;3.5;3.1;2.05
5822;5850;2.3;3.0;3.1
5823;5851;1.8;3.25;4.33
5824;5852;1.5;3.6;6.5
5825;5853;2.9;3.1;2.38
5826;5854;2.25;3.0;3.2
5827;5855;2.3;3.0;3.1
5828;5856;1.95;3.1;3.8
5829;5857;3.1;3.1;2.25
5830;5858;2.15;3.0;3.4
5831;5859;1.83;3.2;4.2
5832;5860;2.6;2.9;2.7
5833;5861;3.0;2.9;2.38
5834;5862;1.44;3.8;7.0
5835;5863;1.57;3.5;6.0
5836;5864;1.83;3.1;4.33
5837;5865;3.1;3.0;2.3
5838;5866;1.36;4.0;9.0
5839;5867;1.62;3.25;6.0
5840;5868;1.75;3.2;4.8
5841;5869;5.5;3.75;1.62
5842;5870;2.6;3.1;2.8
5843;5871;1.83;3.5;4.33
5844;5872;2.1;3.2;3.6
5845;5873;2.3;3.1;3.3
5846;5874;2.0;3.2;4.0
5847;5875;2.1;3.2;3.6
5848;5876;2.1;3.2;3.6
5849;5877;2.2;3.2;3.4
5850;5878;2.1;3.2;3.6
5851;5879;1.95;3.2;4.2
5852;5880;2.5;3.0;3.0
5853;5881;3.1;3.1;2.4
5854;5882;2.9;3.0;2.6
5855;5883;2.3;3.0;3.4
5856;5884;1.62;3.75;5.5
5857;5885;1.4;4.0;9.5
5858;5886;1.5;3.75;7.5
5859;5887;2.75;3.0;2.75
5860;5888;2.75;3.0;2.75
5861;5889;3.4;3.1;2.1
5862;5890;1.67;3.4;5.0
5863;5891;1.75;3.3;4.5
5864;5892;1.8;3.2;4.5
5865;5893;3.0;3.1;2.3
5866;5894;1.6;3.5;5.5
5867;5895;1.91;3.1;4.0
5868;5896;2.9;3.0;2.38
5869;5897;1.95;3.1;3.8
5870;5898;2.2;3.0;3.25
5871;5899;2.62;2.9;3.0
5872;5900;1.57;3.75;6.0
5873;5901;2.3;3.1;3.2
5874;5902;3.0;3.0;2.5
5875;5903;2.1;3.2;3.6
5876;5904;2.2;3.1;3.5
5877;5905;1.44;4.0;8.0
5878;5906;2.0;3.2;4.0
5879;5907;2.7;3.1;2.7
5880;5908;2.7;3.0;2.8
5881;5909;2.6;3.0;2.88
5882;5910;1.83;3.5;4.33
5883;5911;2.3;3.0;3.4
5884;5912;2.38;3.0;3.2
5885;5913;2.9;3.1;2.5
5886;5914;1.57;4.0;5.5
5887;5915;2.25;3.1;3.4
5888;5916;3.4;3.1;2.25
5889;5917;3.75;3.2;2.05
5890;5918;1.62;3.75;5.5
5891;5919;5.5;3.6;1.67
5892;5920;3.2;3.2;2.3
5893;5921;2.2;3.1;3.5
5894;5922;2.38;3.1;3.1
5895;5923;1.36;4.5;9.5
5896;5924;1.5;4.0;7.0
5897;5925;2.75;3.1;2.62
5898;5926;2.0;3.25;4.0
5899;5927;2.7;3.1;2.7
5900;5928;2.05;3.25;3.75
5901;5929;2.38;3.1;3.1
5902;5930;1.73;3.5;5.0
5903;5931;2.7;3.1;2.7
5904;5932;2.25;3.2;3.3
5905;5933;2.2;3.1;3.5
5906;5934;1.29;5.0;11.0
5907;5935;2.3;3.1;3.2
5908;5936;1.25;5.5;12.0
5909;5937;2.1;3.2;3.6
5910;5938;2.0;3.4;3.75
5911;5939;4.0;3.0;2.1
5912;5940;2.7;3.0;2.8
5913;5941;4.33;3.1;1.95
5914;5942;2.7;3.0;2.8
5915;5943;1.67;3.4;6.0
5916;5944;1.62;3.4;6.5
5917;5945;2.2;3.1;3.5
5918;5946;1.4;4.2;9.0
5919;5947;2.4;3.0;3.2
5920;5948;3.3;3.1;2.3
5921;5949;2.5;3.0;3.0
5922;5950;3.3;3.1;2.3
5923;5951;1.91;3.1;4.5
5924;5952;1.36;4.5;9.5
5925;5953;1.5;3.6;8.0
5926;5954;1.44;4.0;8.5
5927;5955;2.4;2.9;3.3
5928;5956;1.83;3.2;4.8
5929;5957;2.5;3.0;3.0
5930;5958;3.3;3.1;2.3
5931;5959;3.0;3.0;2.5
5932;5960;2.2;2.9;3.75
5933;5961;3.25;3.1;2.3
5934;5962;2.75;3.1;2.62
5935;5963;1.73;3.5;5.0
5936;5964;2.62;3.1;2.75
5937;5965;2.4;3.1;3.1
5938;5966;1.25;5.5;13.0
5939;5967;2.88;3.2;2.45
5940;5968;2.2;3.1;3.5
5941;5969;3.2;3.2;2.3
5942;5970;1.91;3.1;4.5
5943;5971;1.4;4.33;8.5
5944;5972;1.7;3.6;5.0
5945;5973;2.3;3.3;3.1
5946;5974;1.91;3.3;4.33
5947;5975;1.73;3.5;5.0
5948;5976;1.53;3.75;7.0
5949;5977;2.6;3.25;2.7
5950;5978;2.2;3.1;3.6
5951;5979;5.5;4.0;1.6
5952;5980;1.75;3.5;4.8
5953;5981;2.4;3.0;3.2
5954;5982;4.0;3.2;2.0
5955;5983;2.2;3.3;3.3
5956;5984;2.4;3.1;3.1
5957;5985;1.7;3.4;5.5
5958;5986;1.85;3.4;4.4
5959;5987;3.1;3.1;2.4
5960;5988;1.44;4.0;8.0
5961;5989;1.91;3.2;4.33
5962;5990;1.29;5.5;10.0
5963;5991;3.1;3.1;2.4
5964;5992;1.75;3.4;5.0
5965;5993;1.75;3.2;5.5
5966;5994;1.62;3.6;6.0
5967;5995;1.91;3.2;4.33
5968;5996;4.0;3.2;2.0
5969;5997;1.73;3.3;5.5
5970;5998;2.6;3.0;2.9
5971;5999;4.8;3.6;1.75
5972;6000;1.57;3.8;6.0
5973;6001;2.25;2.9;3.6
5974;6002;2.05;3.1;4.0
5975;6003;2.7;3.2;2.62
5976;6004;1.4;4.2;9.0
5977;6005;1.53;3.75;7.0
5978;6006;1.85;3.3;4.5
5979;6007;2.3;3.1;3.25
5980;6008;2.15;3.2;3.5
5981;6009;1.8;3.25;5.0
5982;6010;3.1;3.1;2.4
5983;6011;1.36;4.33;10.0
5984;6012;1.8;3.3;4.8
5985;6013;4.2;3.2;1.95
5986;6014;2.05;3.2;3.75
5987;6015;3.2;3.2;2.25
5988;6016;1.7;3.6;5.0
5989;6017;1.73;3.3;5.5
5990;6018;3.2;3.2;2.25
5991;6019;3.75;3.1;2.1
5992;6020;2.25;3.0;3.5
5993;6021;1.6;3.5;6.5
5994;6022;2.5;3.0;3.0
5995;6023;1.3;5.0;11.0
5996;6024;2.7;3.1;2.7
5997;6025;2.0;3.2;4.0
5998;6026;2.0;3.2;4.0
5999;6027;1.6;3.5;6.5
6000;6028;2.0;3.2;4.0
6001;6029;2.8;3.1;2.6
6002;6030;1.83;3.2;4.8
6003;6031;2.0;3.2;4.0
6004;6032;2.9;3.1;2.5
6005;6033;2.3;3.1;3.3
6006;6034;2.2;3.1;3.5
6007;6035;2.6;3.1;2.8
6008;6036;2.5;3.1;2.9
6009;6037;1.62;3.6;6.0
6010;6038;1.67;3.5;5.5
6011;6039;2.0;3.1;4.2
6012;6040;4.0;3.2;2.0
6013;6041;2.75;3.1;2.62
6014;6042;1.53;3.8;6.5
6015;6043;1.73;3.5;4.8
6016;6044;1.4;4.5;8.0
6017;6045;3.0;3.2;2.4
6018;6046;2.75;3.1;2.62
6019;6047;1.75;3.4;5.0
6020;6048;1.62;3.6;6.0
6021;6049;2.3;3.2;3.1
6022;6050;2.0;3.1;4.2
6023;6051;2.2;3.1;3.5
6024;6052;2.5;3.2;2.88
6025;6053;2.0;3.3;3.8
6026;6054;1.57;3.6;6.5
6027;6055;3.1;3.1;2.38
6028;6056;1.33;4.8;9.5
6029;6057;2.0;3.2;4.0
6030;6058;4.5;3.5;1.8
6031;6059;2.35;3.15;3.1
6032;6060;1.91;3.25;4.33
6033;6061;3.4;3.1;2.25
6034;6062;1.67;3.5;5.5
6035;6063;1.36;4.5;9.0
6036;6064;1.3;5.0;10.0
6037;6065;4.0;3.2;2.0
6038;6066;1.5;3.8;7.5
6039;6067;2.15;3.1;3.6
6040;6068;1.85;3.25;4.6
6041;6069;2.7;3.0;2.8
6042;6070;2.5;3.0;3.0
6043;6071;2.2;3.0;3.6
6044;6072;2.5;3.0;3.0
6045;6073;3.4;3.0;2.3
6046;6074;1.53;3.75;7.0
6047;6075;2.62;2.9;3.0
6048;6076;1.83;3.4;4.5
6049;6077;2.5;3.0;3.0
6050;6078;2.5;3.0;3.0
6051;6079;2.3;3.1;3.25
6052;6080;2.55;3.1;2.88
6053;6081;3.75;3.2;2.05
6054;6082;2.15;3.2;3.5
6055;6083;2.3;3.2;3.1
6056;6084;2.0;3.2;4.0
6057;6085;2.15;3.2;3.5
6058;6086;2.75;3.1;2.65
6059;6087;1.53;3.75;7.0
6060;6088;1.95;3.1;4.33
6061;6089;1.62;3.6;6.0
6062;6090;2.1;3.1;3.75
6063;6091;3.6;3.2;2.1
6064;6092;1.44;4.0;8.0
6065;6093;2.6;3.0;2.88
6066;6094;1.57;3.6;6.5
6067;6095;3.6;3.2;2.1
6068;6096;1.22;6.0;13.0
6069;6097;1.67;3.5;5.5
6070;6098;3.0;3.1;2.45
6071;6099;4.0;3.25;2.0
6072;6100;2.9;3.0;2.6
6073;6101;4.5;3.5;1.8
6074;6102;1.91;3.2;4.33
6075;6103;2.5;3.0;3.0
6076;6104;1.5;3.75;7.5
6077;6105;2.05;3.1;4.0
6078;6106;1.62;3.4;6.5
6079;6107;1.8;3.2;5.0
6080;6108;2.25;3.2;3.3
6081;6109;2.3;3.1;3.3
6082;6110;1.5;3.75;8.0
6083;6111;4.2;3.3;1.91
6084;6112;1.62;3.3;7.0
6085;6113;2.0;3.0;4.33
6086;6114;1.4;4.2;9.0
6087;6115;3.3;3.1;2.3
6088;6116;2.1;3.0;4.0
6089;6117;2.5;3.0;3.0
6090;6118;2.4;3.0;3.2
6091;6119;2.62;3.0;2.9
6092;6120;2.4;3.0;3.2
6093;6121;2.3;3.0;3.4
6094;6122;3.75;3.1;2.1
6095;6123;1.4;4.2;9.0
6096;6124;1.8;3.25;5.0
6097;6125;2.9;3.0;2.62
6098;6126;1.7;3.4;5.5
6099;6127;1.75;3.2;5.5
6100;6128;2.5;3.0;3.0
6101;6129;2.3;3.2;3.1
6102;6130;1.8;3.3;4.8
6103;6131;4.2;3.3;1.91
6104;6132;3.8;3.2;2.05
6105;6133;3.0;3.2;2.4
6106;6134;1.5;4.0;7.0
6107;6135;2.4;3.3;2.9
6108;6136;2.3;3.2;3.2
6109;6137;2.62;3.1;2.75
6110;6138;1.5;4.0;7.0
6111;6139;2.4;3.1;3.1
6112;6140;1.6;3.5;6.5
6113;6141;1.95;3.25;4.1
6114;6142;1.73;3.5;5.0
6115;6143;2.0;3.25;3.8
6116;6144;3.1;3.1;2.4
6117;6145;4.1;3.25;1.95
6118;6146;2.5;3.2;2.8
6119;6147;1.73;3.5;5.0
6120;6148;2.0;3.1;4.2
6121;6149;2.9;3.0;2.6
6122;6150;5.0;3.25;1.8
6123;6151;2.9;3.1;2.5
6124;6152;2.4;3.0;3.2
6125;6153;3.0;3.0;2.5
6126;6154;1.4;4.0;10.0
6127;6155;1.44;4.0;8.0
6128;6156;2.3;2.9;3.5
6129;6157;1.91;3.3;4.2
6130;6158;2.5;3.0;3.0
6131;6159;3.8;3.3;2.0
6132;6160;1.29;5.0;11.0
6133;6161;3.5;3.25;2.1
6134;6162;1.75;3.4;5.0
6135;6163;2.55;3.1;2.88
6136;6164;1.67;3.5;5.5
6137;6165;1.7;3.6;5.0
6138;6166;1.95;3.3;4.0
6139;6167;2.6;3.2;2.75
6140;6168;1.95;3.3;4.0
6141;6169;2.5;3.1;2.9
6142;6170;2.45;3.1;3.0
6143;6171;2.75;3.2;2.4
6144;6172;2.6;3.1;2.75
6145;6173;4.6;3.8;1.73
6146;6174;2.6;3.1;2.75
6147;6175;1.44;4.33;7.0
6148;6176;1.44;4.33;7.0
6149;6177;2.1;3.2;3.6
6150;6178;1.33;4.75;10.0
6151;6179;2.2;3.1;3.5
6152;6180;3.2;3.25;2.25
6153;6181;2.25;3.2;3.25
6154;6182;2.55;3.2;2.8
6155;6183;2.05;3.25;3.8
6156;6184;1.53;3.8;6.5
6157;6185;1.7;3.6;5.0
6158;6186;2.45;3.1;3.0
6159;6187;2.7;3.1;2.7
6160;6188;2.0;3.25;3.9
6161;6189;2.4;3.1;3.1
6162;6190;2.4;3.1;3.1
6163;6191;2.9;3.0;2.6
6164;6192;2.4;3.1;3.1
6165;6193;2.4;3.1;3.1
6166;6194;1.6;4.0;5.5
6167;6195;1.75;3.6;4.75
6168;6196;1.4;4.5;8.0
6169;6197;4.0;3.5;1.91
6170;6198;1.67;3.5;5.5
6171;6199;2.5;3.1;2.9
6172;6200;2.0;3.2;4.0
6173;6201;1.29;5.0;12.0
6174;6202;1.83;3.5;4.33
6175;6203;1.44;4.0;8.0
6176;6204;2.5;3.1;2.9
6177;6205;2.25;3.2;3.2
6178;6206;2.1;3.25;3.6
6179;6207;1.73;3.5;5.0
6180;6208;4.33;3.5;1.83
6181;6209;3.25;3.1;2.3
6182;6210;1.8;3.2;5.0
6183;6211;2.2;3.1;3.5
6184;6212;2.3;3.1;3.25
6185;6213;2.62;3.1;2.8
6186;6214;1.91;3.1;4.5
6187;6215;2.4;3.1;3.1
6188;6216;2.75;3.0;2.7
6189;6217;2.0;3.1;4.2
6190;6218;1.57;3.8;6.0
6191;6219;6.0;3.75;1.57
6192;6220;2.5;3.3;2.75
6193;6221;1.36;4.5;9.0
6194;6222;4.5;3.75;1.73
6195;6223;1.8;3.75;4.2
6196;6224;1.75;3.75;4.33
6197;6225;2.5;3.1;2.9
6198;6226;2.1;3.25;3.5
6199;6227;2.38;3.2;3.0
6200;6228;2.2;3.25;3.25
6201;6229;1.83;3.1;5.0
6202;6230;2.0;3.1;4.2
6203;6231;2.2;3.2;3.4
6204;6232;2.0;3.1;4.2
6205;6233;1.57;3.5;7.0
6206;6234;2.3;3.0;3.4
6207;6235;1.73;3.3;5.5
6208;6236;2.3;3.0;3.4
6209;6237;2.8;3.0;2.7
6210;6238;2.7;3.1;2.7
6211;6239;2.5;3.0;3.0
6212;6240;1.83;3.25;4.75
6213;6241;2.5;3.0;3.0
6214;6242;5.0;3.4;1.75
6215;6243;1.75;3.4;5.0
6216;6244;1.7;3.5;5.25
6217;6245;2.38;3.1;3.1
6218;6246;1.44;4.0;8.0
6219;6247;3.1;3.1;2.4
6220;6248;2.38;3.25;3.0
6221;6249;2.05;3.1;4.0
6222;6250;2.7;3.0;2.8
6223;6251;4.0;3.0;2.1
6224;6252;1.44;4.0;8.0
6225;6253;2.1;3.0;4.0
6226;6254;2.2;3.2;3.4
6227;6255;2.0;3.0;4.33
6228;6256;1.73;3.3;5.5
6229;6257;2.5;3.0;3.0
6230;6258;1.91;3.1;4.5
6231;6259;3.25;3.1;2.3
6232;6260;2.8;3.1;2.62
6233;6261;4.33;3.2;1.91
6234;6262;2.4;3.0;3.2
6235;6263;2.2;3.1;3.5
6236;6264;1.44;4.0;8.0
6237;6265;2.4;3.1;3.1
6238;6266;1.36;4.5;9.0
6239;6267;2.4;3.0;3.2
6240;6268;2.4;3.2;3.0
6241;6269;2.0;3.1;4.2
6242;6270;1.91;3.0;4.8
6243;6271;2.2;3.0;3.6
6244;6272;1.6;3.6;6.0
6245;6273;1.75;3.2;5.5
6246;6274;2.7;3.0;2.75
6247;6275;2.0;3.1;4.2
6248;6276;1.83;3.2;5.0
6249;6277;1.75;3.2;5.5
6250;6278;3.4;3.0;2.3
6251;6279;2.25;3.2;3.25
6252;6280;2.0;3.3;3.75
6253;6281;2.0;3.3;3.75
6254;6282;1.8;3.4;4.8
6255;6283;1.83;3.4;4.5
6256;6284;1.4;4.5;8.0
6257;6285;2.25;3.2;3.3
6258;6286;2.2;3.3;3.3
6259;6287;2.3;3.1;3.3
6260;6288;2.4;3.2;3.0
6261;6289;1.83;3.2;4.8
6262;6290;2.75;3.1;2.62
6263;6291;2.15;3.0;3.75
6264;6292;2.0;3.1;4.2
6265;6293;1.33;4.5;11.0
6266;6294;3.4;3.1;2.25
6267;6295;2.5;3.0;3.0
6268;6296;2.9;3.0;2.6
6269;6297;2.3;3.1;3.3
6270;6298;2.5;3.0;3.0
6271;6299;2.7;3.2;2.62
6272;6300;1.6;3.6;6.0
6273;6301;1.75;3.4;5.0
6274;6302;1.7;3.6;5.0
6275;6303;7.0;3.75;1.53
6276;6304;1.8;3.5;4.5
6277;6305;2.05;3.2;3.75
6278;6306;2.3;3.2;3.2
6279;6307;1.5;3.8;7.5
6280;6308;2.25;3.2;3.3
6281;6309;3.4;3.2;2.2
6282;6310;2.1;3.1;3.8
6283;6311;2.8;3.2;2.5
6284;6312;3.4;3.0;2.3
6285;6313;1.53;4.0;6.0
6286;6314;2.0;3.2;4.0
6287;6315;1.53;4.0;6.0
6288;6316;1.67;3.5;5.5
6289;6317;3.3;3.1;2.3
6290;6318;1.67;3.5;5.5
6291;6319;2.4;3.1;3.1
6292;6320;1.36;4.33;10.0
6293;6321;2.5;3.1;2.9
6294;6322;1.44;4.0;8.0
6295;6323;3.0;3.2;2.4
6296;6324;2.3;3.1;3.3
6297;6325;1.4;4.2;9.0
6298;6326;4.33;3.2;1.91
6299;6327;1.62;3.6;6.0
6300;6328;3.1;3.1;2.4
6301;6329;1.91;3.3;4.33
6302;6330;2.5;3.1;2.9
6303;6331;3.2;3.3;2.25
6304;6332;3.0;3.2;2.38
6305;6333;1.4;4.33;8.5
6306;6334;2.62;3.3;2.62
6307;6335;1.57;3.75;6.5
6308;6336;2.3;3.2;3.1
6309;6337;2.2;3.2;3.4
6310;6338;2.3;3.1;3.3
6311;6339;2.4;3.2;3.0
6312;6340;2.5;3.0;3.0
6313;6341;2.4;3.0;3.2
6314;6342;1.2;6.0;15.0
6315;6343;2.2;3.0;3.6
6316;6344;1.73;3.3;5.5
6317;6345;1.8;3.5;4.5
6318;6346;2.6;3.0;2.9
6319;6347;2.7;3.0;2.8
6320;6348;2.3;3.0;3.4
6321;6349;2.88;3.2;2.5
6322;6350;1.5;4.0;7.0
6323;6351;3.5;3.2;2.15
6324;6352;2.1;3.25;3.6
6325;6353;1.44;4.2;7.5
6326;6354;2.4;3.2;3.0
6327;6355;1.75;3.4;5.0
6328;6356;4.5;3.4;1.83
6329;6357;3.5;3.25;2.15
6330;6358;1.67;3.5;5.5
6331;6359;1.67;3.4;6.0
6332;6360;1.67;3.5;5.5
6333;6361;2.7;3.1;2.7
6334;6362;1.25;5.5;12.0
6335;6363;3.5;3.0;2.25
6336;6364;1.67;3.4;6.0
6337;6365;2.2;3.1;3.5
6338;6366;4.0;3.2;2.0
6339;6367;1.7;3.4;5.5
6340;6368;2.7;3.1;2.7
6341;6369;1.83;3.1;5.0
6342;6370;3.2;3.2;2.3
6343;6371;2.05;3.1;4.0
6344;6372;3.0;3.0;2.5
6345;6373;1.83;3.4;4.5
6346;6374;1.75;3.4;5.0
6347;6375;1.73;3.5;5.0
6348;6376;1.4;4.2;9.0
6349;6377;2.4;3.0;3.2
6350;6378;4.5;3.5;1.8
6351;6379;1.62;3.75;5.5
6352;6380;3.5;3.1;2.2
6353;6381;1.85;3.4;4.33
6354;6382;3.9;3.25;2.0
6355;6383;2.0;3.2;3.9
6356;6384;1.75;3.4;5.0
6357;6385;2.3;3.1;3.3
6358;6386;2.6;3.0;2.9
6359;6387;2.3;3.2;3.2
6360;6388;1.73;3.6;4.8
6361;6389;2.7;3.0;2.8
6362;6390;2.5;3.0;3.0
6363;6391;1.44;4.0;8.0
6364;6392;7.0;4.0;1.5
6365;6393;2.1;3.1;3.8
6366;6394;1.57;3.5;7.0
6367;6395;1.67;3.5;5.5
6368;6396;1.91;3.3;4.2
6369;6397;1.67;3.5;5.5
6370;6398;1.85;3.3;4.5
6371;6399;6.5;3.6;1.57
6372;6400;1.75;3.4;5.0
6373;6401;2.1;3.1;3.75
6374;6402;2.25;3.2;3.2
6375;6403;1.44;4.0;8.0
6376;6404;2.8;3.0;2.7
6377;6405;1.36;4.33;9.5
6378;6406;1.44;4.0;8.0
6379;6407;2.1;3.1;3.75
6380;6408;1.91;3.2;4.33
6381;6409;1.85;3.1;5.0
6382;6410;1.85;3.3;4.5
6383;6411;4.33;3.0;2.0
6384;6412;2.1;3.1;3.75
6385;6413;1.14;7.5;19.0
6386;6414;2.3;3.0;3.4
6387;6415;2.4;3.1;3.1
6388;6416;2.05;3.25;3.8
6389;6417;4.2;3.2;1.95
6390;6418;4.2;3.2;1.95
6391;6419;2.7;3.1;2.7
6392;6420;3.1;3.1;2.4
6393;6421;4.0;3.0;2.1
6394;6422;3.3;3.1;2.3
6395;6423;1.73;3.3;5.5
6396;6424;1.62;3.6;6.0
6397;6425;1.36;4.8;8.5
6398;6426;1.95;3.3;4.0
6399;6427;2.2;3.2;3.4
6400;6428;1.7;3.4;5.5
6401;6429;2.0;3.3;3.8
6402;6430;1.53;3.5;8.0
6403;6431;2.62;3.1;2.8
6404;6432;2.5;3.0;3.0
6405;6433;1.53;3.75;7.0
6406;6434;3.0;3.0;2.5
6407;6435;2.7;3.1;2.7
6408;6436;1.53;3.75;7.0
6409;6437;2.05;3.1;4.0
6410;6438;3.1;3.3;2.3
6411;6439;3.75;3.3;2.0
6412;6440;2.6;3.1;2.8
6413;6441;1.75;3.4;5.0
6414;6442;3.25;3.2;2.25
6415;6443;1.4;4.33;8.5
6416;6444;2.5;3.1;2.9
6417;6445;1.44;4.0;8.0
6418;6446;1.5;3.75;7.5
6419;6447;3.5;3.2;2.15
6420;6448;4.5;3.4;1.83
6421;6449;3.2;3.0;2.4
6422;6450;3.6;3.3;2.05
6423;6451;2.0;3.3;3.75
6424;6452;1.95;3.25;4.2
6425;6453;2.15;3.1;3.6
6426;6454;1.2;5.5;21.0
6427;6455;2.15;3.1;3.6
6428;6456;2.1;3.0;4.0
6429;6457;2.0;3.2;4.0
6430;6458;1.73;3.3;5.5
6431;6459;2.62;3.1;2.8
6432;6460;2.3;3.0;3.4
6433;6461;2.62;3.1;2.8
6434;6462;1.91;3.2;4.33
6435;6463;1.91;3.4;4.0
6436;6464;1.67;3.75;5.0
6437;6465;1.5;4.0;7.0
6438;6466;4.0;3.1;2.05
6439;6467;6.5;4.0;1.5
6440;6468;1.75;3.4;5.0
6441;6469;3.5;3.1;2.2
6442;6470;1.44;4.0;8.5
6443;6471;2.9;3.2;2.5
6444;6472;1.73;3.75;4.6
6445;6473;3.5;3.25;2.15
6446;6474;1.8;3.4;4.8
6447;6475;1.53;4.0;6.5
6448;6476;1.67;3.6;5.5
6449;6477;2.05;3.4;3.6
6450;6478;2.3;3.2;3.2
6451;6479;2.3;3.1;3.3
6452;6480;4.5;3.1;1.91
6453;6481;1.91;3.1;4.5
6454;6482;1.91;3.1;4.5
6455;6483;1.5;3.6;8.0
6456;6484;2.0;3.4;3.75
6457;6485;6.0;3.8;1.57
6458;6486;1.8;3.25;5.0
6459;6487;2.1;3.1;3.75
6460;6488;1.83;3.2;4.8
6461;6489;2.7;3.1;2.7
6462;6490;1.53;3.75;7.0
6463;6491;2.8;3.1;2.6
6464;6492;2.25;3.1;3.4
6465;6493;2.25;3.1;3.4
6466;6494;2.6;3.1;2.8
6467;6495;1.2;6.0;15.0
6468;6496;2.8;3.0;2.7
6469;6497;2.2;3.1;3.5
6470;6498;3.4;3.1;2.25
6471;6499;3.6;3.1;2.15
6472;6500;1.5;3.6;8.0
6473;6501;1.67;3.2;6.5
6474;6502;1.44;4.0;8.0
6475;6503;1.53;3.5;8.0
6476;6504;2.75;3.0;2.7
6477;6505;2.8;2.88;2.8
6478;6506;3.0;3.0;2.5
6479;6507;2.4;3.1;3.1
6480;6508;2.5;3.0;3.0
6481;6509;3.25;3.25;2.25
6482;6510;2.4;3.25;2.9
6483;6511;2.4;3.1;3.1
6484;6512;3.8;3.2;2.05
6485;6513;1.62;3.75;5.5
6486;6514;2.25;3.2;3.2
6487;6515;1.7;3.6;5.0
6488;6516;1.7;3.6;5.0
6489;6517;2.6;3.1;2.8
6490;6518;1.8;3.5;4.5
6491;6519;2.7;3.0;2.75
6492;6520;1.91;3.1;4.5
6493;6521;4.2;3.5;1.83
6494;6522;2.05;3.2;3.75
6495;6523;1.5;4.33;6.0
6496;6524;2.8;3.0;2.7
6497;6525;1.57;3.7;6.5
6498;6526;1.73;3.5;5.0
6499;6527;3.6;3.2;2.1
6500;6528;1.95;3.0;4.5
6501;6529;1.91;3.3;4.2
6502;6530;1.7;3.4;5.5
6503;6531;1.85;3.3;4.5
6504;6532;1.62;3.4;6.5
6505;6533;2.1;3.1;3.75
6506;6534;4.0;3.4;1.91
6507;6535;3.3;3.1;2.3
6508;6536;1.5;4.0;7.0
6509;6537;2.15;3.1;3.6
6510;6538;2.1;3.1;3.75
6511;6539;2.38;3.0;3.2
6512;6540;2.3;3.0;3.4
6513;6541;2.62;3.0;2.9
6514;6542;2.62;3.0;2.9
6515;6543;2.1;3.2;3.6
6516;6544;2.0;3.3;3.8
6517;6545;2.0;3.4;3.8
6518;6546;1.91;3.2;4.5
6519;6547;6.0;3.4;1.67
6520;6548;3.6;3.4;2.05
6521;6549;3.3;3.3;2.2
6522;6550;1.4;4.0;10.0
6523;6551;2.25;3.25;3.2
6524;6552;2.2;3.3;3.3
6525;6553;1.5;3.75;7.5
6526;6554;2.25;3.1;3.4
6527;6555;1.83;3.5;4.2
6528;6556;1.45;4.2;7.5
6529;6557;2.8;3.0;2.7
6530;6558;2.05;3.1;4.0
6531;6559;3.0;3.0;2.5
6532;6560;2.7;3.0;2.8
6533;6561;1.67;3.6;5.5
6534;6562;2.8;3.0;2.7
6535;6563;5.0;3.4;1.75
6536;6564;1.4;4.2;9.0
6537;6565;3.0;3.0;2.5
6538;6566;2.4;3.0;3.2
6539;6567;1.83;3.2;5.0
6540;6568;2.38;3.2;3.0
6541;6569;1.57;3.75;6.0
6542;6570;1.5;3.75;7.5
6543;6571;2.88;3.0;2.62
6544;6572;1.25;5.5;12.0
6545;6573;2.4;3.0;3.2
6546;6574;2.88;2.7;2.88
6547;6575;1.57;3.75;6.0
6548;6576;2.0;3.25;4.0
6549;6577;3.75;3.1;2.1
6550;6578;2.5;3.0;3.0
6551;6579;2.3;3.1;3.3
6552;6580;2.4;3.1;3.1
6553;6581;2.3;3.2;3.2
6554;6582;2.9;2.8;2.8
6555;6583;2.8;2.8;2.9
6556;6584;1.36;4.5;9.0
6557;6585;3.4;3.2;2.2
6558;6586;3.0;3.2;2.38
6559;6587;1.7;3.4;5.5
6560;6588;2.3;3.2;3.2
6561;6589;1.7;3.4;5.5
6562;6590;4.0;3.5;1.91
6563;6591;1.57;3.8;6.0
6564;6592;2.62;3.0;2.9
6565;6593;1.14;7.5;19.0
6566;6594;2.15;3.2;3.5
6567;6595;2.5;3.2;2.8
6568;6596;1.85;3.4;4.33
6569;6597;2.25;3.1;3.4
6570;6598;2.05;3.5;3.4
6571;6599;3.4;3.2;2.2
6572;6600;3.0;2.5;3.0
6573;6601;2.0;3.2;4.0
6574;6602;2.7;3.0;2.8
6575;6603;1.95;3.3;4.0
6576;6604;4.2;3.2;1.95
6577;6605;1.36;4.5;9.0
6578;6606;1.6;3.6;6.0
6579;6607;2.4;3.1;3.1
6580;6608;2.8;3.2;2.5
6581;6609;2.4;3.2;3.0
6582;6610;2.5;3.2;2.88
6583;6611;1.67;3.5;5.5
6584;6612;2.0;3.2;4.0
6585;6613;2.1;3.2;3.6
6586;6614;1.57;3.6;4.8
6587;6615;1.91;3.3;4.2
6588;6616;3.4;3.2;2.2
6589;6617;1.67;3.5;5.5
6590;6618;2.7;3.25;2.6
6591;6619;2.38;3.4;2.9
6592;6620;1.4;4.5;8.0
6593;6621;3.25;3.2;2.25
6594;6622;2.1;3.2;3.6
6595;6623;1.44;4.33;7.0
6596;6624;3.2;3.1;2.3
6597;6625;1.83;3.4;4.5
6598;6626;1.53;3.8;6.5
6599;6627;4.0;3.4;1.91
6600;6628;2.45;2.88;2.75
6601;6629;4.5;3.8;1.73
6602;6630;1.53;3.75;7.0
6603;6631;2.7;3.1;2.7
6604;6632;1.95;3.2;4.2
6605;6633;1.4;4.33;8.5
6606;6634;2.25;3.2;3.3
6607;6635;2.3;3.1;3.2
6608;6636;2.2;3.2;3.4
6609;6637;2.15;3.2;3.5
6610;6638;2.2;3.2;3.4
6611;6639;1.95;3.0;4.5
6612;6640;2.62;3.1;2.8
6613;6641;2.15;3.0;3.75
6614;6642;3.0;3.0;2.5
6615;6643;2.2;3.1;3.5
6616;6644;1.22;5.5;17.0
6617;6645;2.5;3.2;2.8
6618;6646;1.67;3.4;6.0
6619;6647;2.8;3.1;2.6
6620;6648;3.1;3.1;2.4
6621;6649;1.75;3.4;5.0
6622;6650;3.3;3.2;2.2
6623;6651;1.4;4.5;8.0
6624;6652;2.88;3.1;2.5
6625;6653;1.67;3.5;5.5
6626;6654;2.2;3.1;3.5
6627;6655;1.65;3.5;6.0
6628;6656;2.88;3.1;2.5
6629;6657;1.91;3.2;4.5
6630;6658;3.1;3.25;2.3
6631;6659;2.4;3.2;3.0
6632;6660;2.25;3.2;3.2
6633;6661;2.62;3.25;2.7
6634;6662;1.36;4.5;9.0
6635;6663;2.0;3.2;4.0
6636;6664;2.8;3.1;2.62
6637;6665;1.2;6.0;15.0
6638;6666;2.15;3.25;3.5
6639;6667;5.0;3.5;1.73
6640;6668;2.2;3.3;3.3
6641;6669;3.2;3.0;2.4
6642;6670;3.0;3.0;2.5
6643;6671;2.3;3.0;3.4
6644;6672;3.5;3.0;2.25
6645;6673;1.7;3.2;6.0
6646;6674;1.83;3.3;4.8
6647;6675;4.5;3.8;1.73
6648;6676;2.4;3.1;3.1
6649;6677;1.83;3.25;4.8
6650;6678;2.62;3.1;2.8
6651;6679;2.9;3.1;2.5
6652;6680;2.5;3.1;2.9
6653;6681;2.15;3.2;3.5
6654;6682;2.75;3.2;2.6
6655;6683;2.62;3.2;2.75
6656;6684;1.25;5.5;12.0
6657;6685;2.6;3.0;2.9
6658;6686;1.91;3.4;4.0
6659;6687;1.67;3.75;5.0
6660;6688;8.0;4.0;1.44
6661;6689;2.5;3.0;3.0
6662;6690;2.15;3.1;3.6
6663;6691;1.75;3.25;5.5
6664;6692;1.83;3.1;5.0
6665;6693;1.57;3.5;7.0
6666;6694;1.5;3.6;8.0
6667;6695;2.9;3.0;2.62
6668;6696;5.0;3.1;1.83
6669;6697;2.1;3.2;3.6
6670;6698;2.1;3.2;3.6
6671;6699;2.6;3.0;2.9
6672;6700;2.7;3.1;2.7
6673;6701;2.9;3.0;2.6
6674;6702;1.83;3.1;5.0
6675;6703;2.3;3.0;3.4
6676;6704;2.4;3.0;3.2
6677;6705;1.2;6.0;15.0
6678;6706;2.3;3.1;3.3
6679;6707;2.7;3.1;2.7
6680;6708;4.0;3.2;2.0
6681;6709;2.38;3.25;3.0
6682;6710;2.25;3.2;3.3
6683;6711;3.1;3.1;2.4
6684;6712;1.95;3.4;4.0
6685;6713;1.5;4.0;7.0
6686;6714;1.3;5.0;11.0
6687;6715;1.25;5.5;13.0
6688;6716;2.05;3.4;3.6
6689;6717;1.55;3.8;6.5
6690;6718;2.5;3.2;2.88
6691;6719;4.0;3.4;1.91
6692;6720;2.2;3.0;3.6
6693;6721;1.67;3.4;6.0
6694;6722;1.62;3.6;6.0
6695;6723;2.05;3.1;4.0
6696;6724;3.4;3.0;2.3
6697;6725;2.8;3.0;2.7
6698;6726;7.5;3.6;1.53
6699;6727;2.5;3.0;3.0
6700;6728;2.5;3.0;3.0
6701;6729;2.0;3.0;4.33
6702;6730;1.44;4.0;8.0
6703;6731;2.62;3.0;2.9
6704;6732;2.05;3.0;4.2
6705;6733;1.83;3.4;4.5
6706;6734;1.57;3.8;6.0
6707;6735;1.36;4.33;10.0
6708;6736;1.7;3.25;6.0
6709;6737;1.75;3.4;5.0
6710;6738;3.8;3.1;2.1
6711;6739;3.2;3.2;2.3
6712;6740;9.0;4.5;1.36
6713;6741;2.62;3.0;2.9
6714;6742;2.0;3.3;3.8
6715;6743;1.83;3.2;4.8
6716;6744;1.95;3.25;4.2
6717;6745;1.75;3.4;5.0
6718;6746;4.5;3.3;1.83
6719;6747;2.8;3.0;2.7
6720;6748;2.1;3.25;3.6
6721;6750;2.7;3.1;2.7
6722;6751;2.3;3.0;3.4
6723;6752;1.91;3.3;4.2
6724;6753;1.17;6.0;23.0
6725;6754;1.12;8.0;21.0
6726;6755;2.3;3.0;3.4
6727;6756;1.5;3.8;5.0
6728;6757;2.1;3.1;3.75
6729;6758;2.3;3.0;3.4
6730;6759;3.4;3.2;2.2
6731;6760;1.62;3.6;6.0
6732;6761;2.05;3.1;4.0
6733;6762;4.4;3.4;1.85
6734;6763;1.44;4.33;7.5
6735;6764;2.1;3.25;3.6
6736;6765;2.4;3.1;3.1
6737;6766;2.15;3.2;3.6
6738;6767;1.8;3.5;4.5
6739;6768;8.5;4.75;1.36
6740;6769;2.6;3.1;2.8
6741;6770;2.6;3.1;2.8
6742;6771;2.05;3.2;3.8
6743;6772;1.25;5.5;13.0
6744;6773;1.91;3.2;4.33
6745;6774;1.4;4.0;10.0
6746;6775;1.73;3.5;5.0
6747;6776;1.8;3.3;4.8
6748;6777;2.8;3.1;2.6
6749;6778;1.8;3.2;5.0
6750;6779;2.25;3.1;3.4
6751;6780;2.05;3.2;3.75
6752;6781;1.4;4.33;8.5
6753;6782;1.53;3.8;6.5
6754;6783;2.25;3.25;3.25
6755;6784;1.18;6.5;17.0
6756;6785;3.6;3.2;2.15
6757;6786;1.5;4.0;7.0
6758;6787;3.5;3.3;2.1
6759;6788;2.3;3.2;3.2
6760;6789;2.15;3.0;3.8
6761;6790;2.25;3.1;3.3
6762;6791;2.2;3.0;3.6
6763;6792;4.8;3.4;1.8
6764;6793;1.4;4.5;8.0
6765;6794;1.5;3.6;8.0
6766;6795;2.9;3.0;2.62
6767;6796;3.6;3.0;2.2
6768;6797;2.05;3.2;3.8
6769;6798;15.0;5.5;1.22
6770;6799;4.0;3.0;2.05
6771;6800;3.1;2.9;2.5
6772;6801;2.4;3.1;3.1
6773;6802;1.8;3.5;4.6
6774;6803;3.1;3.1;2.4
6775;6804;1.25;5.0;15.0
6776;6805;1.53;3.6;7.5
6777;6806;1.5;3.6;5.5
6778;6807;1.91;3.1;4.5
6779;6808;2.8;3.1;2.62
6780;6809;2.6;2.9;3.0
6781;6810;1.8;3.4;4.75
6782;6811;2.1;3.0;4.0
6783;6812;1.91;3.2;4.5
6784;6813;1.8;3.25;5.0
6785;6814;1.5;3.6;8.0
6786;6815;1.62;3.6;6.0
6787;6816;8.0;4.0;1.44
6788;6817;2.5;3.0;3.0
6789;6818;2.3;3.0;3.4
6790;6819;2.9;3.0;2.62
6791;6820;1.5;4.0;7.0
6792;6821;2.8;3.0;2.7
6793;6822;2.7;3.0;2.8
6794;6823;1.25;5.5;13.0
6795;6824;3.2;3.0;2.4
6796;6825;1.91;3.2;4.5
6797;6826;3.8;3.1;2.1
6798;6827;1.83;3.2;5.0
6799;6828;2.2;3.0;3.6
6800;6829;2.4;3.1;3.1
6801;6830;2.6;3.0;2.9
6802;6831;2.88;3.2;2.5
6803;6832;1.67;3.2;6.5
6804;6833;3.3;3.1;2.3
6805;6834;1.62;3.4;6.5
6806;6835;1.4;4.0;10.0
6807;6836;2.15;3.1;3.6
6808;6837;1.95;3.1;4.33
6809;6838;3.4;3.1;2.25
6810;6839;2.6;2.9;3.0
6811;6840;2.1;3.1;3.8
6812;6841;2.62;3.0;2.88
6813;6842;2.75;3.0;2.75
6814;6843;1.18;6.5;17.0
6815;6844;2.2;2.9;3.8
6816;6845;1.36;4.5;9.0
6817;6846;2.0;3.25;4.0
6818;6847;3.8;3.0;2.15
6819;6848;4.8;3.25;1.83
6820;6849;2.0;3.0;4.33
6821;6850;7.0;4.0;1.5
6822;6851;2.25;3.0;3.5
6823;6852;1.44;4.0;8.0
6824;6853;1.33;4.75;10.0
6825;6854;1.8;3.25;5.0
6826;6855;2.1;3.1;3.75
6827;6856;2.1;3.0;4.0
6828;6857;1.75;3.25;5.5
6829;6858;3.4;3.0;2.3
6830;6859;3.2;3.0;2.4
6831;6860;2.8;3.0;2.7
6832;6861;2.1;3.0;4.0
6833;6862;2.4;3.0;3.2
6834;6863;1.36;4.5;9.0
6835;6864;2.7;3.0;2.8
6836;6865;1.95;3.1;4.33
6837;6866;1.83;3.2;5.0
6838;6867;2.3;3.0;3.4
6839;6868;5.0;3.1;1.85
6840;6869;2.4;3.2;3.0
6841;6870;1.95;3.3;4.0
6842;6871;1.67;3.75;5.0
6843;6872;1.25;6.0;10.0
6844;6873;1.53;3.75;7.0
6845;6874;2.7;3.1;2.7
6846;6875;2.05;3.3;3.6
6847;6876;1.91;3.0;4.8
6848;6877;2.5;3.2;2.88
6849;6878;10.0;4.33;1.36
6850;6879;2.7;3.1;2.7
6851;6880;2.6;3.0;2.9
6852;6881;3.2;3.0;2.4
6853;6882;1.36;4.5;9.0
6854;6883;2.2;3.3;3.3
6855;6884;2.0;3.0;4.33
6856;6885;2.6;3.0;2.9
6857;6886;1.5;3.8;7.5
6858;6887;2.25;3.1;3.4
6859;6888;2.8;3.1;2.62
6860;6889;2.5;3.2;2.88
6861;6890;1.7;3.4;5.5
6862;6891;2.5;3.2;2.88
6863;6892;2.5;3.2;2.9
6864;6893;2.0;3.25;4.0
6865;6894;1.55;4.0;6.0
6866;6895;1.4;4.4;8.5
6867;6896;1.8;3.4;4.8
6868;6897;6.0;3.75;1.6
6869;6898;3.8;3.25;2.05
6870;6899;1.62;3.6;6.0
6871;6900;1.75;3.4;5.0
6872;6901;1.5;3.6;8.0
6873;6902;2.8;3.0;2.7
6874;6903;1.91;3.2;4.5
6875;6904;1.75;3.2;5.5
6876;6905;7.0;4.4;1.44
6877;6906;2.9;3.0;2.6
6878;6907;1.83;3.2;5.0
6879;6908;2.3;3.0;3.4
6880;6909;3.3;3.1;2.3
6881;6910;1.91;3.2;4.33
6882;6911;2.5;3.1;2.9
6883;6912;8.0;4.5;1.4
6884;6913;2.7;3.1;2.7
6885;6914;1.91;3.1;4.5
6886;6915;2.4;3.1;3.1
6887;6916;1.62;3.3;7.0
6888;6917;4.5;3.1;1.91
6889;6918;4.0;3.2;2.0
6890;6919;2.7;3.1;2.7
6891;6920;2.7;3.1;2.7
6892;6921;1.5;4.0;7.0
6893;6922;1.29;5.0;12.0
6894;6923;1.44;4.0;8.5
6895;6924;1.36;4.75;8.5
6896;6925;1.91;3.2;4.33
6897;6926;2.62;3.1;2.8
6898;6927;2.1;3.1;3.75
6899;6928;2.25;3.25;3.25
6900;6929;2.5;3.2;2.8
6901;6930;2.9;3.1;2.5
6902;6931;3.6;3.0;2.2
6903;6932;2.7;3.0;2.8
6904;6933;2.5;2.9;3.2
6905;6934;2.25;3.2;3.3
6906;6935;4.5;3.3;1.85
6907;6936;1.62;3.4;6.5
6908;6937;1.95;3.2;4.2
6909;6938;3.75;3.25;2.05
6910;6939;1.95;3.25;4.2
6911;6940;2.6;3.3;2.7
6912;6941;1.62;3.6;6.0
6913;6942;2.1;3.25;3.5
6914;6943;1.2;6.0;15.0
6915;6944;1.36;4.5;9.0
6916;6945;2.2;3.2;3.4
6917;6946;2.2;3.2;3.3
6918;6947;2.0;3.3;3.75
6919;6948;1.75;3.5;4.8
6920;6949;7.0;4.33;1.44
6921;6950;2.15;3.1;3.6
6922;6951;1.95;3.2;4.2
6923;6952;3.4;2.9;2.38
6924;6953;2.15;3.2;3.5
6925;6954;1.44;4.0;8.0
6926;6955;1.8;3.25;5.0
6927;6956;1.95;3.2;4.2
6928;6957;3.4;3.1;2.25
6929;6958;8.0;4.5;1.4
6930;6959;2.8;3.2;2.5
6931;6960;2.0;3.3;3.8
6932;6961;1.95;3.3;4.0
6933;6962;1.62;3.75;5.5
6934;6963;2.6;3.1;2.8
6935;6964;1.25;5.5;13.0
6936;6965;1.5;4.33;6.0
6937;6966;2.3;3.2;3.2
6938;6967;1.44;4.0;8.0
6939;6968;5.5;3.6;1.67
6940;6969;3.5;3.3;2.1
6941;6970;2.8;3.2;2.5
6942;6971;4.0;3.4;1.91
6943;6972;1.7;3.4;5.5
6944;6973;1.62;3.6;6.0
6945;6974;2.7;3.1;2.7
6946;6975;1.85;3.3;4.5
6947;6976;1.83;3.2;5.0
6948;6977;2.8;3.1;2.62
6949;6978;3.5;3.0;2.25
6950;6979;1.62;4.2;5.0
6951;6980;1.91;3.5;4.0
6952;6981;1.2;6.5;13.0
6953;6982;2.15;3.4;3.3
6954;6983;1.29;5.5;10.0
6955;6984;4.5;3.75;1.75
6956;6985;1.8;3.75;4.2
6957;6986;1.5;4.2;6.5
6958;6987;4.8;3.6;1.75
6959;6988;2.4;3.5;2.8
6960;6989;2.5;3.2;2.9
6961;6990;3.25;3.25;2.25
6962;6991;1.95;3.25;4.2
6963;6992;2.5;3.2;2.9
6964;6993;2.1;3.2;3.6
6965;6994;1.17;6.5;19.0
6966;6995;2.25;3.2;3.3
6967;6996;2.7;3.1;2.7
6968;6997;2.05;3.25;3.8
6969;6998;2.05;3.25;3.8
6970;6999;2.62;3.2;2.75
6971;7000;4.2;3.25;1.95
6972;7001;2.05;3.4;3.6
6973;7002;1.75;3.5;5.0
6974;7003;1.91;3.5;4.0
6975;7004;1.36;4.6;9.0
6976;7005;1.8;3.5;4.6
6977;7006;1.95;3.4;4.0
6978;7007;2.8;3.1;2.62
6979;7008;3.3;3.2;2.25
6980;7009;3.1;3.1;2.4
6981;7010;2.3;3.2;3.2
6982;7011;2.7;3.1;2.7
6983;7012;1.8;3.4;4.75
6984;7013;1.8;3.4;4.75
6985;7014;1.85;3.3;4.5
6986;7015;2.2;3.0;3.6
6987;7016;1.83;3.2;5.0
6988;7017;1.8;3.4;4.75
6989;7018;3.5;3.2;2.15
6990;7019;3.8;3.25;2.05
6991;7020;1.75;3.4;5.0
6992;7021;2.0;3.2;4.0
6993;7022;1.53;3.8;7.0
6994;7023;1.95;3.25;4.2
6995;7024;1.3;5.0;11.0
6996;7025;2.2;3.2;3.4
6997;7026;2.3;3.1;3.3
6998;7027;2.1;3.1;3.8
6999;7028;8.0;4.0;1.44
7000;7029;3.0;3.0;2.5
7001;7030;2.5;3.0;3.0
7002;7031;2.8;3.2;2.5
7003;7032;2.5;3.0;3.0
7004;7033;2.0;3.2;4.0
7005;7034;1.3;5.0;11.0
7006;7035;5.5;3.4;1.7
7007;7036;2.1;3.2;3.6
7008;7037;1.62;3.5;6.5
7009;7038;2.5;3.2;2.8
7010;7039;2.4;3.3;2.9
7011;7040;1.6;3.4;7.0
7012;7041;2.3;3.1;3.3
7013;7042;1.36;4.5;9.0
7014;7043;4.2;3.3;1.91
7015;7044;1.55;3.6;7.0
7016;7045;2.4;3.1;3.1
7017;7046;1.85;3.3;4.5
7018;7047;2.05;3.1;4.0
7019;7048;2.3;3.1;3.3
7020;7049;9.0;4.5;1.36
7021;7050;3.5;3.3;2.1
7022;7051;2.4;3.1;3.1
7023;7052;3.1;3.1;2.4
7024;7053;1.53;3.75;7.0
7025;7054;1.83;3.3;4.5
7026;7055;1.4;4.0;10.0
7027;7056;2.5;3.0;3.0
7028;7057;2.05;3.1;4.0
7029;7058;2.8;2.9;2.8
7030;7059;1.91;3.25;4.33
7031;7060;10.0;4.75;1.33
7032;7061;1.73;3.3;5.5
7033;7062;3.0;3.0;2.5
7034;7063;1.73;3.5;5.0
7035;7064;2.5;3.2;2.8
7036;7065;1.53;3.75;7.0
7037;7066;1.7;3.25;6.0
7038;7067;2.1;3.0;4.0
7039;7068;1.8;3.25;5.0
7040;7069;2.5;3.3;2.8
7041;7070;3.75;3.3;2.0
7042;7071;2.0;3.3;3.8
7043;7072;2.6;3.1;2.8
7044;7073;2.3;3.2;3.2
7045;7074;1.36;4.5;9.0
7046;7075;2.62;3.1;2.8
7047;7076;2.7;2.9;2.9
7048;7077;1.6;3.75;6.0
7049;7078;1.6;3.75;6.0
7050;7079;2.3;3.1;3.3
7051;7080;2.1;3.1;3.8
7052;7081;2.62;2.9;3.0
7053;7082;7.0;3.75;1.53
7054;7083;1.3;5.0;11.0
7055;7084;2.62;2.9;3.0
7056;7085;1.44;4.33;7.0
7057;7086;2.0;3.2;4.0
7058;7087;2.1;3.0;4.0
7059;7088;3.1;3.1;2.4
7060;7089;2.62;3.0;2.9
7061;7090;2.5;3.0;3.0
7062;7091;2.5;3.0;3.0
7063;7092;3.4;3.1;2.25
7064;7093;1.5;3.75;7.5
7065;7094;3.6;3.0;2.2
7066;7095;1.95;3.25;4.2
7067;7096;2.4;3.0;3.2
7068;7097;1.7;3.25;6.0
7069;7098;1.7;3.6;5.0
7070;7099;3.6;3.1;2.15
7071;7100;2.8;2.87;2.8
7072;7101;1.75;3.5;5.0
7073;7102;1.8;3.5;4.6
7074;7103;1.67;3.5;5.5
7075;7104;7.0;4.0;1.5
7076;7105;1.67;3.5;5.5
7077;7106;2.75;3.1;2.62
7078;7107;2.8;2.87;2.8
7079;7108;2.05;3.2;3.75
7080;7109;2.3;2.9;3.5
7081;7110;2.4;3.0;3.2
7082;7111;2.25;2.9;3.6
7083;7112;2.7;2.9;2.9
7084;7113;1.5;4.0;7.0
7085;7114;1.22;5.5;15.0
7086;7115;2.15;3.0;3.75
7087;7116;2.9;2.9;2.7
7088;7117;1.83;3.1;5.0
7089;7118;2.4;3.0;3.2
7090;7119;2.4;3.0;3.2
7091;7120;2.5;3.2;2.9
7092;7121;6.0;3.4;1.67
7093;7122;4.0;3.3;1.95
7094;7123;1.5;3.75;7.5
7095;7124;2.62;3.1;2.8
7096;7125;1.4;4.2;9.0
7097;7126;3.0;3.0;2.5
7098;7127;2.2;3.1;3.6
7099;7128;2.8;3.0;2.7
7100;7129;1.91;3.3;4.2
7101;7130;2.05;3.2;3.75
7102;7131;3.3;3.2;2.25
7103;7132;4.2;3.0;2.05
7104;7133;1.44;4.0;8.0
7105;7134;1.3;5.0;11.0
7106;7135;2.3;3.0;3.4
7107;7136;2.05;3.2;3.75
7108;7137;1.5;3.75;7.5
7109;7138;2.75;3.2;2.62
7110;7139;2.9;3.0;2.62
7111;7140;8.0;3.6;1.5
7112;7141;2.1;3.0;4.0
7113;7142;1.95;3.2;4.2
7114;7143;1.44;4.33;7.0
7115;7144;1.83;3.2;5.0
7116;7145;2.25;3.0;3.5
7117;7146;3.2;3.0;2.4
7118;7147;2.25;3.0;3.5
7119;7148;2.7;3.1;2.7
7120;7149;2.62;3.0;2.9
7121;7150;1.95;3.4;4.0
7122;7151;2.5;3.2;2.9
7123;7152;2.4;3.1;3.1
7124;7153;1.67;3.4;6.0
7125;7154;3.6;3.1;2.15
7126;7155;1.25;5.5;13.0
7127;7156;1.85;3.2;4.8
7128;7157;1.53;3.75;7.0
7129;7158;2.0;3.2;4.0
7130;7159;2.8;3.1;2.6
7131;7160;3.6;3.2;2.15
7132;7161;2.7;3.1;2.7
7133;7162;1.83;3.2;5.0
7134;7163;1.62;3.6;6.0
7135;7164;2.4;3.1;3.1
7136;7165;1.14;7.0;21.0
7137;7166;1.8;3.25;5.0
7138;7167;1.53;3.75;7.0
7139;7168;2.6;3.1;2.8
7140;7169;8.0;4.5;1.4
7141;7170;2.7;3.0;2.8
7142;7171;2.05;3.1;4.0
7143;7172;1.85;3.1;5.0
7144;7173;1.62;3.6;6.0
7145;7174;1.75;3.3;5.5
7146;7175;3.8;3.2;2.05
7147;7176;1.8;3.3;5.0
7148;7177;2.3;3.1;3.3
7149;7178;4.0;3.0;2.1
7150;7179;1.95;3.25;4.2
7151;7180;2.3;3.1;3.3
7152;7181;4.5;3.4;1.85
7153;7182;2.7;3.1;2.8
7154;7183;1.44;4.2;8.0
7155;7184;2.5;3.0;3.1
7156;7185;1.67;3.4;6.0
7157;7186;1.2;5.5;21.0
7158;7187;2.9;3.0;2.62
7159;7188;1.95;3.2;4.33
7160;7189;2.62;3.0;2.9
7161;7190;2.62;3.0;2.9
7162;7191;2.3;3.0;3.4
7163;7192;2.8;2.9;2.8
7164;7193;1.36;4.5;10.0
7165;7194;2.38;3.0;3.3
7166;7195;3.3;3.3;2.2
7167;7196;2.3;3.0;3.4
7168;7197;2.05;3.1;4.0
7169;7198;3.5;3.1;2.2
7170;7199;2.0;3.2;4.0
7171;7200;3.4;3.0;2.3
7172;7201;2.2;3.2;3.4
7173;7202;2.4;3.0;3.2
7174;7203;1.33;4.8;10.0
7175;7204;2.62;3.0;2.9
7176;7205;2.2;3.1;3.5
7177;7206;2.4;3.0;3.2
7178;7207;1.25;5.5;13.0
7179;7208;1.91;3.3;4.33
7180;7209;2.25;3.0;3.5
7181;7210;2.3;3.2;3.2
7182;7211;2.8;3.1;2.62
7183;7212;3.1;3.1;2.4
7184;7213;3.5;3.1;2.2
7185;7214;2.3;3.0;3.4
7186;7215;2.25;3.0;3.5
7187;7216;2.5;3.1;3.0
7188;7217;3.3;3.1;2.3
7189;7218;1.6;3.6;6.5
7190;7219;2.7;3.1;2.8
7191;7220;2.0;3.0;4.5
7192;7221;2.0;3.0;4.5
7193;7222;3.2;3.1;2.38
7194;7223;1.33;5.0;9.0
7195;7224;2.7;3.0;2.8
7196;7225;1.7;3.4;5.5
7197;7226;1.95;3.2;4.33
7198;7227;1.25;5.5;12.0
7199;7228;2.2;3.3;3.3
7200;7229;2.7;3.1;2.7
7201;7230;2.05;3.1;4.0
7202;7231;2.7;3.1;2.7
7203;7232;2.4;3.1;3.1
7204;7233;1.57;3.5;7.0
7205;7234;3.4;2.9;2.38
7206;7235;1.3;5.0;11.0
7207;7236;2.2;3.1;3.5
7208;7237;2.5;3.1;2.9
7209;7238;2.62;3.1;2.8
7210;7239;1.75;3.2;5.5
7211;7240;2.4;3.1;3.1
7212;7241;2.7;3.1;2.7
7213;7242;2.0;3.2;4.0
7214;7243;1.44;4.2;7.5
7215;7244;2.15;3.2;3.6
7216;7245;3.1;3.1;2.4
7217;7246;2.1;3.1;3.75
7218;7247;2.25;3.1;3.4
7219;7248;2.7;3.1;2.7
7220;7249;2.7;3.1;2.7
7221;7250;2.5;3.1;2.9
7222;7251;2.7;3.1;2.7
7223;7252;4.0;3.1;2.05
7224;7253;2.7;3.1;2.7
7225;7254;1.22;5.5;17.0
7226;7255;2.3;3.1;3.2
7227;7256;1.91;3.1;4.5
7228;7257;1.67;3.4;6.0
7229;7258;3.1;3.25;2.3
7230;7259;4.0;3.2;2.0
7231;7260;2.5;3.0;3.1
7232;7261;1.95;3.1;4.5
7233;7262;2.0;3.25;4.0
7234;7263;2.05;3.3;3.75
7235;7264;3.6;3.2;2.15
7236;7265;1.62;3.5;6.5
7237;7266;1.85;3.25;4.8
7238;7267;2.1;3.0;4.0
7239;7268;2.45;2.9;3.25
7240;7269;2.7;3.1;2.7
7241;7270;9.0;5.0;1.33
7242;7271;2.8;3.1;2.62
7243;7272;1.8;3.25;5.0
7244;7273;1.53;3.75;7.0
7245;7274;1.91;3.2;4.33
7246;7275;3.3;3.2;2.25
7247;7276;3.1;3.1;2.4
7248;7277;2.5;3.2;2.8
7249;7278;1.75;3.25;5.5
7250;7279;2.8;3.1;2.62
7251;7280;1.91;3.5;4.0
7252;7281;2.9;3.0;2.6
7253;7282;4.4;3.6;1.8
7254;7283;1.55;4.0;6.0
7255;7284;1.25;5.5;12.0
7256;7285;4.4;3.1;1.95
7257;7286;2.1;3.0;4.0
7258;7287;2.05;3.1;4.0
7259;7288;2.4;3.1;3.1
7260;7289;1.6;3.8;6.0
7261;7290;3.5;3.25;2.15
7262;7291;1.73;3.5;5.0
7263;7292;2.0;3.2;4.0
7264;7293;3.0;3.2;2.4
7265;7294;2.7;3.1;2.7
7266;7295;1.91;3.2;4.4
7267;7296;1.91;3.3;4.2
7268;7297;2.25;3.2;3.3
7269;7298;1.91;3.2;4.33
7270;7299;2.7;3.1;2.7
7271;7300;3.3;3.2;2.25
7272;7301;3.1;3.1;2.4
7273;7302;2.7;3.1;2.7
7274;7303;1.4;4.4;8.5
7275;7304;1.14;7.5;19.0
7276;7305;2.3;3.2;3.2
7277;7306;2.2;3.2;3.4
7278;7307;1.67;3.4;6.0
7279;7308;2.4;3.1;3.1
7280;7309;2.2;3.2;3.4
7281;7310;1.95;3.2;4.33
7282;7311;2.2;3.2;3.4
7283;7312;2.2;3.2;3.4
7284;7313;1.95;3.25;4.2
7285;7314;2.25;3.1;3.4
7286;7315;1.7;3.3;6.0
7287;7316;1.95;3.2;4.33
7288;7317;4.0;3.25;2.0
7289;7318;5.5;3.8;1.62
7290;7319;1.67;3.5;5.5
7291;7320;2.25;3.2;3.2
7292;7321;2.15;3.2;3.6
7293;7322;5.0;3.5;1.73
7294;7323;1.4;4.75;7.5
7295;7324;1.36;4.5;9.0
7296;7325;4.5;3.5;1.8
7297;7326;2.05;3.3;3.6
7298;7327;1.75;3.4;5.0
7299;7328;2.15;3.3;3.4
7300;7329;3.2;3.2;2.3
7301;7330;2.05;3.3;3.75
7302;7331;1.53;3.8;7.0
7303;7332;2.5;3.1;3.0
7304;7333;1.29;5.0;12.0
7305;7334;4.4;3.8;1.75
7306;7335;1.44;4.2;8.0
7307;7336;2.1;3.3;3.5
7308;7337;10.0;4.0;1.4
7309;7338;2.15;3.2;3.6
7310;7339;1.62;3.6;6.0
7311;7340;5.0;3.5;1.75
7312;7341;2.2;3.1;3.5
7313;7342;4.2;3.25;1.95
7314;7343;2.3;3.2;3.2
7315;7344;2.62;3.1;2.8
7316;7345;1.14;7.5;17.0
7317;7346;2.05;3.1;4.0
7318;7347;1.62;3.6;6.0
7319;7348;2.62;3.0;2.9
7320;7349;2.4;3.1;3.1
7321;7350;4.2;3.25;1.95
7322;7351;2.62;3.0;2.9
7323;7352;3.2;3.2;2.3
7324;7353;1.8;3.5;4.5
7325;7354;1.25;5.0;15.0
7326;7355;8.0;4.2;1.44
7327;7356;2.7;3.0;2.8
7328;7357;1.62;3.6;6.0
7329;7358;2.15;3.2;3.5
7330;7359;2.05;3.1;4.0
7331;7360;1.83;3.4;4.5
7332;7361;3.3;3.2;2.25
7333;7362;6.5;4.0;1.53
7334;7363;1.25;5.5;13.0
7335;7364;3.2;3.2;2.3
7336;7365;1.14;7.5;21.0
7337;7366;3.1;3.1;2.4
7338;7367;1.29;5.0;12.0
7339;7368;1.95;3.4;4.0
7340;7369;1.6;3.75;6.0
7341;7370;2.75;3.0;2.75
7342;7371;2.15;3.2;3.6
7343;7372;2.15;3.0;3.75
7344;7373;1.5;4.0;7.0
7345;7374;2.9;3.0;2.6
7346;7375;2.0;3.1;4.2
7347;7376;2.2;3.1;3.5
7348;7377;1.8;3.4;4.75
7349;7378;1.44;4.33;7.0
7350;7379;2.1;3.1;3.8
7351;7380;3.3;3.3;2.2
7352;7381;2.75;2.9;2.8
7353;7382;1.75;3.25;5.5
7354;7383;2.45;3.1;3.0
7355;7384;2.15;3.0;3.8
7356;7385;2.3;3.0;3.4
7357;7386;2.9;3.0;2.6
7358;7387;7.0;4.0;1.5
7359;7388;1.7;3.4;5.5
7360;7389;1.53;4.0;6.0
7361;7390;3.4;3.0;2.3
7362;7391;1.83;3.2;5.0
7363;7392;1.8;3.2;5.0
7364;7393;1.67;3.5;5.5
7365;7394;2.25;3.1;3.4
7366;7395;1.62;3.6;6.0
7367;7396;1.85;3.3;4.5
7368;7397;2.3;3.0;3.4
7369;7398;1.33;4.5;10.0
7370;7399;2.4;3.1;3.1
7371;7400;7.0;3.8;1.53
7372;7401;2.25;3.1;3.4
7373;7402;2.1;3.0;4.0
7374;7403;1.73;3.6;5.0
7375;7404;2.8;3.2;2.5
7376;7405;3.6;3.0;2.2
7377;7406;4.0;3.2;2.0
7378;7407;2.38;3.1;3.2
7379;7408;2.15;3.1;3.6
7380;7409;1.75;3.4;5.0
7381;7410;2.8;3.0;2.7
7382;7411;1.62;3.4;6.5
7383;7412;2.0;3.3;3.8
7384;7413;1.83;3.5;4.33
7385;7414;2.05;3.1;4.0
7386;7415;1.53;3.75;7.0
7387;7416;2.0;3.1;4.2
7388;7417;2.7;3.1;2.7
7389;7418;5.0;3.4;1.75
7390;7419;2.25;3.1;3.4
7391;7420;3.6;3.2;2.1
7392;7421;2.4;3.1;3.1
7393;7422;2.7;3.0;2.8
7394;7423;2.15;3.0;3.75
7395;7424;2.4;3.1;3.1
7396;7425;3.8;3.25;2.05
7397;7426;1.91;3.3;4.2
7398;7427;1.91;3.3;4.2
7399;7428;1.44;4.0;8.0
7400;7429;2.6;2.9;3.0
7401;7430;1.73;3.6;5.0
7402;7431;6.0;3.6;1.62
7403;7432;1.6;4.0;5.5
7404;7433;1.57;4.0;5.5
7405;7434;1.75;3.3;5.5
7406;7435;2.25;3.1;3.4
7407;7436;4.0;3.1;2.05
7408;7437;3.0;3.1;2.45
7409;7438;2.1;3.1;3.8
7410;7439;8.0;4.5;1.4
7411;7440;1.85;3.4;4.5
7412;7441;2.7;3.0;2.8
7413;7442;1.62;3.6;6.0
7414;7443;2.45;3.25;2.9
7415;7444;1.91;3.2;4.5
7416;7445;2.5;3.2;3.0
7417;7446;2.15;3.2;3.6
7418;7447;1.53;3.6;8.0
7419;7448;2.15;3.1;3.6
7420;7449;2.62;3.1;2.75
7421;7450;1.55;4.0;6.0
7422;7451;2.0;3.1;4.2
7423;7452;3.5;3.1;2.2
7424;7453;2.7;3.1;2.7
7425;7454;2.5;3.1;2.9
7426;7455;1.73;3.6;4.8
7427;7456;2.0;3.1;4.2
7428;7457;1.3;5.0;11.0
7429;7458;3.1;3.1;2.4
7430;7459;2.9;3.0;2.62
7431;7460;4.2;3.25;1.95
7432;7461;2.05;3.2;3.8
7433;7462;1.62;3.5;6.5
7434;7463;3.8;3.0;2.15
7435;7464;2.4;3.0;3.2
7436;7465;7.0;4.0;1.5
7437;7466;1.67;3.6;5.5
7438;7467;2.2;3.1;3.5
7439;7468;5.5;3.3;1.73
7440;7469;2.8;3.0;2.7
7441;7470;2.4;3.1;3.1
7442;7471;2.2;3.2;3.4
7443;7472;1.73;3.3;5.5
7444;7473;1.73;3.3;5.5
7445;7474;1.95;3.2;4.2
7446;7475;1.73;3.8;4.6
7447;7476;2.3;3.1;3.25
7448;7477;1.2;6.0;15.0
7449;7478;1.95;3.2;4.2
7450;7479;2.1;3.0;4.0
7451;7480;1.91;3.2;4.5
7452;7481;2.1;3.2;3.75
7453;7482;8.0;4.2;1.44
7454;7483;1.75;3.5;5.0
7455;7484;2.1;3.1;3.8
7456;7485;3.3;3.3;2.2
7457;7486;2.4;3.1;3.1
7458;7487;2.5;3.1;3.0
7459;7488;3.4;3.1;2.25
7460;7489;2.9;2.9;2.7
7461;7490;1.95;3.25;4.2
7462;7491;2.7;3.1;2.7
7463;7492;1.55;4.0;6.0
7464;7493;2.0;3.4;3.8
7465;7494;1.95;3.1;4.5
7466;7495;1.1;8.0;34.0
7467;7496;2.9;3.0;2.62
7468;7497;1.83;3.2;5.0
7469;7498;2.5;3.2;2.9
7470;7499;11.0;4.5;1.33
7471;7500;3.0;3.1;2.45
7472;7501;1.91;3.4;4.2
7473;7502;2.5;3.0;3.1
7474;7503;2.25;3.2;3.3
7475;7504;1.85;3.4;4.5
7476;7505;1.85;3.4;4.5
7477;7506;3.6;3.2;2.15
7478;7507;3.0;3.0;2.5
7479;7508;3.0;3.1;2.5
7480;7509;3.4;3.1;2.25
7481;7510;2.05;3.1;4.0
7482;7511;2.4;3.1;3.1
7483;7512;2.6;2.9;3.0
7484;7513;1.6;3.75;6.0
7485;7514;1.6;4.0;5.5
7486;7515;8.0;4.5;1.4
7487;7516;1.8;3.6;4.4
7488;7517;2.1;3.1;3.8
7489;7518;2.25;3.3;3.2
7490;7519;2.5;3.0;3.1
7491;7520;1.8;3.3;5.0
7492;7521;1.44;4.2;8.0
7493;7522;2.1;3.1;3.8
7494;7523;2.05;3.1;4.0
7495;7524;2.4;3.0;3.2
7496;7525;1.22;5.5;15.0
7497;7526;2.7;3.1;2.7
7498;7527;2.2;3.25;3.3
7499;7528;2.4;3.1;3.1
7500;7529;2.4;3.0;3.2
7501;7530;2.8;3.0;2.7
7502;7531;7.0;3.8;1.53
7503;7532;3.2;3.2;2.3
7504;7533;2.5;2.9;3.2
7505;7534;2.2;3.0;3.6
7506;7535;2.4;3.1;3.1
7507;7536;1.91;3.2;4.5
7508;7537;2.5;3.0;3.1
7509;7538;4.2;3.25;1.95
7510;7539;2.6;3.0;2.9
7511;7540;2.4;3.1;3.1
7512;7541;3.4;3.1;2.25
7513;7542;1.91;3.5;4.0
7514;7543;1.6;3.6;6.0
7515;7544;1.11;8.0;26.0
7516;7545;3.4;3.1;2.25
7517;7546;2.3;3.0;3.4
7518;7547;2.0;3.2;4.0
7519;7548;2.2;3.1;3.5
7520;7549;2.6;2.9;3.0
7521;7550;1.6;3.75;6.0
7522;7551;2.7;2.9;2.9
7523;7552;1.91;3.25;4.4
7524;7553;2.3;3.1;3.3
7525;7554;1.55;4.0;6.0
7526;7555;1.36;5.0;8.0
7527;7556;1.08;9.0;34.0
7528;7557;2.45;3.25;2.9
7529;7558;2.0;3.25;4.0
7530;7559;2.62;3.25;2.7
7531;7560;2.38;2.9;3.4
7532;7561;3.4;3.2;2.2
7533;7562;2.3;3.1;3.3
7534;7563;2.88;3.2;2.5
7535;7564;2.05;3.1;4.0
7536;7565;2.15;3.0;3.8
7537;7566;2.7;3.0;2.8
7538;7567;2.9;3.25;2.45
7539;7568;8.0;4.5;1.4
7540;7569;1.91;3.2;4.5
7541;7570;1.85;3.1;5.0
7542;7571;2.4;3.0;3.2
7543;7572;1.44;4.0;8.5
7544;7573;2.3;3.1;3.3
7545;7574;1.91;3.2;4.5
7546;7575;2.3;3.2;3.2
7547;7576;1.2;6.0;17.0
7548;7577;2.7;3.0;2.8
7549;7578;1.91;3.25;4.4
7550;7579;3.2;3.0;2.4
7551;7580;7.0;3.6;1.57
7552;7581;3.1;3.1;2.4
7553;7582;2.3;3.1;3.3
7554;7583;2.1;3.0;4.0
7555;7584;2.6;3.0;2.9
7556;7585;2.1;3.25;3.6
7557;7586;5.5;3.1;1.8
7558;7587;2.4;3.1;3.1
7559;7588;2.2;3.1;3.5
7560;7589;1.44;4.0;8.5
7561;7590;1.62;3.6;6.0
7562;7591;2.0;3.1;4.2
7563;7592;1.85;3.1;5.0
7564;7593;2.6;3.1;2.8
7565;7594;2.2;3.2;3.4
7566;7595;1.73;3.4;5.5
7567;7596;1.18;6.5;17.0
7568;7597;2.4;3.0;3.2
7569;7598;2.3;3.1;3.3
7570;7599;3.4;3.1;2.25
7571;7600;1.85;3.4;4.5
7572;7601;2.3;3.0;3.5
7573;7602;2.4;3.0;3.2
7574;7603;2.7;3.0;2.8
7575;7604;2.0;3.2;4.0
7576;7605;5.0;3.4;1.75
7577;7606;1.85;3.4;4.5
7578;7607;2.1;3.2;3.75
7579;7608;2.3;3.0;3.4
7580;7609;1.7;3.5;5.5
7581;7610;2.62;3.0;2.9
7582;7611;2.3;3.1;3.3
7583;7612;2.15;3.0;3.8
7584;7613;2.15;3.1;3.75
7585;7614;3.1;3.1;2.4
7586;7615;1.57;3.75;6.5
7587;7616;1.36;4.5;10.0
7588;7617;1.85;3.1;5.0
7589;7618;1.95;3.1;4.5
7590;7619;2.9;2.9;2.7
7591;7620;1.4;4.5;8.0
7592;7621;2.0;3.4;3.8
7593;7622;2.25;3.1;3.4
7594;7623;2.7;3.0;2.8
7595;7624;1.91;3.2;4.5
7596;7625;1.22;5.5;17.0
7597;7626;2.9;2.8;2.8
7598;7627;2.7;3.0;2.8
7599;7628;1.8;3.4;4.75
7600;7629;1.8;3.4;4.75
7601;7630;2.05;3.1;4.0
7602;7631;3.0;3.6;2.2
7603;7632;2.6;3.0;2.9
7604;7633;3.3;3.2;2.25
7605;7634;2.6;2.9;3.0
7606;7635;1.8;3.3;5.0
7607;7636;4.5;3.6;1.8
7608;7637;2.62;3.1;2.8
7609;7638;2.25;3.2;3.3
7610;7639;3.1;3.0;2.5
7611;7640;1.75;3.5;5.0
7612;7641;1.85;3.2;4.8
7613;7642;1.57;3.8;6.0
7614;7643;1.7;3.5;5.5
7615;7644;1.44;4.5;7.0
7616;7645;1.44;4.33;7.5
7617;7646;2.5;3.1;3.0
7618;7647;3.1;3.1;2.4
7619;7648;2.3;3.1;3.3
7620;7649;2.4;2.9;3.4
7621;7650;2.3;2.9;3.6
7622;7651;2.15;3.0;3.8
7623;7652;2.62;3.0;2.9
7624;7653;1.62;3.5;6.5
7625;7654;1.67;3.6;5.5
7626;7655;7.0;4.0;1.5
7627;7656;2.2;3.0;3.75
7628;7657;2.3;3.2;3.2
7629;7658;3.0;3.1;2.5
7630;7659;1.6;4.0;5.5
7631;7660;2.9;2.9;2.7
7632;7661;12.0;5.0;1.29
7633;7662;3.1;3.1;2.4
7634;7663;1.83;3.2;5.0
7635;7664;2.5;3.0;3.1
7636;7665;2.05;3.1;4.0
7637;7666;2.9;2.9;2.7
7638;7667;3.1;3.1;2.4
7639;7668;2.4;3.1;3.1
7640;7669;2.62;3.0;2.9
7641;7670;2.1;3.0;4.0
7642;7671;1.7;3.4;5.5
7643;7672;1.95;3.25;4.2
7644;7673;1.85;3.4;4.5
7645;7674;1.83;3.5;4.4
7646;7675;1.62;3.6;6.0
7647;7676;1.36;4.5;10.0
7648;7677;1.5;4.0;7.0
7649;7678;2.2;3.1;3.5
7650;7679;1.75;3.6;4.6
7651;7680;2.4;3.0;3.2
7652;7681;3.1;3.1;2.4
7653;7682;3.6;3.4;2.05
7654;7683;2.4;2.9;3.4
7655;7684;2.9;3.0;2.62
7656;7685;1.67;3.6;5.5
7657;7686;3.1;3.1;2.4
7658;7687;1.95;3.25;4.2
7659;7688;2.1;3.3;3.5
7660;7689;2.05;3.1;4.0
7661;7690;1.29;5.5;10.0
7662;7691;3.4;3.3;2.15
7663;7692;2.3;3.1;3.3
7664;7693;3.3;3.4;2.15
7665;7694;2.3;3.3;3.1
7666;7695;1.85;3.5;4.33
7667;7696;2.15;3.4;3.3
7668;7697;2.5;2.9;3.2
7669;7698;1.8;3.4;4.75
7670;7699;2.1;3.3;3.5
7671;7700;5.0;3.8;1.67
7672;7701;1.91;3.2;4.5
7673;7702;2.75;3.2;2.6
7674;7703;2.4;3.0;3.2
7675;7704;3.2;3.0;2.4
7676;7705;1.6;4.0;5.5
7677;7706;1.4;4.5;8.0
7678;7707;3.8;3.0;2.15
7679;7708;1.85;3.4;4.5
7680;7709;1.5;4.0;7.0
7681;7710;1.95;3.25;4.2
7682;7711;6.0;4.4;1.5
7683;7712;1.91;3.2;4.5
7684;7713;1.67;3.4;6.0
7685;7714;1.29;5.0;12.0
7686;7715;1.65;4.0;5.0
7687;7716;1.75;3.5;5.0
7688;7717;2.7;3.1;2.7
7689;7718;3.2;3.3;2.25
7690;7719;3.3;3.2;2.25
7691;7720;1.5;4.0;7.0
7692;7721;1.95;3.2;4.2
7693;7722;5.0;3.5;1.73
7694;7723;3.5;3.1;2.2
7695;7724;2.9;3.1;2.5
7696;7725;1.33;5.0;9.0
7697;7726;1.33;5.0;9.0
7698;7727;2.0;3.2;4.0
7699;7728;2.1;3.2;3.6
7700;7729;1.95;3.75;3.6
7701;7730;2.05;3.4;3.6
7702;7731;6.0;4.4;1.5
7703;7732;1.4;4.4;8.5
7704;7733;2.3;3.3;3.1
7705;7734;2.25;3.3;3.2
7706;7735;1.85;3.75;4.0
7707;7736;1.85;3.75;4.0
7708;7737;2.4;3.0;3.2
7709;7738;1.25;6.0;11.0
7710;7739;4.75;3.4;1.8
7711;7740;1.36;4.8;8.5
7712;7741;2.4;3.1;3.1
7713;7742;4.2;3.5;1.85
7714;7743;4.5;4.33;1.62
7715;7744;3.1;3.5;2.2
7716;7745;1.29;5.5;10.0
7717;7746;2.2;3.5;3.1
7718;7747;3.4;3.6;2.05
7719;7748;1.91;3.5;4.0
7720;7749;2.25;3.0;3.5
7721;7750;2.05;2.88;4.5
7722;7751;3.4;3.1;2.25
7723;7752;3.8;3.25;2.05
7724;7753;1.44;3.8;9.0
7725;7754;4.2;3.1;2.0
7726;7755;2.3;3.0;3.4
7727;7756;2.2;3.0;3.6
7728;7757;1.73;3.2;6.0
7729;7758;2.5;2.88;3.2
7730;7759;4.5;3.1;1.95
7731;7760;1.95;3.1;4.5
7732;7761;1.85;3.1;5.0
7733;7762;1.53;3.6;7.5
7734;7763;2.7;2.9;2.9
7735;7764;2.75;2.75;3.0
7736;7765;2.3;3.0;3.4
7737;7766;1.22;6.0;13.0
7738;7767;2.05;3.1;4.0
7739;7768;2.3;3.1;3.3
7740;7769;2.1;3.2;3.75
7741;7770;2.3;3.1;3.3
7742;7771;2.15;3.1;3.6
7743;7772;2.2;3.2;3.4
7744;7773;1.85;3.2;4.8
7745;7774;2.15;3.3;3.4
7746;7775;1.7;3.5;5.5
7747;7776;8.0;4.5;1.4
7748;7777;2.45;2.88;3.3
7749;7778;1.73;3.2;6.0
7750;7779;2.45;3.0;3.1
7751;7780;3.2;3.0;2.4
7752;7781;1.83;3.2;5.0
7753;7782;2.2;3.1;3.5
7754;7783;1.5;4.0;7.0
7755;7784;3.2;3.0;2.4
7756;7785;2.7;2.9;2.88
7757;7786;1.2;6.0;17.0
7758;7787;2.75;3.2;2.6
7759;7788;3.3;3.0;2.38
7760;7789;2.8;3.0;2.7
7761;7790;2.7;3.0;2.8
7762;7791;1.75;3.5;5.0
7763;7792;3.3;3.0;2.38
7764;7793;1.44;4.2;8.0
7765;7794;2.25;3.1;3.4
7766;7795;8.0;4.2;1.44
7767;7796;2.7;3.0;2.8
7768;7797;1.8;3.3;5.0
7769;7798;1.75;3.3;5.5
7770;7799;2.2;3.1;3.5
7771;7800;2.5;3.1;2.9
7772;7801;2.9;3.1;2.5
7773;7802;2.05;3.1;4.0
7774;7803;2.7;3.1;2.7
7775;7804;1.65;4.0;5.0
7776;7805;1.91;3.2;4.33
7777;7806;1.4;4.2;9.0
7778;7807;2.7;3.1;2.7
7779;7808;1.95;3.25;4.2
7780;7809;1.53;3.5;5.5
7781;7810;1.95;3.1;3.5
7782;7811;1.6;3.4;4.8
7783;7812;1.57;3.5;5.0
7784;7813;2.2;3.2;2.8
7785;7814;4.2;3.25;1.73
7786;7815;2.4;3.1;2.6
7787;7816;2.6;3.1;2.4
7788;7817;2.1;3.2;3.0
7789;7818;2.1;3.3;3.5
7790;7819;2.05;3.4;3.5
7791;7820;1.95;3.4;3.9
7792;7821;1.5;4.1;6.5
7793;7822;6.0;4.0;1.53
7794;7823;1.95;3.4;3.9
7795;7824;2.7;3.25;2.6
7796;7825;3.2;3.4;2.2
7797;7826;4.0;3.4;1.9
7798;7827;1.25;4.5;10.0
7799;7828;1.83;3.3;3.6
7800;7829;1.53;3.6;5.0
7801;7830;1.53;3.6;5.0
7802;7831;1.67;3.4;4.33
7803;7832;4.33;3.4;1.67
7804;7833;2.88;3.3;2.1
7805;7834;2.05;3.3;3.0
7806;7835;1.57;3.6;4.8
7807;7836;1.73;3.25;4.2
7808;7837;2.5;3.1;2.5
7809;7838;2.5;3.1;2.5
7810;7839;1.29;4.5;8.0
7811;7840;2.62;3.2;2.3
7812;7841;2.0;3.2;3.2
7813;7842;2.25;3.3;3.2
7814;7843;3.6;3.4;1.8
7815;7844;4.2;3.4;1.7
7816;7845;2.1;3.2;3.0
7817;7846;1.6;3.4;4.8
7818;7847;1.36;4.0;7.0
7819;7848;1.44;3.75;6.0
7820;7849;2.4;3.1;2.6
7821;7850;2.3;3.2;2.62
7822;7851;1.91;3.4;4.0
7823;7852;6.0;3.4;1.5
7824;7853;2.0;3.4;3.0
7825;7854;1.15;6.0;15.0
7826;7855;2.2;3.3;2.9
7827;7856;1.4;4.1;7.0
7828;7857;1.9;3.4;3.55
7829;7858;2.15;3.2;3.1
7830;7859;4.35;3.5;1.7
7831;7860;2.8;3.3;2.25
7832;7861;2.65;3.15;2.45
7833;7862;3.2;3.2;2.1
7834;7863;2.62;3.1;2.38
7835;7864;2.1;3.2;3.0
7836;7865;2.3;3.2;2.62
7837;7866;1.4;3.75;7.0
7838;7867;1.67;3.4;4.33
7839;7868;2.8;3.2;2.2
7840;7869;1.8;3.3;3.75
7841;7870;1.8;3.3;3.75
7842;7871;1.36;4.0;7.0
7843;7872;1.6;3.8;5.5
7844;7873;1.73;3.4;4.0
7845;7874;1.5;3.6;5.5
7846;7875;1.95;3.25;3.3
7847;7876;2.75;3.2;2.25
7848;7877;2.62;3.2;2.3
7849;7878;3.0;3.2;2.1
7850;7879;4.0;3.4;1.73
7851;7880;4.33;3.4;1.67
7852;7881;1.3;4.33;8.0
7853;7882;1.4;3.75;7.0
7854;7883;1.44;4.2;7.5
7855;7884;3.3;3.25;1.95
7856;7885;2.0;3.2;3.2
7857;7886;1.5;3.4;6.0
7858;7887;2.1;3.2;3.0
7859;7888;1.8;3.3;3.75
7860;7889;2.1;3.2;3.0
7861;7890;3.5;3.4;2.05
7862;7891;2.38;3.1;2.62
7863;7892;1.4;3.75;7.0
7864;7893;1.3;4.33;8.0
7865;7894;1.67;3.4;4.33
7866;7895;2.9;3.2;2.15
7867;7896;1.95;3.25;3.3
7868;7897;2.62;3.2;2.3
7869;7898;1.4;3.75;7.0
7870;7899;1.4;3.75;7.0
7871;7900;1.8;3.25;3.8
7872;7901;1.95;3.25;3.3
7873;7902;1.4;3.75;7.0
7874;7903;2.1;3.2;3.0
7875;7904;2.6;3.1;2.4
7876;7905;2.5;3.1;2.5
7877;7906;3.2;3.2;2.0
7878;7907;3.4;3.25;1.91
7879;7908;1.36;4.0;7.0
7880;7909;3.3;3.25;1.95
7881;7910;1.91;3.2;3.5
7882;7911;1.83;3.2;3.75
7883;7912;1.53;3.5;5.5
7884;7913;2.25;3.2;2.75
7885;7914;2.8;3.2;2.2
7886;7915;1.57;3.5;5.0
7887;7916;1.91;3.2;3.5
7888;7917;1.4;3.75;7.0
7889;7918;1.44;3.75;6.0
7890;7919;1.33;4.0;8.0
7891;7920;3.5;3.2;1.91
7892;7921;2.62;3.2;2.3
7893;7922;1.8;3.3;3.75
7894;7923;3.1;3.2;2.05
7895;7924;2.6;3.1;2.4
7896;7925;2.38;3.4;2.88
7897;7926;1.29;4.5;8.0
7898;7927;2.05;3.2;3.1
7899;7928;2.0;3.2;3.2
7900;7929;1.83;3.4;4.5
7901;7930;1.95;3.25;3.3
7902;7931;2.05;3.2;3.1
7903;7932;3.75;3.3;1.8
7904;7933;2.2;3.2;2.8
7905;7934;2.05;3.2;3.1
7906;7935;1.8;3.3;3.75
7907;7936;2.25;3.2;2.75
7908;7937;2.7;3.25;2.25
7909;7938;1.44;3.75;6.0
7910;7939;3.1;3.2;2.05
7911;7940;1.83;3.2;3.75
7912;7941;1.91;3.2;3.5
7913;7942;3.3;3.25;1.95
7914;7943;2.9;3.2;2.15
7915;7944;1.29;5.5;9.5
7916;7945;1.5;4.0;7.0
7917;7946;1.91;3.4;4.0
7918;7947;1.53;3.8;6.5
7919;7948;1.4;4.5;8.0
7920;7949;2.1;3.3;3.5
7921;7950;2.9;3.3;2.4
7922;7951;3.3;3.3;2.2
7923;7952;2.8;3.4;2.4
7924;7953;1.36;4.0;7.0
7925;7954;1.91;3.25;3.4
7926;7955;2.2;3.2;2.8
7927;7956;2.05;3.2;3.1
7928;7957;2.7;3.25;2.25
7929;7958;2.0;3.2;3.2
7930;7959;5.0;3.5;1.57
7931;7960;2.38;3.1;2.62
7932;7961;2.1;3.2;3.0
7933;7962;1.17;5.5;12.0
7934;7963;1.44;3.75;6.0
7935;7964;2.62;3.2;2.3
7936;7965;2.05;3.2;3.1
7937;7966;2.05;3.2;3.1
7938;7967;3.1;3.2;2.05
7939;7968;2.25;3.2;2.75
7940;7969;2.0;3.4;3.75
7941;7970;1.57;3.5;5.0
7942;7971;1.73;3.4;4.0
7943;7972;1.4;3.75;7.0
7944;7973;1.91;3.25;3.4
7945;7974;2.6;3.1;2.4
7946;7975;1.8;3.3;3.75
7947;7976;3.5;3.3;2.1
7948;7977;2.9;3.2;2.15
7949;7978;2.75;3.2;2.25
7950;7979;2.3;3.2;2.62
7951;7980;1.3;5.25;9.5
7952;7981;2.3;3.5;2.9
7953;7982;1.73;3.5;5.0
7954;7983;2.1;3.4;3.4
7955;7984;1.33;4.8;9.5
7956;7985;2.25;3.25;3.25
7957;7986;2.5;3.3;2.8
7958;7987;4.0;3.4;1.91
7959;7988;1.7;3.5;5.25
7960;7989;1.44;3.75;6.0
7961;7990;2.5;3.3;2.38
7962;7991;1.33;5.0;9.0
7963;7992;1.83;3.2;3.75
7964;7993;1.95;3.25;3.3
7965;7994;6.5;4.0;1.4
7966;7995;3.3;3.25;1.95
7967;7996;2.62;3.2;2.3
7968;7997;2.7;3.25;2.25
7969;7998;1.53;3.6;5.0
7970;7999;1.36;4.0;7.0
7971;8000;2.3;3.2;2.62
7972;8001;1.36;4.0;7.0
7973;8002;1.4;4.0;6.5
7974;8003;5.0;3.6;1.53
7975;8004;1.8;3.3;3.75
7976;8005;1.83;3.3;3.6
7977;8006;2.5;3.4;2.7
7978;8007;1.4;3.75;7.0
7979;8008;1.67;3.4;4.33
7980;8009;1.67;3.4;4.33
7981;8010;1.4;3.75;7.0
7982;8011;1.6;3.4;4.8
7983;8012;3.5;3.2;1.91
7984;8013;3.1;3.2;2.05
7985;8014;4.2;3.25;1.73
7986;8015;1.95;3.25;3.3
7987;8016;1.25;4.5;10.0
7988;8017;1.91;3.25;3.4
7989;8018;1.73;3.25;4.2
7990;8019;1.4;3.75;7.0
7991;8020;2.8;3.2;2.2
7992;8021;4.2;3.25;1.73
7993;8022;2.8;3.2;2.2
7994;8023;1.91;3.3;4.2
7995;8024;2.05;3.2;3.1
7996;8025;1.6;3.6;6.0
7997;8026;1.36;4.0;7.0
7998;8027;2.2;3.2;2.8
7999;8028;2.15;3.25;2.88
8000;8029;1.53;3.5;5.5
8001;8030;6.5;4.0;1.4
8002;8031;1.8;3.25;3.8
8003;8032;2.88;3.3;2.1
8004;8033;1.91;3.25;3.4
8005;8034;1.36;4.8;8.5
8006;8035;1.44;4.2;7.5
8007;8036;2.4;3.4;2.8
8008;8037;2.0;3.5;3.6
8009;8038;2.6;3.4;2.6
8010;8039;2.2;3.4;3.2
8011;8040;4.2;3.5;1.85
8012;8041;2.3;3.4;3.0
8013;8042;2.0;3.5;3.6
8014;8043;1.83;3.4;3.5
8015;8044;1.25;4.8;8.5
8016;8045;1.44;3.75;6.0
8017;8046;1.29;4.8;7.0
8018;8047;1.57;3.75;4.5
8019;8048;1.62;3.5;4.5
8020;8049;1.83;3.2;3.75
8021;8050;4.33;3.6;1.62
8022;8051;5.0;3.8;1.5
8023;8052;1.7;4.0;4.33
8024;8053;1.83;3.75;4.0
8025;8054;1.44;4.5;6.5
8026;8055;5.0;4.0;1.62
8027;8056;1.67;4.2;4.5
8028;8057;2.1;3.4;3.4
8029;8058;2.3;4.0;2.62
8030;8059;3.75;3.6;1.91
8031;8060;5.0;3.75;1.67
8032;8061;2.0;3.2;3.2
8033;8062;2.5;2.9;2.62
8034;8063;1.29;4.5;8.0
8035;8064;2.25;3.2;2.75
8036;8065;2.1;3.2;3.0
8037;8066;5.0;3.5;1.57
8038;8067;1.91;3.2;3.5
8039;8068;1.95;3.25;3.3
8040;8069;2.75;3.2;2.25
8041;8070;1.67;3.3;4.5
8042;8071;1.7;3.6;5.0
8043;8072;1.53;3.5;5.5
8044;8073;1.5;3.4;6.0
8045;8074;2.3;3.2;2.62
8046;8075;2.2;3.2;2.8
8047;8076;2.3;3.2;2.62
8048;8077;2.3;3.2;2.62
8049;8078;2.4;3.1;2.6
8050;8079;1.4;3.75;7.0
8051;8080;2.38;3.1;2.62
8052;8081;1.44;3.75;6.0
8053;8082;1.5;3.4;6.0
8054;8083;1.91;3.2;3.5
8055;8084;4.0;3.4;1.73
8056;8085;2.9;3.2;2.15
8057;8086;5.5;3.6;1.5
8058;8087;2.75;3.2;2.25
8059;8088;1.25;4.5;10.0
8060;8089;1.57;3.5;5.0
8061;8090;1.73;3.25;4.2
8062;8091;2.38;3.3;2.5
8063;8092;1.73;3.25;4.2
8064;8093;2.2;3.3;3.3
8065;8094;3.5;3.2;1.91
8066;8095;2.2;3.2;2.8
8067;8096;1.67;3.4;4.33
8068;8097;2.2;3.1;2.88
8069;8098;1.62;3.5;4.5
8070;8099;2.38;3.1;2.62
8071;8100;1.4;3.75;7.0
8072;8101;3.1;3.2;2.05
8073;8102;1.83;3.2;3.75
8074;8103;1.95;3.5;3.75
8075;8104;2.3;3.2;2.62
8076;8105;5.0;3.5;1.57
8077;8106;1.57;3.5;5.0
8078;8107;1.44;3.75;6.0
8079;8108;1.95;3.25;3.3
8080;8109;1.44;3.75;6.0
8081;8110;1.29;4.5;8.0
8082;8111;2.15;3.2;2.9
8083;8112;3.25;3.3;1.95
8084;8113;2.1;3.2;3.0
8085;8114;2.62;3.1;2.38
8086;8115;1.95;3.5;3.75
8087;8116;1.62;3.3;5.0
8088;8117;1.4;3.75;7.0
8089;8118;1.7;3.3;4.2
8090;8119;3.25;3.3;1.95
8091;8120;3.1;3.3;2.0
8092;8121;2.2;3.2;2.8
8093;8122;3.0;3.3;2.05
8094;8123;3.75;3.3;1.8
8095;8124;1.17;5.5;12.0
8096;8125;1.73;3.4;4.0
8097;8126;4.33;3.6;1.62
8098;8127;2.05;3.3;3.0
8099;8128;4.33;3.6;1.62
8100;8129;2.62;3.2;2.3
8101;8130;2.0;3.2;3.2
8102;8131;2.1;3.2;3.0
8103;8132;1.33;4.33;7.0
8104;8133;1.33;4.33;7.0
8105;8134;1.5;3.6;5.5
8106;8135;4.0;3.5;1.7
8107;8136;2.2;3.3;2.7
8108;8137;1.36;4.0;7.0
8109;8138;3.4;3.25;1.91
8110;8139;1.8;3.4;3.6
8111;8140;1.95;3.3;3.25
8112;8141;5.0;3.6;1.53
8113;8142;1.7;3.4;4.2
8114;8143;1.36;4.0;7.0
8115;8144;1.57;3.6;5.0
8116;8145;2.05;3.3;3.0
8117;8146;2.15;3.25;2.87
8118;8147;3.1;3.3;2.0
8119;8148;2.0;3.2;3.2
8120;8149;2.5;3.25;2.4
8121;8150;2.15;3.3;2.8
8122;8151;1.8;3.5;4.0
8123;8152;1.33;4.33;8.5
8124;8153;1.61;3.6;5.0
8125;8154;1.61;3.4;5.5
8126;8155;1.44;4.0;6.5
8127;8156;1.36;4.2;8.0
8128;8157;4.2;3.5;1.75
8129;8158;2.1;3.3;3.2
8130;8159;3.3;3.3;2.05
8131;8160;1.73;3.4;4.5
8132;8161;1.8;3.4;4.0
8133;8162;2.0;3.3;3.4
8134;8163;2.05;3.2;3.4
8135;8164;2.25;3.2;3.0
8136;8165;4.5;3.4;1.73
8137;8166;2.75;3.2;2.4
8138;8167;3.3;3.2;2.1
8139;8168;1.85;3.3;4.0
8140;8169;1.28;4.75;9.5
8141;8170;2.15;3.25;3.1
8142;8171;1.65;3.5;5.0
8143;8172;1.53;3.6;6.0
8144;8173;1.36;4.33;7.5
8145;8174;1.4;4.2;7.0
8146;8175;2.1;3.25;3.2
8147;8176;5.0;3.5;1.65
8148;8177;4.25;3.3;1.8
8149;8178;1.85;3.3;3.9
8150;8179;4.5;3.5;1.7
8151;8180;1.9;3.3;3.75
8152;8181;2.2;3.1;3.1
8153;8182;3.4;3.1;2.1
8154;8183;6.5;4.2;1.4
8155;8184;2.7;3.1;2.5
8156;8185;2.1;3.2;3.3
8157;8186;1.53;3.6;6.0
8158;8187;1.2;5.5;12.0
8159;8188;1.4;4.2;7.0
8160;8189;2.5;3.2;2.62
8161;8190;1.44;4.0;6.5
8162;8191;2.1;3.4;3.1
8163;8192;1.44;4.0;8.0
8164;8193;3.0;3.25;2.2
8165;8194;2.0;3.2;3.5
8166;8195;1.85;3.4;3.75
8167;8196;1.44;4.0;6.5
8168;8197;1.4;4.2;7.0
8169;8198;1.36;4.33;7.5
8170;8199;2.2;3.2;3.05
8171;8200;1.36;4.2;8.0
8172;8201;3.75;3.3;1.91
8173;8202;3.0;3.25;2.2
8174;8203;2.15;3.25;3.1
8175;8204;1.83;3.3;4.0
8176;8205;2.5;3.2;2.62
8177;8206;3.0;3.25;2.2
8178;8207;1.91;3.3;3.75
8179;8208;1.53;3.8;5.5
8180;8209;3.9;3.5;1.91
8181;8210;2.2;3.25;3.0
8182;8211;4.0;3.3;1.83
8183;8212;2.0;3.3;3.4
8184;8213;2.75;3.25;2.38
8185;8214;1.6;3.4;4.8
8186;8215;1.91;3.25;3.4
8187;8216;2.0;3.2;3.2
8188;8217;1.4;4.0;6.5
8189;8218;1.36;4.0;7.0
8190;8219;1.95;3.25;3.3
8191;8220;3.75;3.3;1.8
8192;8221;1.83;3.3;3.6
8193;8222;2.25;3.2;2.75
8194;8223;1.17;6.5;12.0
8195;8224;1.25;5.5;9.0
8196;8225;1.73;3.75;4.0
8197;8226;2.15;3.25;3.1
8198;8227;1.85;3.3;4.0
8199;8228;1.67;3.5;4.8
8200;8229;2.1;3.25;3.2
8201;8230;2.1;3.25;3.2
8202;8231;3.6;3.4;1.91
8203;8232;1.61;3.5;5.25
8204;8233;1.4;4.2;7.0
8205;8234;4.33;3.6;1.7
8206;8235;4.33;3.5;1.73
8207;8236;3.3;3.25;2.05
8208;8237;3.3;3.25;2.05
8209;8238;5.25;3.6;1.6
8210;8239;2.1;3.25;3.25
8211;8240;1.67;3.6;4.6
8212;8241;1.33;4.5;8.0
8213;8242;1.6;3.6;5.25
8214;8243;2.2;3.25;2.9
8215;8244;1.95;3.25;3.6
8216;8245;1.5;3.6;6.5
8217;8246;1.8;3.3;4.2
8218;8247;2.7;3.25;2.4
8219;8248;4.0;3.6;1.75
8220;8249;2.0;3.3;3.75
8221;8250;1.5;3.8;6.0
8222;8251;1.4;4.2;7.0
8223;8252;2.25;3.2;2.95
8224;8253;2.55;3.2;2.55
8225;8254;2.55;3.2;2.55
8226;8255;2.9;3.25;2.25
8227;8256;7.5;4.5;1.35
8228;8257;2.0;3.3;3.4
8229;8258;1.83;3.2;4.2
8230;8259;1.44;3.8;7.0
8231;8260;1.33;4.2;10.0
8232;8261;1.57;3.4;6.0
8233;8262;2.6;3.1;2.6
8234;8263;2.0;3.2;4.0
8235;8264;2.1;3.1;3.4
8236;8265;4.0;3.3;1.83
8237;8266;4.0;3.3;1.83
8238;8267;1.75;3.3;4.5
8239;8268;1.44;4.0;6.5
8240;8269;1.67;3.5;4.8
8241;8270;1.91;3.4;3.6
8242;8271;1.44;4.2;6.0
8243;8272;2.25;3.2;3.0
8244;8273;3.1;3.25;2.15
8245;8274;7.5;4.0;1.4
8246;8275;4.6;3.6;1.67
8247;8276;1.73;3.5;4.33
8248;8277;1.14;6.5;15.0
8249;8278;2.0;3.3;3.4
8250;8279;2.0;3.25;3.5
8251;8280;1.95;3.25;3.6
8252;8281;3.3;3.25;2.05
8253;8282;2.4;3.2;2.75
8254;8283;2.25;3.2;3.0
8255;8284;2.88;3.25;2.3
8256;8285;2.7;3.3;2.4
8257;8286;2.3;3.3;2.8
8258;8287;2.5;3.25;2.6
8259;8288;1.44;4.2;6.0
8260;8289;1.33;4.5;8.0
8261;8290;1.44;4.2;6.0
8262;8291;2.3;3.3;2.8
8263;8292;6.0;4.2;1.44
8264;8293;2.2;3.1;3.1
8265;8294;2.5;3.25;2.6
8266;8295;1.53;3.6;6.0
8267;8296;2.2;3.25;3.0
8268;8297;1.33;4.5;8.0
8269;8298;3.2;3.25;2.1
8270;8299;2.3;3.2;2.88
8271;8300;2.25;3.2;3.0
8272;8301;2.6;3.2;2.5
8273;8302;3.0;3.25;2.2
8274;8303;1.62;3.6;5.0
8275;8304;1.4;4.0;7.5
8276;8305;2.4;3.3;2.7
8277;8306;1.36;4.33;7.5
8278;8307;2.6;3.1;2.6
8279;8308;1.8;3.5;4.0
8280;8309;2.15;3.3;3.1
8281;8310;3.1;3.3;2.15
8282;8311;2.25;3.25;2.9
8283;8312;2.0;3.3;3.4
8284;8313;2.15;3.25;2.88
8285;8314;1.36;4.2;6.5
8286;8315;1.8;3.4;3.6
8287;8316;3.2;3.2;2.0
8288;8317;2.1;3.2;3.0
8289;8318;2.0;3.2;3.2
8290;8319;2.4;3.1;2.6
8291;8320;6.5;4.0;1.4
8292;8321;2.5;3.3;2.75
8293;8322;2.8;3.25;2.3
8294;8323;1.29;5.0;7.0
8295;8324;2.8;3.25;2.3
8296;8325;2.75;3.25;2.38
8297;8326;3.0;3.25;2.2
8298;8327;4.5;3.4;1.73
8299;8328;3.5;3.25;2.0
8300;8329;2.38;3.25;3.0
8301;8330;1.91;3.3;3.75
8302;8331;1.2;6.0;11.0
8303;8332;1.36;4.2;8.0
8304;8333;1.53;3.6;6.0
8305;8334;2.05;3.25;3.3
8306;8335;1.33;4.5;8.0
8307;8336;2.62;3.4;2.4
8308;8337;2.25;3.2;3.0
8309;8338;2.25;3.25;2.9
8310;8339;2.15;3.3;3.4
8311;8340;1.29;4.8;9.0
8312;8341;1.29;5.0;8.5
8313;8342;3.5;3.5;1.91
8314;8343;2.9;3.25;2.25
8315;8344;3.0;3.25;2.2
8316;8345;4.33;3.6;1.8
8317;8346;2.15;3.3;3.1
8318;8347;5.5;4.0;1.5
8319;8348;2.7;3.3;2.38
8320;8349;1.11;7.5;17.0
8321;8350;1.3;4.8;8.5
8322;8351;1.85;3.5;3.75
8323;8352;1.57;3.75;5.25
8324;8353;1.3;4.8;8.5
8325;8354;2.15;3.25;3.1
8326;8355;2.3;3.25;2.8
8327;8356;2.4;3.2;2.75
8328;8357;1.83;3.3;4.0
8329;8358;1.57;4.0;4.8
8330;8359;3.75;3.5;1.85
8331;8360;1.7;3.75;4.2
8332;8361;3.5;3.5;1.91
8333;8362;1.5;4.0;5.5
8334;8363;2.25;3.5;2.75
8335;8364;2.88;3.25;2.3
8336;8365;4.2;3.75;1.7
8337;8366;2.88;3.25;2.3
8338;8367;1.73;3.4;4.0
8339;8368;1.36;4.0;7.0
8340;8369;1.33;4.2;7.5
8341;8370;1.4;4.0;6.5
8342;8371;2.88;3.3;2.1
8343;8372;1.3;4.33;8.0
8344;8373;2.6;3.25;2.3
8345;8374;2.5;3.1;2.5
8346;8375;2.0;3.4;3.75
8347;8376;1.73;3.4;4.0
8348;8377;3.75;3.3;1.8
8349;8378;1.33;4.33;7.0
8350;8379;1.91;3.25;3.4
8351;8380;2.1;3.2;3.0
8352;8381;3.2;3.2;2.0
8353;8382;2.0;3.2;3.2
8354;8383;2.4;3.1;2.6
8355;8384;1.5;3.6;5.5
8356;8385;1.14;6.0;12.0
8357;8386;2.2;3.3;2.7
8358;8387;1.44;3.75;6.0
8359;8388;1.8;3.4;3.6
8360;8389;2.25;3.3;3.2
8361;8390;3.5;3.4;1.83
8362;8391;2.0;3.2;3.2
8363;8392;2.62;3.1;2.38
8364;8393;2.7;3.3;2.2
8365;8394;2.75;3.2;2.25
8366;8395;2.4;3.25;2.5
8367;8396;1.29;4.5;8.0
8368;8397;1.36;4.0;7.0
8369;8398;2.0;3.2;3.2
8370;8399;2.5;3.3;2.38
8371;8400;3.2;3.2;2.0
8372;8401;1.83;3.5;4.2
8373;8402;1.44;3.75;6.0
8374;8403;1.17;5.5;12.0
8375;8404;1.36;4.0;7.0
8376;8405;2.4;3.25;2.5
8377;8406;4.5;3.5;1.62
8378;8407;1.4;4.0;6.5
8379;8408;3.6;3.4;1.8
8380;8409;2.05;3.3;3.0
8381;8410;3.6;3.4;1.8
8382;8411;2.62;3.2;2.3
8383;8412;2.05;3.2;3.1
8384;8413;1.5;3.6;5.5
8385;8414;2.4;3.25;2.5
8386;8415;1.7;3.5;4.0
8387;8416;1.29;4.5;8.0
8388;8417;5.5;3.6;1.5
8389;8418;2.1;3.2;3.0
8390;8419;2.0;3.2;3.2
8391;8420;2.05;3.2;3.1
8392;8421;1.57;3.8;6.0
8393;8422;2.7;3.4;2.5
8394;8423;1.91;3.4;4.0
8395;8424;2.2;3.2;3.3
8396;8425;2.25;3.25;3.2
8397;8426;2.62;3.2;2.7
8398;8427;2.3;3.3;3.1
8399;8428;3.1;3.3;2.3
8400;8429;2.5;3.3;2.8
8401;8430;1.3;5.0;10.0
8402;8431;2.5;3.2;2.8
8403;8432;1.53;4.0;6.0
8404;8433;2.15;3.25;3.4
8405;8434;2.8;3.4;2.4
8406;8435;1.62;3.8;5.5
8407;8436;3.6;3.3;2.05
8408;8437;2.1;3.4;3.4
8409;8438;2.5;3.3;2.75
8410;8439;1.67;3.75;5.0
8411;8440;1.44;4.5;6.5
8412;8441;2.4;3.4;2.8
8413;8442;2.25;3.2;3.2
8414;8443;2.4;3.4;2.8
8415;8444;5.5;4.0;1.57
8416;8445;2.8;3.4;2.4
8417;8446;4.2;3.5;1.83
8418;8447;2.0;3.4;3.75
8419;8448;1.36;4.8;8.5
8420;8449;1.85;4.0;3.75
8421;8450;1.73;3.75;4.5
8422;8451;2.3;3.6;2.8
8423;8452;1.73;3.75;4.5
8424;8453;1.62;4.2;5.0
8425;8454;2.1;3.6;3.25
8426;8455;3.0;3.4;2.3
8427;8456;3.4;3.6;2.05
8428;8457;2.2;3.5;3.1
8429;8458;2.8;3.4;2.4
8430;8459;1.55;4.0;6.0
8431;8460;2.3;3.5;2.9
8432;8461;2.5;3.4;2.7
8433;8462;5.5;3.6;1.67
8434;8463;2.9;3.5;2.3
8435;8464;2.0;3.5;3.6
8436;8465;2.88;3.5;2.3
8437;8466;1.36;4.5;9.0
8438;8467;1.83;3.6;4.2
8439;8468;1.3;5.0;10.0
8440;8469;2.0;3.5;3.5
8441;8470;1.91;3.5;4.0
8442;8471;2.6;3.25;2.7
8443;8472;2.75;3.3;2.5
8444;8473;2.3;3.1;3.2
8445;8474;3.2;3.4;2.2
8446;8475;3.4;3.6;2.05
8447;8476;1.44;4.5;7.0
8448;8477;2.15;3.5;3.25
8449;8478;2.05;3.8;3.25
8450;8479;2.2;3.3;3.3
8451;8480;2.2;3.6;3.1
8452;8481;3.1;3.4;2.25
8453;8482;4.75;4.0;1.67
8454;8483;2.4;3.5;2.8
8455;8484;1.2;6.5;13.0
8456;8485;1.62;4.2;4.8
8457;8486;2.5;3.4;2.7
8458;8487;2.55;3.3;2.7
8459;8488;1.62;3.75;5.5
8460;8489;2.5;3.4;2.7
8461;8490;1.95;3.5;3.75
8462;8491;2.38;3.5;2.8
8463;8492;2.45;3.4;2.75
8464;8493;1.5;4.0;7.0
8465;8494;1.62;4.2;5.0
8466;8495;1.44;4.4;7.0
8467;8496;4.0;3.75;1.85
8468;8497;2.2;3.5;3.1
8469;8498;4.4;3.6;1.8
8470;8499;3.0;3.6;2.2
8471;8500;2.15;3.5;3.25
8472;8501;2.5;3.2;2.88
8473;8502;1.95;3.5;3.75
8474;8503;2.0;3.6;3.5
8475;8504;2.25;3.4;3.1
8476;8505;1.95;3.5;3.75
8477;8506;5.0;3.5;1.73
8478;8507;2.0;3.4;3.75
8479;8508;1.95;3.5;3.75
8480;8509;1.95;3.5;3.75
8481;8510;2.38;3.3;2.9
8482;8511;1.25;5.5;13.0
8483;8512;1.5;4.33;6.0
8484;8513;1.57;4.0;5.5
8485;8514;2.3;3.2;3.2
8486;8515;1.67;3.6;5.5
8487;8516;4.2;3.6;1.8
8488;8517;3.0;3.2;2.4
8489;8518;2.4;3.2;3.0
8490;8519;3.0;3.2;2.4
8491;8520;1.35;4.6;7.5
8492;8521;1.35;4.6;7.5
8493;8522;1.35;4.6;7.5
8494;8523;2.2;3.3;3.0
8495;8524;1.6;3.75;5.0
8496;8525;2.9;3.3;2.25
8497;8526;2.0;3.3;3.4
8498;8527;7.0;4.4;1.44
8499;8528;3.0;3.25;2.2
8500;8529;1.7;3.75;4.8
8501;8530;4.75;4.0;1.67
8502;8531;1.53;4.0;6.0
8503;8532;1.57;4.0;5.5
8504;8533;4.2;3.6;1.83
8505;8534;1.95;3.5;3.75
8506;8535;3.3;3.4;2.15
8507;8536;2.25;3.3;3.2
8508;8537;2.3;3.4;3.0
8509;8538;1.57;4.0;5.5
8510;8539;1.62;3.6;6.0
8511;8540;2.25;3.5;3.0
8512;8541;1.8;3.5;4.5
8513;8542;2.9;3.5;2.3
8514;8543;6.5;4.2;1.5
8515;8544;2.2;3.5;3.1
8516;8545;2.38;3.5;2.8
8517;8546;3.5;3.4;2.05
8518;8547;1.36;5.0;8.0
8519;8548;1.7;3.75;4.8
8520;8549;1.7;4.0;4.5
8521;8550;1.75;3.75;4.5
8522;8551;2.38;3.3;2.9
8523;8552;3.5;3.4;2.05
8524;8553;2.38;3.3;2.9
8525;8554;5.0;3.75;1.67
8526;8555;2.05;3.4;3.5
8527;8556;1.62;4.0;5.0
8528;8557;1.3;5.0;11.0
8529;8558;1.91;3.5;4.0
8530;8559;5.0;4.0;1.62
8531;8560;1.8;3.5;4.5
8532;8561;3.5;3.3;2.1
8533;8562;2.4;3.2;3.0
8534;8563;2.1;3.3;3.5
8535;8564;1.91;3.5;4.0
8536;8565;1.83;3.6;4.2
8537;8566;1.91;3.3;4.2
8538;8567;3.2;3.2;2.3
8539;8568;1.83;3.6;4.2
8540;8569;2.5;3.4;2.7
8541;8570;2.1;3.3;3.5
8542;8571;2.3;3.2;3.2
8543;8572;3.2;3.2;2.3
8544;8573;2.4;3.3;2.9
8545;8574;1.62;4.2;5.0
8546;8575;1.29;5.5;10.0
8547;8576;2.05;3.4;3.6
8548;8577;1.91;3.5;4.0
8549;8578;2.38;3.25;3.0
8550;8579;2.62;3.6;2.5
8551;8580;2.4;3.5;2.8
8552;8581;4.75;4.0;1.67
8553;8582;1.83;3.5;4.4
8554;8583;1.53;4.0;6.0
8555;8584;1.7;3.6;5.0
8556;8585;1.7;3.6;5.0
8557;8586;2.2;3.3;3.3
8558;8587;3.3;3.3;2.2
8559;8588;4.5;3.5;1.8
8560;8589;2.45;3.4;2.75
8561;8590;2.2;3.3;3.3
8562;8591;3.3;3.3;2.2
8563;8592;1.8;3.6;4.33
8564;8593;1.4;4.5;8.0
8565;8594;1.91;3.5;3.75
8566;8595;1.75;3.75;4.5
8567;8596;1.91;3.4;4.0
8568;8597;2.2;3.5;3.1
8569;8598;6.0;4.0;1.55
8570;8599;2.1;3.5;3.3
8571;8600;2.25;3.5;3.0
8572;8601;1.17;7.0;15.0
8573;8602;2.25;3.5;3.0
8574;8603;1.44;4.33;7.0
8575;8604;1.8;3.6;4.33
8576;8605;1.83;3.6;4.2
8577;8606;2.6;3.2;2.7
8578;8607;2.4;3.2;3.0
8579;8608;3.3;3.5;2.1
8580;8609;3.25;3.25;2.25
8581;8610;2.1;3.4;3.4
8582;8611;1.2;6.5;13.0
8583;8612;1.75;3.75;4.33
8584;8613;3.1;3.4;2.25
8585;8614;2.7;3.4;2.5
8586;8615;2.2;3.4;3.2
8587;8616;2.5;3.3;2.75
8588;8617;2.15;3.4;3.3
8589;8618;5.5;4.0;1.57
8590;8619;1.6;3.8;4.8
8591;8620;2.1;3.4;3.1
8592;8621;1.36;4.75;6.5
8593;8622;2.1;3.4;3.1
8594;8623;2.38;3.2;2.8
8595;8624;2.1;3.4;3.0
8596;8625;2.1;3.4;3.1
8597;8626;3.1;3.3;2.15
8598;8627;3.3;3.4;2.0
8599;8628;1.83;3.75;4.0
8600;8629;2.1;3.3;3.5
8601;8630;1.29;5.0;12.0
8602;8631;1.95;3.5;3.75
8603;8632;1.5;4.33;6.0
8604;8633;1.91;3.4;4.0
8605;8634;1.95;3.5;3.75
8606;8635;2.5;3.3;2.75
8607;8636;2.3;3.3;3.1
8608;8637;2.0;3.2;4.0
8609;8638;1.57;3.8;6.0
8610;8639;2.0;3.5;3.5
8611;8640;1.7;3.6;5.0
8612;8641;6.5;4.0;1.5
8613;8642;5.5;3.75;1.62
8614;8643;2.5;3.2;2.8
8615;8644;2.1;3.3;3.5
8616;8645;3.4;3.4;2.1
8617;8646;1.3;5.5;9.0
8618;8647;2.2;3.5;3.1
8619;8648;1.44;4.2;7.5
8620;8649;1.67;3.8;5.0
8621;8650;1.91;3.5;4.0
8622;8651;2.75;3.3;2.5
8623;8652;4.0;3.75;1.83
8624;8653;1.75;3.75;4.5
8625;8654;1.8;3.75;4.2
8626;8655;2.5;3.2;2.9
8627;8656;2.1;3.3;3.5
8628;8657;1.44;4.2;7.5
8629;8658;2.05;3.3;3.6
8630;8659;1.44;4.33;7.0
8631;8660;2.0;3.4;3.6
8632;8661;1.6;3.8;5.5
8633;8662;1.8;3.5;4.5
8634;8663;13.0;6.5;1.2
8635;8664;1.3;5.0;10.0
8636;8665;3.4;3.4;2.1
8637;8666;2.1;3.4;3.4
8638;8667;1.62;4.5;4.5
8639;8668;2.75;3.3;2.5
8640;8669;1.36;4.8;8.0
8641;8670;2.3;3.4;3.0
8642;8671;4.0;3.5;1.91
8643;8672;2.3;3.4;3.0
8644;8673;1.22;6.0;13.0
8645;8674;2.3;3.3;3.1
8646;8675;1.5;4.33;6.0
8647;8676;1.4;4.5;8.0
8648;8677;1.85;3.6;4.0
8649;8678;1.57;4.0;5.5
8650;8679;1.7;3.5;4.5
8651;8680;2.9;3.4;2.38
8652;8681;3.4;3.4;2.1
8653;8682;1.53;4.0;6.0
8654;8683;1.53;3.75;7.0
8655;8684;2.0;3.3;3.75
8656;8685;2.0;3.2;4.0
8657;8686;3.75;3.4;2.0
8658;8687;2.0;3.4;3.75
8659;8688;3.25;3.3;2.2
8660;8689;3.75;3.4;2.0
8661;8690;3.5;3.3;2.1
8662;8691;1.5;3.8;7.5
8663;8692;1.57;3.6;6.5
8664;8693;2.4;3.2;3.0
8665;8694;2.4;3.2;3.0
8666;8695;1.5;4.2;6.5
8667;8696;2.0;3.4;3.75
8668;8697;3.2;3.25;2.25
8669;8698;2.3;3.1;3.25
8670;8699;3.6;3.3;2.05
8671;8700;2.2;3.3;3.0
8672;8701;2.5;3.2;2.6
8673;8702;1.91;3.4;3.6
8674;8703;1.53;3.6;6.0
8675;8704;2.15;3.2;3.2
8676;8705;3.2;3.3;2.1
8677;8706;2.25;3.3;2.9
8678;8707;2.0;3.4;3.3
8679;8708;2.9;3.3;2.25
8680;8709;1.4;4.5;8.0
8681;8710;2.05;3.4;3.5
8682;8711;1.57;3.8;6.0
8683;8712;2.3;3.4;3.0
8684;8713;2.3;3.2;3.1
8685;8714;1.67;3.75;5.0
8686;8715;4.33;3.5;1.83
8687;8716;2.5;3.2;2.88
8688;8717;2.3;3.3;3.1
8689;8718;1.85;3.6;4.0
8690;8719;1.8;3.6;4.33
8691;8720;1.7;3.75;4.8
8692;8721;2.7;3.25;2.62
8693;8722;2.8;3.3;2.5
8694;8723;3.4;3.6;2.05
8695;8724;2.25;3.25;3.25
8696;8725;2.1;3.4;3.4
8697;8726;3.0;3.4;2.3
8698;8727;1.57;4.0;5.5
8699;8728;1.91;3.3;4.2
8700;8729;2.25;3.4;3.1
8701;8730;3.75;3.3;2.0
8702;8731;2.3;3.3;3.1
8703;8732;2.6;3.1;2.8
8704;8733;2.3;3.4;3.0
8705;8734;2.15;3.1;3.6
8706;8735;1.2;6.0;15.0
8707;8736;1.29;5.5;9.5
8708;8737;2.0;3.5;3.6
8709;8738;2.3;3.5;2.88
8710;8739;8.5;4.33;1.4
8711;8740;2.5;3.5;2.62
8712;8741;2.0;3.5;3.6
8713;8742;2.0;3.4;3.75
8714;8743;3.6;3.5;2.0
8715;8744;2.0;3.4;3.75
8716;8745;1.2;6.0;15.0
8717;8746;2.0;3.4;3.75
8718;8747;1.91;3.3;4.2
8719;8748;2.7;3.1;2.7
8720;8749;3.5;3.6;2.0
8721;8750;3.3;3.3;2.2
8722;8751;2.0;3.3;3.8
8723;8752;2.3;3.3;3.1
8724;8753;2.1;3.3;3.5
8725;8754;1.36;4.5;9.0
8726;8755;1.5;4.2;6.0
8727;8756;1.67;3.5;5.5
8728;8757;2.62;3.3;2.62
8729;8758;2.5;3.4;2.7
8730;8759;1.73;3.6;4.8
8731;8760;1.73;3.6;4.8
8732;8761;15.0;5.5;1.22
8733;8762;2.2;3.3;3.3
8734;8763;1.62;4.2;5.0
8735;8764;1.8;3.75;4.2
8736;8765;2.25;3.4;3.1
8737;8766;2.62;3.4;2.6
8738;8767;3.0;3.25;2.38
8739;8768;1.44;4.5;7.0
8740;8769;2.4;3.5;2.8
8741;8770;2.38;3.4;2.9
8742;8771;2.45;3.4;2.8
8743;8772;1.7;3.75;5.0
8744;8773;2.05;3.4;3.5
8745;8774;2.15;3.4;3.25
8746;8775;9.0;5.0;1.33
8747;8776;2.05;3.4;3.5
8748;8777;1.62;3.6;6.0
8749;8778;3.3;3.4;2.15
8750;8779;3.0;3.4;2.3
8751;8780;2.8;3.3;2.5
8752;8781;1.8;3.5;4.5
8753;8782;1.3;5.5;9.0
8754;8783;1.36;4.75;8.0
8755;8784;1.91;3.4;4.0
8756;8785;2.4;3.3;2.9
8757;8786;2.4;3.3;2.88
8758;8787;1.44;4.33;7.0
8759;8788;2.3;3.4;3.0
8760;8789;3.6;3.5;2.0
8761;8790;1.25;6.0;11.0
8762;8791;1.62;4.0;5.0
8763;8792;2.6;3.3;2.62
8764;8793;2.2;3.5;3.1
8765;8794;2.3;3.4;3.0
8766;8795;5.5;4.0;1.57
8767;8796;2.2;3.4;3.2
8768;8797;4.0;3.4;1.95
8769;8798;2.75;3.3;2.5
8770;8799;1.44;4.0;8.0
8771;8800;1.12;8.0;19.0
8772;8801;2.0;3.5;3.6
8773;8802;1.53;4.0;6.0
8774;8803;5.5;4.0;1.6
8775;8804;2.3;3.3;3.1
8776;8805;1.95;3.4;3.8
8777;8806;2.5;3.6;2.6
8778;8807;1.8;3.5;4.5
8779;8808;1.85;3.4;4.33
8780;8809;1.85;3.4;4.33
8781;8810;3.8;3.6;1.91
8782;8811;2.2;3.25;3.3
8783;8812;2.2;3.25;3.3
8784;8813;3.1;3.1;2.4
8785;8814;2.0;3.3;3.8
8786;8815;1.85;3.4;4.33
8787;8816;5.0;3.5;1.73
8788;8817;1.33;4.8;9.5
8789;8818;1.2;6.5;13.0
8790;8819;2.3;3.1;3.3
8791;8820;2.15;3.3;3.4
8792;8821;1.75;3.6;4.8
8793;8822;2.5;3.3;2.75
8794;8823;3.6;3.6;1.95
8795;8824;2.3;3.4;3.0
8796;8825;2.25;3.4;3.1
8797;8826;1.83;3.6;4.2
8798;8827;1.62;3.8;5.5
8799;8828;2.0;3.2;4.0
8800;8829;2.3;3.2;3.2
8801;8830;2.4;3.3;2.9
8802;8831;1.83;3.3;4.5
8803;8832;5.0;3.5;1.73
8804;8833;4.2;3.6;1.83
8805;8834;2.62;3.3;2.62
8806;8835;1.73;3.6;4.8
8807;8836;1.67;3.75;5.0
8808;8837;5.5;4.33;1.53
8809;8838;6.0;3.75;1.57
8810;8839;3.2;3.4;2.2
8811;8840;1.8;3.5;4.6
8812;8841;1.62;3.75;5.5
8813;8842;2.9;3.3;2.38
8814;8843;2.25;3.4;3.1
8815;8844;1.45;4.2;7.0
8816;8845;1.14;8.0;15.0
8817;8846;1.85;3.4;4.33
8818;8847;1.95;3.3;4.0
8819;8848;1.83;3.4;4.5
8820;8849;3.0;3.4;2.3
8821;8850;1.7;4.0;4.5
8822;8851;2.38;3.2;3.0
8823;8852;2.62;3.1;2.75
8824;8853;1.53;3.75;7.0
8825;8854;1.7;3.6;5.0
8826;8855;2.1;3.3;3.5
8827;8856;2.5;3.2;2.8
8828;8857;1.8;3.4;4.8
8829;8858;9.0;5.0;1.33
8830;8859;3.2;3.2;2.3
8831;8860;2.45;3.25;2.9
8832;8861;7.0;3.75;1.53
8833;8862;1.29;5.0;11.0
8834;8863;1.4;4.5;7.5
8835;8864;1.8;3.5;4.5
8836;8865;1.73;3.6;4.75
8837;8866;1.7;3.6;5.0
8838;8867;3.75;3.5;1.95
8839;8868;2.25;3.25;3.2
8840;8869;1.75;3.5;4.75
8841;8870;2.55;3.2;2.75
8842;8871;1.29;5.0;11.0
8843;8872;4.5;3.5;1.8
8844;8873;2.0;3.4;3.75
8845;8874;1.73;3.6;4.75
8846;8875;2.8;3.2;2.5
8847;8876;3.8;3.5;1.95
8848;8877;2.3;3.3;3.1
8849;8878;1.57;4.0;5.5
8850;8879;2.6;3.3;2.62
8851;8880;1.25;5.5;12.0
8852;8881;1.85;3.3;4.5
8853;8882;1.95;3.5;3.8
8854;8883;1.91;3.4;4.0
8855;8884;1.67;3.5;5.5
8856;8885;2.25;3.4;3.1
8857;8886;2.88;3.3;2.4
8858;8887;1.57;3.8;6.0
8859;8888;8.0;4.5;1.4
8860;8889;1.36;4.5;9.0
8861;8890;2.1;3.3;3.5
8862;8891;1.8;3.5;4.5
8863;8892;1.57;3.75;6.0
8864;8893;2.05;3.4;3.6
8865;8894;3.6;3.4;2.05
8866;8895;2.3;3.4;3.0
8867;8896;2.75;3.3;2.5
8868;8897;8.0;4.5;1.4
8869;8898;1.2;6.0;15.0
8870;8899;1.91;3.5;4.0
8871;8900;1.83;3.3;4.5
8872;8901;1.7;3.4;5.5
8873;8902;2.0;3.3;3.8
8874;8903;1.83;3.3;4.5
8875;8904;7.0;4.33;1.44
8876;8905;2.1;3.6;3.25
8877;8906;1.75;3.4;5.0
8878;8907;1.3;5.0;11.0
8879;8908;1.67;3.75;5.0
8880;8909;2.05;3.4;3.5
8881;8910;2.5;3.3;2.75
8882;8911;9.0;5.0;1.33
8883;8912;3.0;3.3;2.35
8884;8913;2.0;3.5;3.6
8885;8914;2.35;3.4;2.88
8886;8915;2.45;3.3;2.8
8887;8916;1.14;7.0;21.0
8888;8917;1.73;3.5;5.0
8889;8918;2.8;3.1;2.6
8890;8919;2.1;3.2;3.6
8891;8920;2.6;3.4;2.6
8892;8921;2.05;3.4;3.6
8893;8922;2.75;3.3;2.5
8894;8923;5.5;3.75;1.62
8895;8924;1.62;3.75;5.5
8896;8925;1.29;5.5;9.5
8897;8926;1.33;5.0;9.0
8898;8927;1.62;3.8;5.5
8899;8928;2.05;3.4;3.5
8900;8929;2.38;3.4;2.88
8901;8930;2.3;3.4;3.0
8902;8931;2.2;3.3;3.3
8903;8932;2.62;3.4;2.6
8904;8933;2.88;3.3;2.4
8905;8934;2.5;3.4;2.75
8906;8935;1.44;4.5;7.0
8907;8936;2.4;3.3;2.88
8908;8937;2.1;3.6;3.25
8909;8938;1.6;4.2;5.0
8910;8939;2.9;3.4;2.38
8911;8940;2.2;3.3;3.25
8912;8941;2.8;3.2;2.5
8913;8942;2.15;3.5;3.25
8914;8943;1.53;4.0;6.0
8915;8944;1.22;6.0;12.0
8916;8945;3.1;3.5;2.2
8917;8946;2.35;3.4;2.9
8918;8947;2.35;3.3;3.0
8919;8948;2.9;3.25;2.45
8920;8949;1.8;3.75;4.2
8921;8950;1.73;3.75;4.5
8922;8951;1.53;4.0;6.0
8923;8952;1.44;4.0;8.0
8924;8953;3.2;3.5;2.15
8925;8954;1.8;3.5;4.5
8926;8955;2.0;3.75;3.4
8927;8956;2.25;3.4;3.1
8928;8957;2.4;3.3;2.9
8929;8958;3.6;3.75;1.91
8930;8959;3.2;3.3;2.25
8931;8960;1.57;4.0;5.5
8932;8961;1.85;3.5;4.2
8933;8962;1.7;4.0;4.33
8934;8963;1.5;4.4;6.0
8935;8964;2.1;3.4;3.4
8936;8965;2.25;3.5;3.0
8937;8966;6.5;4.1;1.5
8938;8967;1.85;3.6;4.0
8939;8968;2.1;3.4;3.4
8940;8969;1.75;3.75;4.5
8941;8970;1.3;5.0;10.0
8942;8971;2.6;3.2;2.7
8943;8972;1.36;4.8;8.0
8944;8973;2.4;1.02;3.0
8945;8974;2.6;3.1;2.8
8946;8975;1.95;3.5;3.75
8947;8976;5.0;3.6;1.7
8948;8977;2.4;3.2;3.0
8949;8978;2.05;3.4;3.5
8950;8979;2.7;3.1;2.7
8951;8980;1.8;3.3;5.0
8952;8981;1.8;3.5;4.5
8953;8982;2.3;3.2;3.2
8954;8983;1.8;3.3;5.0
8955;8984;2.8;3.2;2.5
8956;8985;6.0;4.2;1.5
8957;8986;2.3;3.2;3.2
8958;8987;2.6;3.4;2.6
8959;8988;1.4;4.5;8.0
8960;8989;1.17;7.0;15.0
8961;8990;1.62;3.8;5.4
8962;8991;2.2;3.25;3.25
8963;8992;1.85;3.5;4.2
8964;8993;2.5;3.3;2.75
8965;8994;2.6;3.25;2.7
8966;8995;1.91;3.6;3.75
8967;8996;4.5;3.75;1.75
8968;8997;1.44;4.33;7.0
8969;8998;5.0;3.5;1.73
8970;8999;2.5;3.3;2.8
8971;9000;4.0;3.4;1.91
8972;9001;2.62;3.3;2.62
8973;9002;3.25;3.5;2.1
8974;9003;2.5;3.3;2.75
8975;9004;2.0;3.5;3.6
8976;9005;1.57;3.8;6.0
8977;9006;1.36;4.8;8.0
8978;9007;1.4;4.5;8.0
8979;9008;1.83;3.4;4.33
8980;9009;3.6;3.5;2.0
8981;9010;1.6;3.8;5.5
8982;9011;2.8;3.4;2.4
8983;9012;1.83;3.4;4.33
8984;9013;2.1;3.4;3.4
8985;9014;3.0;3.2;2.4
8986;9015;1.25;5.5;12.0
8987;9016;1.7;3.6;5.0
8988;9017;2.75;3.3;2.5
8989;9018;2.62;3.5;2.5
8990;9019;2.1;3.3;3.5
8991;9020;2.9;3.4;2.35
8992;9021;2.8;3.4;2.4
8993;9022;6.0;4.4;1.5
8994;9023;1.91;3.6;3.8
8995;9024;1.2;6.5;13.0
8996;9025;1.44;4.33;7.0
8997;9026;2.88;3.3;2.4
8998;9027;1.67;3.75;5.0
8999;9028;2.5;3.5;2.62
9000;9029;2.0;3.5;3.6
9001;9030;2.38;3.4;2.88
9002;9031;2.0;3.5;3.5
9003;9032;2.75;3.3;2.5
9004;9033;1.3;5.5;9.0
9005;9034;2.8;3.5;2.4
9006;9036;2.6;3.2;2.75
9007;9037;2.1;3.4;3.4
9008;9038;2.05;3.4;3.6
9009;9039;2.8;3.4;2.45
9010;9040;7.5;4.75;1.4
9011;9041;1.91;3.5;4.0
9012;9042;1.4;4.5;8.0
9013;9043;2.3;3.2;3.2
9014;9044;1.5;4.0;7.0
9015;9045;1.8;3.5;4.5
9016;9046;2.1;3.1;3.8
9017;9047;2.62;3.1;2.75
9018;9048;4.0;3.75;1.83
9019;9049;8.0;4.5;1.4
9020;9050;1.6;4.0;5.5
9021;9051;1.17;6.5;17.0
9022;9052;1.53;4.0;6.0
9023;9053;2.05;3.2;3.75
9024;9054;3.3;3.2;2.25
9025;9055;2.05;3.2;3.75
9026;9056;1.73;3.75;4.5
9027;9057;6.0;3.75;1.57
9028;9058;2.7;3.1;2.7
9029;9059;2.9;3.1;2.5
9030;9060;1.18;6.5;15.0
9031;9061;2.45;3.4;2.75
9032;9062;2.5;3.6;2.6
9033;9063;2.05;3.5;3.4
9034;9064;1.55;4.2;5.5
9035;9065;10.0;5.0;1.3
9036;9066;2.2;3.5;3.1
9037;9067;2.3;3.4;3.0
9038;9068;1.73;3.75;4.5
9039;9069;1.17;7.0;15.0
9040;9070;1.53;4.0;6.0
9041;9071;2.3;3.4;3.0
9042;9072;3.1;3.3;2.3
9043;9073;2.3;3.3;3.1
9044;9074;5.5;3.5;1.67
9045;9075;2.4;3.1;3.1
9046;9076;2.5;3.2;2.8
9047;9077;3.0;3.25;2.4
9048;9078;1.12;9.0;15.0
9049;9079;2.3;3.4;3.0
9050;9080;1.57;4.0;5.5
9051;9081;1.62;4.0;5.0
9052;9082;2.6;3.5;2.55
9053;9083;2.4;3.3;2.9
9054;9084;9.0;5.0;1.33
9055;9085;4.2;3.6;1.83
9056;9086;2.05;3.4;3.5
9057;9087;1.8;3.8;4.0
9058;9088;1.4;4.75;7.0
9059;9089;1.44;4.5;6.5
9060;9090;2.0;3.5;3.6
9061;9091;2.6;3.4;2.6
9062;9092;2.0;3.5;3.6
9063;9093;2.45;3.3;2.8
9064;9094;3.1;3.4;2.25
9065;9095;2.8;3.4;2.4
9066;9096;1.29;5.5;10.0
9067;9097;2.38;3.25;3.0
9068;9098;2.88;3.4;2.38
9069;9099;2.88;3.4;2.38
9070;9100;1.83;3.6;4.2
9071;9101;1.7;3.6;5.0
9072;9102;9.5;5.5;1.29
9073;9103;2.05;3.4;3.6
9074;9104;2.3;3.75;2.75
9075;9105;1.17;7.0;15.0
9076;9106;1.6;3.8;5.5
9077;9107;1.57;4.0;5.5
9078;9108;2.1;3.6;3.25
9079;9109;1.85;3.6;4.0
9080;9110;6.5;4.1;1.5
9081;9111;2.3;3.4;3.0
9082;9112;2.45;3.25;2.88
9083;9113;2.8;3.25;2.5
9084;9114;5.0;3.5;1.73
9085;9115;1.75;4.0;4.2
9086;9116;2.5;3.2;2.8
9087;9117;2.1;3.4;3.4
9088;9118;2.2;3.3;3.3
9089;9119;2.4;3.1;3.1
9090;9120;2.3;3.2;3.2
9091;9121;1.7;3.4;5.5
9092;9122;1.11;8.0;26.0
9093;9123;8.0;4.0;1.44
9094;9124;3.6;3.3;2.05
9095;9125;2.7;3.1;2.7
9096;9126;2.38;3.2;3.0
9097;9127;2.5;3.2;2.8
9098;9128;1.2;6.5;13.0
9099;9129;2.0;3.3;3.8
9100;9130;3.1;3.1;2.4
9101;9131;1.73;3.5;5.0
9102;9132;1.25;5.8;11.0
9103;9133;1.36;4.5;8.0
9104;9134;1.57;3.75;6.0
9105;9135;1.95;3.5;3.8
9106;9136;1.73;3.75;4.33
9107;9137;6.2;4.0;1.53
9108;9138;2.05;3.4;3.5
9109;9139;1.83;3.5;4.33
9110;9140;3.0;3.3;2.35
9111;9141;3.2;3.4;2.2
9112;9142;7.5;4.5;1.4
9113;9143;2.4;3.3;2.9
9114;9144;3.1;3.3;2.3
9115;9145;1.95;3.6;3.6
9116;9146;2.45;3.3;2.8
9117;9147;1.75;3.5;4.75
9118;9148;1.33;5.0;9.0
9119;9149;2.25;3.4;3.1
9120;9150;1.29;5.0;12.0
9121;9151;3.3;3.1;2.3
9122;9152;2.8;3.2;2.5
9123;9153;2.4;3.2;3.0
9124;9154;1.91;3.4;4.0
9125;9155;2.1;3.5;3.3
9126;9156;2.62;3.25;2.62
9127;9157;1.29;5.0;12.0
9128;9158;1.67;3.4;6.0
9129;9159;7.5;4.75;1.4
9130;9160;2.25;3.2;3.3
9131;9161;2.0;3.2;4.0
9132;9162;2.25;3.2;3.3
9133;9163;2.05;3.2;3.8
9134;9164;2.0;3.3;3.8
9135;9165;1.53;3.75;7.0
9136;9166;2.4;3.1;3.1
9137;9167;1.44;4.2;7.5
9138;9168;5.5;3.5;1.67
9139;9169;4.5;3.5;1.8
9140;9170;2.1;3.1;3.75
9141;9171;1.2;6.0;15.0
9142;9172;2.2;3.1;3.5
9143;9173;2.25;3.1;3.4
9144;9174;2.7;3.1;2.7
9145;9175;2.05;3.4;3.6
9146;9176;1.53;3.75;7.0
9147;9177;12.0;5.0;1.29
9148;9178;2.62;3.1;2.8
9149;9179;2.0;3.4;3.75
9150;9180;1.57;3.8;6.0
9151;9181;1.36;5.0;7.5
9152;9182;2.7;3.1;2.7
9153;9183;2.8;3.2;2.5
9154;9184;1.83;3.4;4.5
9155;9185;1.67;3.5;5.5
9156;9186;3.6;3.2;2.1
9157;9187;3.1;3.1;2.4
9158;9188;1.95;3.2;4.2
9159;9189;2.3;3.2;3.1
9160;9190;2.15;3.2;3.6
9161;9191;2.7;3.1;2.7
9162;9192;2.5;3.1;2.9
9163;9193;2.4;3.2;3.0
9164;9194;1.14;7.0;21.0
9165;9195;4.8;3.2;1.83
9166;9196;3.1;3.1;2.38
9167;9197;2.05;3.1;4.0
9168;9198;2.1;3.1;3.75
9169;9199;1.4;4.5;8.0
9170;9200;2.62;3.1;2.8
9171;9201;1.95;3.1;4.33
9172;9202;1.53;3.8;6.5
9173;9203;1.75;3.5;4.75
9174;9204;3.75;3.5;1.95
9175;9205;2.05;3.3;3.6
9176;9206;4.2;3.5;1.83
9177;9207;2.1;3.25;3.6
9178;9208;2.2;3.2;3.4
9179;9209;2.15;3.4;3.3
9180;9210;1.62;3.6;6.0
9181;9211;1.33;4.5;11.0
9182;9212;2.8;3.4;2.4
9183;9213;5.5;3.75;1.62
9184;9214;2.62;3.1;2.75
9185;9215;2.4;3.1;3.1
9186;9216;1.53;4.0;6.0
9187;9217;2.3;3.2;3.2
9188;9218;2.5;3.2;2.8
9189;9219;1.36;4.5;9.0
9190;9220;1.67;3.5;5.5
9191;9221;2.0;3.4;3.75
9192;9222;7.0;4.33;1.44
9193;9223;2.3;3.2;3.2
9194;9224;2.4;3.2;3.0
9195;9225;1.67;3.8;5.0
9196;9226;2.8;3.2;2.5
9197;9227;1.25;5.5;12.0
9198;9228;2.2;3.3;3.3
9199;9229;2.15;3.3;3.4
9200;9230;2.4;3.1;3.1
9201;9231;1.5;4.4;6.0
9202;9232;1.18;6.5;15.0
9203;9233;2.0;3.4;3.8
9204;9234;1.7;3.8;4.8
9205;9235;2.3;3.5;2.9
9206;9236;2.4;3.5;2.8
9207;9237;2.7;3.3;2.6
9208;9238;3.75;3.6;1.95
9209;9239;2.05;3.4;3.6
9210;9240;5.5;3.75;1.62
9211;9241;3.1;3.3;2.3
9212;9242;2.15;3.5;3.2
9213;9243;1.5;4.0;7.0
9214;9244;2.5;3.2;2.8
9215;9245;1.53;4.0;6.0
9216;9246;2.3;3.3;3.1
9217;9247;1.75;3.4;5.0
9218;9248;1.85;3.3;4.5
9219;9249;5.0;3.5;1.73
9220;9250;2.2;3.2;3.4
9221;9251;2.3;3.2;3.2
9222;9252;2.4;3.4;2.88
9223;9253;1.44;4.5;6.5
9224;9254;2.05;3.2;3.8
9225;9255;1.25;5.5;12.0
9226;9256;1.57;3.8;6.0
9227;9257;2.1;3.25;3.5
9228;9258;3.1;3.2;2.3
9229;9259;3.4;3.6;2.05
9230;9260;4.0;3.3;1.95
9231;9261;2.3;3.1;3.3
9232;9262;2.15;3.2;3.5
9233;9263;2.5;3.0;3.0
9234;9264;2.05;3.2;3.75
9235;9265;1.67;3.5;5.5
9236;9266;1.83;3.2;4.8
9237;9267;4.0;3.5;1.91
9238;9268;2.25;3.2;3.3
9239;9269;1.4;4.5;8.0
9240;9270;1.3;5.0;10.0
9241;9271;1.91;3.5;4.0
9242;9272;4.5;3.5;1.8
9243;9273;1.22;5.5;15.0
9244;9274;1.91;3.5;4.0
9245;9275;2.2;3.3;3.3
9246;9276;6.0;4.5;1.5
9247;9277;2.8;3.4;2.4
9248;9278;3.2;3.8;2.05
9249;9279;2.0;3.6;3.5
9250;9280;2.5;3.2;2.8
9251;9281;1.4;4.8;7.0
9252;9282;2.05;3.6;3.4
9253;9283;1.44;4.33;7.0
9254;9284;2.38;3.75;2.7
9255;9285;3.8;3.3;2.0
9256;9286;2.05;3.2;3.75
9257;9287;1.83;3.4;4.5
9258;9288;1.95;3.3;4.0
9259;9289;2.15;3.5;3.25
9260;9290;2.62;3.1;2.8
9261;9291;1.75;3.4;5.0
9262;9292;6.0;3.6;1.62
9263;9293;2.3;3.1;3.2
9264;9294;1.22;5.5;15.0
9265;9295;1.62;3.5;6.0
9266;9296;1.91;3.5;4.0
9267;9297;1.85;3.8;4.0
9268;9298;2.15;3.5;3.25
9269;9299;2.62;3.6;2.5
9270;9300;3.1;3.3;2.3
9271;9301;2.15;3.2;3.5
9272;9302;4.0;3.5;1.91
9273;9303;1.4;4.5;8.0
9274;9304;1.53;4.0;6.0
9275;9305;2.3;3.2;3.2
9276;9306;6.0;3.75;1.57
9277;9307;2.3;3.2;3.2
9278;9308;1.8;3.2;5.0
9279;9309;2.4;3.1;3.1
9280;9310;1.8;3.2;5.0
9281;9311;4.6;3.5;1.8
9282;9312;1.17;7.0;15.0
9283;9313;1.44;4.33;7.5
9284;9314;2.2;3.5;3.1
9285;9315;2.5;3.3;2.75
9286;9316;4.5;4.2;1.67
9287;9317;2.15;3.4;3.3
9288;9318;1.91;3.5;4.0
9289;9319;3.0;3.3;2.38
9290;9320;2.88;3.3;2.45
9291;9321;1.67;3.8;5.0
9292;9322;1.67;3.8;5.0
9293;9323;2.25;3.4;3.1
9294;9324;2.1;3.5;3.3
9295;9325;2.0;3.5;3.6
9296;9326;1.8;3.5;4.5
9297;9327;2.25;3.4;3.1
9298;9328;2.1;3.5;3.3
9299;9329;9.0;5.0;1.33
9300;9330;1.22;6.0;13.0
9301;9331;1.33;5.0;8.5
9302;9332;2.15;3.4;3.25
9303;9333;1.91;3.4;4.0
9304;9334;4.75;4.0;1.67
9305;9335;2.05;3.4;3.5
9306;9336;2.4;3.25;2.9
9307;9337;2.7;3.3;2.55
9308;9338;2.38;3.25;3.0
9309;9339;1.14;6.5;15.0
9310;9340;2.5;3.1;2.9
9311;9341;2.2;3.1;3.5
9312;9342;1.5;4.0;7.0
9313;9343;1.5;3.75;7.5
9314;9344;2.75;3.0;2.75
9315;9345;7.5;3.75;1.5
9316;9346;2.75;3.1;2.62
9317;9347;2.4;3.1;3.1
9318;9348;1.1;9.0;26.0
9319;9349;4.2;3.5;1.83
9320;9350;2.1;3.3;3.5
9321;9351;1.53;4.0;6.0
9322;9352;1.62;4.2;5.0
9323;9353;2.3;3.5;2.9
9324;9354;1.7;3.6;5.0
9325;9355;2.7;3.1;2.7
9326;9356;1.6;3.6;6.0
9327;9357;1.25;5.5;12.0
9328;9358;2.3;3.2;3.2
9329;9359;2.05;3.3;3.6
9330;9360;11.0;5.0;1.3
9331;9361;2.05;3.3;3.6
9332;9362;2.3;3.2;3.2
9333;9363;7.0;4.0;1.5
9334;9364;2.4;3.2;3.0
9335;9365;2.3;3.2;3.2
9336;9366;1.12;8.5;19.0
9337;9367;1.62;4.2;5.0
9338;9368;1.55;4.0;6.0
9339;9369;1.55;4.33;5.5
9340;9370;1.67;3.8;5.0
9341;9371;4.33;4.0;1.73
9342;9372;2.2;3.5;3.1
9343;9373;2.8;3.5;2.4
9344;9374;2.45;3.4;2.8
9345;9375;3.5;3.3;2.1
9346;9376;2.1;3.7;3.1
9347;9377;2.4;3.2;3.0
9348;9378;3.3;3.3;2.2
9349;9379;2.2;3.3;3.3
9350;9380;2.1;3.3;3.5
9351;9381;2.4;3.1;3.1
9352;9382;2.7;3.1;2.7
9353;9383;3.0;3.0;2.5
9354;9384;1.08;10.0;34.0
9355;9385;1.8;3.5;4.5
9356;9386;1.44;4.0;8.0
9357;9387;1.44;4.33;7.0
9358;9388;2.5;3.2;2.8
9359;9389;1.83;3.5;4.33
9360;9390;1.83;3.4;4.5
9361;9391;5.5;3.8;1.6
9362;9392;2.0;3.3;3.8
9363;9393;1.57;3.8;6.0
9364;9394;2.25;3.2;3.3
9365;9395;2.05;3.3;3.6
9366;9396;13.0;5.5;1.25
9367;9397;2.6;3.4;2.62
9368;9398;3.5;3.3;2.1
9369;9399;2.1;3.3;3.5
9370;9400;3.25;3.4;2.15
9371;9401;2.1;3.6;3.25
9372;9402;1.1;9.0;21.0
9373;9403;1.4;4.5;8.0
9374;9404;1.53;3.75;7.0
9375;9405;2.0;3.2;4.0
9376;9406;1.83;3.4;4.5
9377;9407;4.5;3.5;1.8
9378;9408;2.7;3.1;2.7
9379;9409;1.57;3.75;6.0
9380;9410;1.55;4.0;6.0
9381;9411;1.36;4.8;8.0
9382;9412;2.2;3.4;3.2
9383;9413;4.5;3.5;1.8
9384;9414;3.2;3.4;2.2
9385;9415;2.6;3.1;2.8
9386;9416;2.1;3.2;3.6
9387;9417;4.2;3.3;1.91
9388;9418;2.25;3.3;3.2
9389;9419;11.0;5.0;1.29
9390;9420;1.33;5.0;9.0
9391;9421;7.5;4.6;1.4
9392;9422;2.1;3.3;3.5
9393;9423;1.6;3.6;6.0
9394;9424;1.85;3.4;4.33
9395;9425;2.62;3.1;2.75
9396;9426;5.0;3.4;1.75
9397;9427;2.8;3.2;2.5
9398;9428;2.4;3.1;3.1
9399;9429;1.12;8.0;21.0
9400;9430;2.05;3.4;3.5
9401;9431;1.53;3.75;7.0
9402;9432;2.7;3.1;2.7
9403;9433;2.05;3.4;3.5
9404;9434;1.8;3.5;4.5
9405;9435;1.75;3.4;5.0
9406;9436;10.0;5.5;1.29
9407;9437;1.91;3.3;4.2
9408;9438;1.17;7.0;15.0
9409;9439;1.83;3.6;4.2
9410;9440;3.25;3.4;2.15
9411;9441;2.88;3.4;2.38
9412;9442;1.8;3.6;4.33
9413;9443;2.38;3.4;2.9
9414;9444;2.38;3.4;2.88
9415;9445;2.05;3.5;3.4
9416;9446;10.0;5.5;1.29
9417;9447;1.62;3.6;6.0
9418;9448;2.7;3.25;2.62
9419;9449;2.4;3.1;3.1
9420;9450;1.83;3.4;4.5
9421;9451;8.5;4.33;1.4
9422;9452;15.0;5.5;1.22
9423;9453;2.9;3.1;2.5
9424;9454;2.7;3.1;2.7
9425;9455;1.67;3.5;5.5
9426;9456;1.3;5.5;9.0
9427;9457;1.08;10.0;26.0
9428;9458;2.15;3.25;3.5
9429;9459;3.6;3.25;2.1
9430;9460;2.05;3.4;3.6
9431;9461;2.0;3.4;3.75
9432;9462;1.85;3.4;4.5
9433;9463;2.7;3.1;2.7
9434;9464;2.5;3.2;2.88
9435;9465;1.7;3.75;4.8
9436;9466;1.95;3.3;4.0
9437;9467;2.7;3.1;2.7
9438;9468;12.0;5.5;1.25
9439;9469;2.4;3.1;3.1
9440;9470;1.67;3.4;6.0
9441;9471;3.1;3.1;2.4
9442;9472;9.0;4.2;1.4
9443;9473;1.75;3.4;5.0
9444;9474;1.29;5.0;12.0
9445;9475;1.2;6.0;15.0
9446;9476;1.8;3.5;4.5
9447;9477;2.8;3.1;2.62
9448;9478;2.7;3.1;2.7
9449;9479;1.8;3.5;4.5
9450;9480;4.0;3.3;1.95
9451;9481;2.2;3.3;3.3
9452;9482;1.62;3.6;6.0
9453;9483;1.83;3.75;4.0
9454;9484;2.38;3.4;2.88
9455;9485;1.73;4.0;4.2
9456;9486;2.75;3.5;2.4
9457;9487;7.5;5.5;1.33
9458;9488;1.95;3.5;3.75
9459;9489;8.0;4.5;1.4
9460;9490;2.25;3.2;3.3
9461;9491;2.6;3.3;2.62
9462;9492;1.4;4.5;8.0
9463;9493;1.17;6.5;17.0
9464;9494;2.5;3.2;2.8
9465;9495;2.25;3.3;3.2
9466;9496;2.3;3.3;3.1
9467;9497;2.25;3.2;3.3
9468;9498;4.2;3.2;1.95
9469;9499;1.85;3.3;4.5
9470;9500;1.95;3.2;4.2
9471;9501;1.44;4.33;7.0
9472;9502;2.05;3.2;3.8
9473;9503;1.75;3.6;4.5
9474;9504;2.1;3.4;3.4
9475;9505;5.0;3.6;1.7
9476;9506;2.15;3.2;3.5
9477;9507;2.5;3.2;2.8
9478;9508;2.2;3.4;3.2
9479;9509;12.0;5.0;1.29
9480;9510;1.44;4.6;6.5
9481;9511;3.1;3.5;2.2
9482;9512;2.62;3.4;2.6
9483;9513;1.91;4.0;3.5
9484;9514;2.45;3.25;2.9
9485;9515;2.05;3.6;3.4
9486;9516;3.3;3.3;2.2
9487;9517;2.62;3.4;2.6
9488;9518;13.0;6.0;1.22
9489;9519;1.17;7.0;15.0
9490;9520;1.83;3.6;4.2
9491;9521;1.75;3.4;5.0
9492;9522;1.4;4.5;8.0
9493;9523;4.8;3.5;1.75
9494;9524;1.91;3.4;4.0
9495;9525;1.8;3.5;4.5
9496;9526;2.2;3.1;3.5
9497;9527;2.4;3.1;3.1
9498;9528;1.5;4.33;6.0
9499;9529;1.8;3.6;4.33
9500;9530;3.75;3.2;2.05
9501;9531;3.4;3.1;2.25
9502;9532;9.0;3.8;1.44
9503;9533;3.25;3.4;2.15
9504;9534;2.62;3.1;2.8
9505;9535;2.5;3.1;2.9
9506;9536;2.3;3.2;3.1
9507;9537;1.22;6.0;12.0
9508;9538;1.08;10.0;26.0
9509;9539;1.7;3.8;4.8
9510;9540;2.7;3.75;2.38
9511;9541;1.8;3.75;4.2
9512;9542;2.6;3.4;2.62
9513;9543;2.3;3.3;3.1
9514;9544;2.8;3.3;2.5
9515;9545;1.85;3.75;4.0
9516;9546;1.57;3.8;6.0
9517;9547;1.67;4.0;4.75
9518;9548;1.95;3.3;4.0
9519;9549;1.67;3.6;5.5
9520;9550;2.5;3.2;2.8
9521;9551;1.62;4.2;5.0
9522;9552;2.4;3.3;2.9
9523;9553;2.1;3.3;3.5
9524;9554;1.8;3.5;4.5
9525;9555;1.36;5.0;8.0
9526;9556;2.62;3.5;2.5
9527;9557;2.9;3.6;2.3
9528;9558;3.8;3.6;1.91
9529;9559;3.25;3.4;2.2
9530;9560;1.91;3.5;4.0
9531;9561;3.0;3.4;2.3
9532;9562;7.0;5.0;1.4
9533;9563;2.05;3.6;3.4
9534;9564;1.22;6.0;12.0
9535;9565;1.95;3.5;3.8
9536;9566;3.1;3.3;2.3
9537;9567;2.75;3.4;2.5
9538;9568;1.44;4.5;7.0
9539;9569;1.95;3.5;3.8
9540;9570;1.67;3.5;5.5
9541;9571;1.83;3.5;4.2
9542;9572;2.0;3.2;4.0
9543;9573;1.36;5.0;8.0
9544;9574;1.83;3.8;4.0
9545;9575;2.8;3.2;2.5
9546;9576;2.8;3.2;2.5
9547;9577;2.1;3.4;3.4
9548;9578;3.75;3.3;2.0
9549;9579;6.5;5.0;1.4
9550;9580;2.8;3.2;2.5
9551;9581;4.2;3.75;1.8
9552;9582;1.22;6.0;12.0
9553;9583;1.3;6.0;8.0
9554;9584;1.29;5.0;11.0
9555;9585;2.0;3.4;3.75
9556;9586;1.85;3.6;4.0
9557;9587;1.75;4.0;4.0
9558;9588;1.85;3.8;3.8
9559;9589;1.57;3.8;6.0
9560;9590;5.5;4.33;1.53
9561;9591;10.0;5.5;1.29
9562;9592;3.2;3.6;2.15
9563;9593;1.8;3.75;4.2
9564;9594;2.3;3.6;2.88
9565;9595;2.6;3.3;2.7
9566;9596;1.95;3.75;3.6
9567;9597;2.5;3.3;2.8
9568;9598;1.8;3.6;4.5
9569;9599;5.5;4.4;1.53
9570;9600;1.29;5.5;10.0
9571;9601;1.14;8.5;15.0
9572;9602;1.75;4.0;4.2
9573;9603;2.5;3.3;2.8
9574;9604;2.6;3.75;2.45
9575;9605;2.5;3.6;2.62
9576;9606;2.05;3.4;3.6
9577;9607;2.7;3.3;2.6
9578;9608;2.25;3.5;3.0
9579;9609;6.0;3.8;1.57
9580;9610;1.4;4.75;7.5
9581;9611;2.2;3.5;3.1
9582;9612;2.62;3.2;2.7
9583;9613;1.75;3.4;5.0
9584;9614;8.0;4.5;1.4
9585;9615;2.62;3.2;2.7
9586;9616;3.5;3.2;2.15
9587;9617;2.0;3.3;3.8
9588;9618;1.22;5.5;15.0
9589;9619;1.17;7.0;15.0
9590;9620;1.4;4.2;9.0
9591;9621;2.05;3.25;3.75
9592;9622;2.8;3.2;2.5
9593;9623;2.4;3.4;2.8
9594;9624;3.75;3.2;2.05
9595;9625;1.83;3.5;4.2
9596;9626;2.1;3.2;3.6
9597;9627;1.8;3.5;4.5
9598;9628;5.0;3.75;1.67
9599;9629;5.5;3.5;1.67
9600;9630;1.8;3.5;4.5
9601;9631;2.3;3.5;2.9
9602;9632;1.29;5.5;10.0
9603;9633;2.5;3.2;2.8
9604;9634;2.8;3.1;2.62
9605;9635;2.4;3.3;2.9
9606;9636;1.22;6.0;12.0
9607;9637;1.1;9.0;21.0
9608;9638;2.1;3.4;3.4
9609;9639;3.2;3.6;2.15
9610;9640;2.5;3.3;2.75
9611;9641;2.4;3.3;2.88
9612;9642;4.8;3.5;1.75
9613;9643;1.62;4.0;5.0
9614;9644;2.5;3.25;2.8
9615;9645;1.2;7.0;12.0
9616;9646;1.62;4.2;5.0
9617;9647;1.95;3.5;3.8
9618;9648;1.95;3.5;3.8
9619;9649;3.2;3.2;2.3
9620;9650;1.95;3.5;3.8
9621;9651;2.1;3.3;3.5
9622;9652;2.05;3.6;3.4
9623;9653;3.1;3.1;2.4
9624;9654;1.5;4.33;6.0
9625;9655;1.91;3.6;3.75
9626;9656;2.0;3.5;3.6
9627;9657;1.83;3.5;4.2
9628;9658;2.3;3.5;2.9
9629;9659;3.2;3.2;2.25
9630;9660;3.4;3.5;2.05
9631;9661;1.91;3.4;4.0
9632;9662;2.62;3.2;2.7
9633;9663;1.62;3.75;5.5
9634;9664;1.53;4.0;6.0
9635;9665;1.62;3.75;5.5
9636;9666;1.8;3.5;4.5
9637;9667;1.83;3.5;4.33
9638;9668;2.05;3.4;3.6
9639;9669;2.62;3.3;2.62
9640;9670;12.0;6.0;1.22
9641;9671;2.7;3.2;2.62
9642;9672;1.17;7.0;15.0
9643;9673;3.0;3.2;2.37
9644;9674;1.44;4.33;7.0
9645;9675;2.2;3.3;3.3
9646;9676;3.8;3.3;2.0
9647;9677;2.6;3.1;2.8
9648;9678;1.95;3.5;3.75
9649;9679;2.25;3.2;3.2
9650;9680;7.0;4.33;1.44
9651;9681;1.95;3.3;4.0
9652;9682;1.53;4.0;6.0
9653;9683;1.91;3.4;4.0
9654;9684;2.05;3.3;3.6
9655;9685;1.67;4.2;4.5
9656;9686;15.0;5.5;1.22
9657;9687;2.3;3.2;3.2
9658;9688;5.0;4.0;1.62
9659;9689;2.25;3.4;3.1
9660;9690;1.25;5.5;12.0
9661;9691;1.5;4.5;5.5
9662;9692;1.7;3.4;5.5
9663;9693;4.0;3.3;1.95
9664;9694;2.0;3.4;3.75
9665;9695;2.3;3.2;3.2
9666;9696;2.05;3.5;3.5
9667;9697;2.8;3.0;2.7
9668;9698;2.4;3.1;3.1
9669;9699;1.83;3.4;4.5
9670;9700;1.73;3.75;4.5
9671;9701;1.4;4.5;8.0
9672;9702;2.3;3.2;3.2
9673;9703;11.0;4.5;1.33
9674;9704;1.8;4.2;3.75
9675;9705;5.0;4.0;1.65
9676;9706;2.5;3.2;2.8
9677;9707;2.5;3.2;2.8
9678;9708;1.1;9.0;26.0
9679;9709;1.83;3.5;4.2
9680;9710;1.44;4.33;7.0
9681;9711;3.3;3.3;2.2
9682;9712;2.4;3.3;2.9
9683;9713;2.1;3.3;3.5
9684;9714;2.2;3.3;3.3
9685;9715;2.3;3.2;3.2
9686;9716;2.8;3.2;2.5
9687;9717;1.83;3.4;4.5
9688;9718;1.44;4.33;7.0
9689;9719;1.53;3.75;7.0
9690;9720;11.0;6.5;1.22
9691;9721;2.62;3.1;2.8
9692;9722;2.6;3.2;2.75
9693;9723;6.0;3.8;1.57
9694;9724;2.5;3.2;2.8
9695;9725;1.91;3.5;4.0
9696;9726;2.0;3.2;4.0
9697;9727;2.5;3.2;2.9
9698;9728;6.0;4.4;1.5
9699;9729;2.05;3.3;3.75
9700;9730;2.4;3.1;3.1
9701;9731;2.4;3.1;3.1
9702;9732;2.7;3.1;2.7
9703;9733;2.9;3.2;2.5
9704;9734;2.3;3.2;3.2
9705;9735;1.14;8.0;17.0
9706;9736;1.44;4.0;8.0
9707;9737;1.55;4.0;6.0
9708;9738;1.73;3.8;4.5
9709;9739;2.25;3.3;3.2
9710;9740;5.0;3.6;1.73
9711;9741;3.75;4.0;1.85
9712;9742;2.25;3.2;3.3
9713;9743;2.5;3.2;2.9
9714;9744;6.0;4.4;1.5
9715;9745;1.44;4.8;6.0
9716;9746;1.65;4.0;4.8
9717;9747;2.2;3.4;3.2
9718;9748;4.6;3.8;1.73
9719;9749;3.1;3.6;2.2
9720;9750;2.9;3.4;2.38
9721;9751;2.05;3.4;3.6
9722;9752;1.75;3.75;4.5
9723;9753;2.5;3.3;2.8
9724;9754;1.62;3.8;5.5
9725;9755;1.91;3.5;4.0
9726;9756;1.95;3.5;3.8
9727;9757;4.33;3.3;1.91
9728;9758;5.5;3.8;1.62
9729;9759;15.0;5.5;1.22
9730;9760;2.3;3.2;3.2
9731;9761;1.95;3.25;4.2
9732;9762;1.1;8.0;34.0
9733;9763;1.33;5.0;9.0
9734;9764;2.4;3.1;3.1
9735;9765;1.75;3.5;5.0
9736;9766;2.0;3.4;3.8
9737;9767;1.85;3.5;4.2
9738;9768;2.2;3.3;3.3
9739;9769;2.7;3.1;2.7
9740;9770;2.3;3.4;3.0
9741;9771;2.0;3.75;3.4
9742;9772;1.33;5.0;9.0
9743;9773;2.4;3.1;3.1
9744;9774;3.3;3.1;2.3
9745;9775;3.3;3.1;2.3
9746;9776;5.5;4.0;1.6
9747;9777;3.0;3.25;2.38
9748;9778;2.4;3.1;3.1
9749;9779;19.0;5.5;1.2
9750;9780;1.1;9.0;26.0
9751;9781;1.5;3.75;7.5
9752;9782;1.36;4.5;9.0
9753;9783;1.62;3.4;6.5
9754;9784;2.0;3.2;4.0
9755;9785;2.25;3.1;3.4
9756;9786;2.8;3.1;2.6
9757;9787;3.75;3.3;2.0
9758;9788;2.05;3.2;3.75
9759;9789;2.4;3.1;3.1
9760;9790;2.7;3.1;2.7
9761;9791;3.4;3.2;2.2
9762;9792;13.0;5.5;1.25
9763;9793;2.7;3.1;2.7
9764;9794;2.0;3.4;3.75
9765;9795;7.0;3.5;1.57
9766;9796;2.5;3.1;2.9
9767;9797;5.5;3.3;1.73
9768;9798;1.36;4.5;10.0
9769;9799;1.44;4.33;7.5
9770;9800;1.36;4.8;8.5
9771;9801;1.75;3.5;5.0
9772;9802;2.0;3.2;4.0
9773;9803;1.75;3.5;5.0
9774;9804;2.8;3.1;2.62
9775;9805;9.0;5.0;1.33
9776;9806;1.75;3.5;5.0
9777;9807;1.2;6.5;13.0
9778;9808;2.9;3.4;2.38
9779;9809;3.2;3.6;2.15
9780;9810;5.0;3.8;1.67
9781;9811;2.9;3.25;2.45
9782;9812;2.4;3.5;2.8
9783;9813;2.37;3.0;3.25
9784;9814;2.25;3.25;3.25
9785;9815;3.4;3.6;2.05
9786;9816;3.25;3.5;2.15
9787;9817;1.36;4.5;9.0
9788;9818;1.44;4.5;7.0
9789;9819;2.5;3.3;2.8
9790;9820;2.6;3.4;2.62
9791;9821;2.0;3.3;3.75
9792;9822;2.5;3.2;2.88
9793;9823;2.05;3.6;3.4
9794;9824;2.7;3.1;2.7
9795;9825;1.2;6.0;15.0
9796;9826;1.73;3.4;5.5
9797;9827;2.9;3.2;2.5
9798;9828;3.3;3.3;2.2
9799;9829;2.05;3.25;3.8
9800;9830;2.2;3.3;3.3
9801;9831;4.2;3.75;1.8
9802;9832;2.5;3.2;2.9
9803;9833;3.2;3.1;2.38
9804;9834;1.29;5.0;12.0
9805;9835;1.36;4.8;8.5
9806;9836;1.75;3.5;5.0
9807;9837;2.25;3.2;3.3
9808;9838;5.0;4.2;1.62
9809;9839;2.62;3.0;2.9
9810;9840;2.05;3.4;3.6
9811;9841;4.0;3.75;1.85
9812;9842;2.75;3.2;2.62
9813;9843;1.17;7.0;15.0
9814;9844;1.29;5.0;12.0
9815;9845;1.33;5.0;9.0
9816;9846;2.4;3.1;3.1
9817;9847;2.4;3.2;3.0
9818;9848;2.2;3.3;3.3
9819;9849;2.3;3.2;3.2
9820;9850;2.3;3.2;3.2
9821;9851;3.1;3.1;2.4
9822;9852;1.14;7.5;17.0
9823;9853;1.33;4.6;10.0
9824;9854;2.3;3.2;3.2
9825;9855;2.45;3.3;2.88
9826;9856;2.5;3.2;2.88
9827;9857;1.95;3.3;4.0
9828;9858;2.7;3.1;2.7
9829;9859;4.8;3.6;1.75
9830;9860;2.7;3.1;2.7
9831;9861;2.0;3.2;4.0
9832;9862;2.3;3.3;3.1
9833;9863;1.4;4.5;8.0
9834;9864;1.75;3.5;5.0
9835;9865;2.2;3.2;3.4
9836;9866;4.0;3.75;1.85
9837;9867;5.0;3.3;1.8
9838;9868;2.15;3.5;3.2
9839;9869;2.0;3.2;4.0
9840;9870;1.53;4.0;6.5
9841;9871;1.33;5.0;9.5
9842;9872;2.6;3.3;2.7
9843;9873;2.05;3.5;3.5
9844;9874;2.7;3.5;2.5
9845;9875;2.0;3.4;3.8
9846;9876;2.15;3.4;3.3
9847;9877;2.7;3.1;2.7
9848;9878;5.0;3.6;1.7
9849;9879;1.62;3.8;5.5
9850;9880;1.44;4.5;7.0
9851;9881;2.6;3.3;2.7
9852;9882;2.2;3.1;3.5
9853;9883;2.3;3.3;3.1
9854;9884;2.05;3.5;3.5
9855;9885;4.2;4.0;1.73
9856;9886;6.0;4.2;1.53
9857;9887;1.75;3.5;5.0
9858;9888;1.25;5.5;12.0
9859;9889;1.3;5.5;9.0
9860;9890;1.57;3.8;6.0
9861;9891;2.0;3.4;3.8
9862;9892;2.0;3.2;4.0
9863;9893;4.5;3.75;1.75
9864;9894;2.4;3.5;2.8
9865;9895;4.0;3.5;1.91
9866;9896;3.25;3.6;2.1
9867;9897;1.8;3.5;4.5
9868;9898;2.8;3.2;2.5
9869;9899;5.5;3.75;1.62
9870;9900;1.85;3.75;4.0
9871;9901;2.6;3.2;2.75
9872;9902;2.62;3.1;2.8
9873;9903;10.0;5.0;1.3
9874;9904;2.8;3.2;2.5
9875;9905;2.8;3.2;2.5
9876;9906;1.11;8.0;26.0
9877;9907;1.36;4.5;9.0
9878;9908;1.53;4.0;6.0
9879;9909;1.73;3.5;5.0
9880;9910;1.7;3.6;5.0
9881;9911;2.25;3.25;3.2
9882;9912;3.2;3.2;2.3
9883;9913;2.75;3.6;2.4
9884;9914;2.4;3.1;3.1
9885;9915;3.4;3.4;2.1
9886;9916;1.53;4.0;6.0
9887;9917;2.4;3.5;2.8
9888;9918;2.05;3.3;3.6
9889;9919;4.33;3.4;1.83
9890;9920;2.1;3.4;3.4
9891;9921;2.2;3.3;3.3
9892;9922;9.0;4.5;1.36
9893;9923;3.3;3.3;2.2
9894;9924;1.14;7.0;21.0
9895;9925;1.36;4.5;9.0
9896;9926;1.36;4.5;9.0
9897;9927;1.8;3.5;4.5
9898;9928;1.91;3.4;4.0
9899;9929;2.3;3.4;3.0
9900;9930;2.25;3.5;3.0
9901;9931;2.4;3.1;3.1
9902;9932;2.4;3.1;3.1
9903;9933;1.11;9.0;21.0
9904;9934;1.75;3.75;4.5
9905;9935;2.4;3.1;3.1
9906;9936;3.2;3.2;2.3
9907;9937;3.6;3.3;2.05
9908;9938;3.5;3.3;2.1
9909;9939;2.62;3.1;2.8
9910;9940;5.5;3.5;1.67
9911;9941;2.62;3.1;2.8
9912;9942;1.25;6.0;11.0
9913;9943;1.73;4.0;4.33
9914;9944;1.67;3.8;5.0
9915;9945;7.0;4.5;1.44
9916;9946;1.83;3.5;4.33
9917;9947;1.6;4.0;5.5
9918;9948;2.3;3.3;3.1
9919;9949;2.7;3.4;2.5
9920;9950;2.38;3.4;2.9
9921;9951;1.08;10.0;26.0
9922;9952;1.75;3.5;5.0
9923;9953;1.53;4.0;6.5
9924;9954;1.5;4.0;7.0
9925;9955;2.1;3.3;3.5
9926;9956;2.1;3.3;3.5
9927;9957;3.1;3.1;2.4
9928;9958;2.1;3.3;3.5
9929;9959;2.5;3.2;2.9
9930;9960;1.11;7.5;29.0
9931;9961;1.22;6.0;13.0
9932;9962;1.62;3.6;6.0
9933;9963;2.25;3.1;3.4
9934;9964;2.6;3.1;2.8
9935;9965;2.05;3.6;3.4
9936;9966;2.05;3.6;3.4
9937;9967;2.5;3.1;2.9
9938;9968;4.5;3.4;1.83
9939;9969;1.85;3.4;4.5
9940;9970;2.62;3.25;2.7
9941;9971;2.0;3.1;4.2
9942;9972;1.67;3.8;5.0
9943;9973;2.4;3.1;3.1
9944;9974;7.0;5.0;1.4
9945;9975;17.0;7.5;1.15
9946;9976;2.1;3.3;3.5
9947;9977;2.9;3.2;2.5
9948;9978;1.11;8.0;26.0
9949;9979;1.36;4.5;9.0
9950;9980;1.5;4.2;6.5
9951;9981;1.67;3.5;5.5
9952;9982;2.2;3.5;3.1
9953;9983;2.6;3.2;2.75
9954;9984;2.2;3.2;3.4
9955;9985;3.4;3.2;2.2
9956;9986;2.7;3.1;2.7
9957;9987;12.0;5.0;1.29
9958;9988;1.5;4.0;7.0
9959;9989;1.62;3.8;5.5
9960;9990;9.0;5.0;1.33
9961;9991;1.95;3.5;3.8
9962;9992;3.75;3.4;2.0
9963;9993;2.2;3.3;3.3
9964;9994;2.1;3.3;3.6
9965;9995;2.1;3.2;3.75
9966;9996;1.1;8.0;34.0
9967;9997;1.25;5.5;12.0
9968;9998;1.67;3.8;5.0
9969;9999;3.1;3.4;2.25
9970;10000;2.3;3.2;3.2
9971;10001;2.7;3.1;2.7
9972;10002;3.1;3.4;2.25
9973;10003;2.25;3.4;3.1
9974;10004;2.88;3.1;2.6
9975;10005;1.6;4.2;5.0
9976;10006;9.0;4.5;1.36
9977;10007;4.2;3.6;1.8
9978;10008;2.4;3.1;3.1
9979;10009;2.0;3.3;3.75
9980;10010;1.95;3.2;4.2
9981;10011;2.3;3.2;3.2
9982;10012;3.75;3.1;2.1
9983;10013;2.4;3.1;3.1
9984;10014;1.08;10.0;34.0
9985;10015;1.17;7.5;15.0
9986;10016;2.0;3.5;3.6
9987;10017;1.6;3.75;6.0
9988;10018;2.62;3.3;2.62
9989;10019;2.5;3.3;2.8
9990;10020;1.91;3.5;4.0
9991;10021;2.1;3.6;3.1
9992;10022;3.1;3.0;2.5
9993;10023;1.7;3.8;4.8
9994;10024;1.5;4.0;7.0
9995;10025;2.4;3.2;3.0
9996;10026;3.2;3.6;2.15
9997;10027;2.25;3.2;3.3
9998;10028;6.0;4.33;1.5
9999;10029;13.0;6.0;1.22
10000;10030;2.15;3.3;3.4
10001;10031;4.5;3.4;1.83
10002;10032;1.7;3.75;5.0
10003;10033;4.5;3.8;1.73
10004;10034;13.0;6.0;1.22
10005;10035;3.5;3.4;2.1
10006;10036;2.25;3.2;3.3
10007;10037;2.3;3.2;3.2
10008;10038;2.3;3.2;3.2
10009;10039;4.5;3.4;1.83
10010;10040;2.5;3.0;3.0
10011;10041;1.11;9.0;26.0
10012;10042;1.17;7.0;17.0
10013;10043;1.3;5.0;11.0
10014;10044;1.67;3.6;5.5
10015;10045;2.0;3.2;4.0
10016;10046;2.1;3.2;3.75
10017;10047;2.62;3.1;2.8
10018;10048;2.6;3.4;2.62
10019;10049;3.3;3.2;2.25
10020;10050;1.44;4.2;8.0
10021;10051;1.7;3.8;4.8
10022;10052;2.9;3.2;2.5
10023;10053;2.25;3.2;3.3
10024;10054;4.2;3.5;1.85
10025;10055;4.2;3.5;1.85
10026;10056;2.05;3.4;3.6
10027;10057;9.0;5.5;1.3
10028;10058;7.0;4.5;1.44
10029;10059;2.4;3.2;3.0
10030;10060;5.0;3.8;1.67
10031;10061;1.73;4.0;4.33
10032;10062;2.6;3.1;2.8
10033;10063;2.7;3.2;2.62
10034;10064;2.7;3.1;2.7
10035;10065;6.5;4.0;1.53
10036;10066;2.0;3.2;4.0
10037;10067;2.5;3.0;3.1
10038;10068;1.14;7.5;21.0
10039;10069;1.75;3.5;5.0
10040;10070;3.3;3.3;2.2
10041;10071;2.1;3.3;3.5
10042;10072;12.0;5.0;1.29
10043;10073;2.2;3.3;3.3
10044;10074;1.95;3.4;4.0
10045;10075;2.75;3.4;2.5
10046;10076;4.5;3.5;1.8
10047;10077;1.08;9.0;34.0
10048;10078;2.2;3.3;3.3
10049;10079;3.3;3.3;2.2
10050;10080;1.95;3.5;3.8
10051;10081;2.38;3.4;2.9
10052;10082;2.7;3.1;2.7
10053;10083;2.75;3.2;2.6
10054;10084;2.45;3.3;2.9
10055;10085;2.05;3.4;3.6
10056;10086;1.2;7.0;12.0
10057;10087;7.0;4.4;1.44
10058;10088;2.5;3.0;3.0
10059;10089;1.55;4.0;6.0
10060;10090;2.6;3.4;2.6
10061;10091;2.1;3.4;3.5
10062;10092;3.1;3.6;2.2
10063;10093;2.05;3.25;3.8
10064;10094;3.75;3.4;2.0
10065;10095;1.12;8.5;19.0
10066;10096;1.91;3.5;4.0
10067;10097;1.5;4.5;6.0
10068;10098;2.05;4.0;3.1
10069;10099;4.0;3.6;1.85
10070;10100;1.85;3.5;4.33
10071;10101;2.38;3.4;2.9
10072;10102;2.5;2.88;3.2
10073;10103;7.0;4.5;1.44
10074;10104;3.2;3.2;2.3
10075;10105;2.1;3.3;3.5
10076;10106;2.8;3.0;2.7
10077;10107;1.91;3.6;3.8
10078;10108;2.9;3.2;2.5
10079;10109;1.8;3.6;4.5
10080;10110;2.6;3.1;2.8
10081;10111;2.5;3.2;2.9
10082;10112;1.83;3.2;5.0
10083;10113;1.14;8.0;17.0
10084;10114;1.33;4.8;10.0
10085;10115;1.65;4.0;5.0
10086;10116;1.57;4.5;5.0
10087;10117;3.3;3.3;2.2
10088;10118;2.45;3.25;2.9
10089;10119;3.3;3.5;2.1
10090;10120;2.8;3.1;2.62
10091;10121;2.7;3.1;2.7
10092;10122;2.4;3.5;2.8
10093;10123;1.44;4.2;8.0
10094;10124;2.25;3.3;3.2
10095;10125;2.3;3.5;2.9
10096;10126;7.0;4.0;1.5
10097;10127;2.4;3.3;2.9
10098;10128;1.91;3.4;4.2
10099;10129;11.0;5.0;1.3
10100;10130;2.1;3.0;4.0
10101;10131;1.1;9.0;26.0
10102;10132;1.22;6.0;13.0
10103;10133;1.95;3.5;3.8
10104;10134;1.85;3.4;4.5
10105;10135;3.1;3.1;2.4
10106;10136;2.5;3.2;2.9
10107;10137;2.15;3.25;3.5
10108;10138;2.7;3.1;2.7
10109;10139;3.1;3.5;2.2
10110;10140;4.33;4.0;1.73
10111;10141;2.05;3.6;3.4
10112;10142;2.1;3.25;3.6
10113;10143;6.5;4.75;1.44
10114;10144;2.15;3.5;3.2
10115;10145;2.4;3.5;2.8
10116;10146;3.2;3.3;2.25
10117;10147;1.5;4.0;7.0
10118;10148;3.1;3.3;2.3
10119;10149;1.33;5.0;9.0
10120;10150;1.25;5.5;13.0
10121;10151;1.95;3.8;3.5
10122;10152;1.95;3.5;3.8
10123;10153;2.0;3.25;4.0
10124;10154;3.3;3.2;2.25
10125;10155;1.83;3.4;4.5
10126;10156;2.0;3.25;4.0
10127;10157;2.88;3.3;2.45
10128;10158;1.22;6.0;13.0
10129;10159;1.36;4.8;8.5
10130;10160;1.4;4.5;8.0
10131;10161;2.6;3.4;2.6
10132;10162;2.4;3.5;2.8
10133;10163;4.75;4.0;1.67
10134;10164;2.5;3.1;3.0
10135;10165;2.1;3.3;3.5
10136;10166;2.62;3.0;2.9
10137;10167;3.0;3.2;2.4
10138;10168;1.62;3.8;5.5
10139;10169;1.8;3.6;4.5
10140;10170;2.6;3.3;2.7
10141;10171;4.5;3.8;1.73
10142;10172;2.9;3.2;2.5
10143;10173;2.0;3.2;4.0
10144;10174;8.5;4.0;1.44
10145;10175;1.91;3.4;4.2
10146;10176;1.44;4.5;6.5
10147;10177;1.4;4.5;7.5
10148;10178;1.67;3.75;5.0
10149;10179;2.38;3.3;3.0
10150;10180;2.0;3.75;3.1
10151;10181;4.5;3.5;1.8
10152;10182;1.83;3.6;4.2
10153;10183;1.8;3.5;4.5
10154;10184;2.5;3.2;2.88
10155;10185;1.67;4.2;4.5
10156;10186;1.91;3.6;3.75
10157;10187;2.6;3.3;2.7
10158;10188;2.05;4.0;3.1
10159;10189;7.0;5.0;1.4
10160;10190;2.8;3.75;2.3
10161;10191;3.25;3.8;2.05
10162;10192;1.83;3.2;4.8
10163;10193;11.0;6.0;1.25
10164;10194;1.08;9.0;17.0
10165;10195;1.25;6.0;8.0
10166;10196;1.44;4.33;6.0
10167;10197;2.45;3.6;2.6
10168;10198;2.0;3.6;3.2
10169;10199;2.0;3.75;3.1
10170;10200;2.88;3.75;2.1
10171;10201;2.1;3.4;3.1
10172;10202;3.5;3.6;1.91
10173;10203;1.14;7.5;19.0
10174;10204;1.85;3.5;4.33
10175;10205;1.29;5.0;12.0
10176;10206;1.7;3.8;4.8
10177;10207;2.3;3.2;3.2
10178;10208;7.0;4.5;1.44
10179;10209;2.5;3.25;2.88
10180;10210;1.95;3.6;3.75
10181;10211;4.2;3.4;1.91
10182;10212;1.75;3.5;5.0
10183;10213;1.5;4.2;6.5
10184;10214;2.5;3.3;2.8
10185;10215;2.7;3.25;2.62
10186;10216;2.0;3.3;3.8
10187;10217;2.1;3.3;3.6
10188;10218;2.4;3.1;3.1
10189;10219;2.2;3.5;3.1
10190;10220;17.0;6.0;1.2
10191;10221;1.29;5.5;10.0
10192;10222;1.75;4.0;4.2
10193;10223;1.6;4.2;5.0
10194;10224;2.2;3.3;3.3
10195;10225;3.1;3.1;2.4
10196;10226;2.38;3.25;3.0
10197;10227;6.5;4.75;1.44
10198;10228;2.3;3.2;3.2
10199;10229;2.7;3.1;2.7
10200;10230;1.14;7.0;21.0
10201;10231;1.4;4.5;8.0
10202;10232;2.9;3.2;2.5
10203;10233;2.1;3.4;3.4
10204;10234;2.3;3.2;3.2
10205;10235;4.0;3.4;1.95
10206;10236;1.95;3.5;3.8
10207;10237;2.05;3.25;3.8
10208;10238;12.0;5.0;1.29
10209;10239;1.5;4.4;6.0
10210;10240;1.8;3.2;5.0
10211;10241;1.4;4.2;9.0
10212;10242;2.7;3.1;2.7
10213;10243;2.62;3.1;2.8
10214;10244;2.15;3.25;3.5
10215;10245;2.5;3.2;2.8
10216;10246;2.62;3.1;2.8
10217;10247;2.9;3.25;2.45
10218;10248;1.83;3.4;4.5
10219;10249;1.67;3.6;5.5
10220;10250;4.5;3.4;1.85
10221;10251;1.83;3.4;4.5
10222;10252;1.85;3.4;4.5
10223;10253;13.0;6.0;1.22
10224;10254;2.5;3.2;2.9
10225;10255;2.0;3.2;4.0
10226;10256;6.0;4.4;1.5
10227;10257;1.95;2.88;3.8
10228;10258;2.62;2.9;2.5
10229;10259;2.25;2.88;3.0
10230;10260;2.05;2.88;3.5
10231;10261;2.6;2.8;2.6
10232;10262;1.3;4.2;8.5
10233;10263;1.53;3.3;6.0
10234;10264;3.75;3.0;1.91
10235;10265;1.8;3.0;4.2
10236;10266;2.05;2.88;3.5
10237;10267;1.73;3.2;4.33
10238;10268;2.9;2.9;2.3
10239;10269;1.8;3.0;4.2
10240;10270;8.0;3.75;1.36
10241;10271;1.62;3.3;5.0
10242;10272;1.5;3.4;6.0
10243;10273;1.62;3.3;5.0
10244;10274;2.0;3.0;3.4
10245;10275;2.1;2.88;3.3
10246;10276;1.8;3.0;4.2
10247;10277;4.0;3.1;1.8
10248;10278;2.38;2.88;2.8
10249;10279;1.73;3.1;4.5
10250;10280;6.0;3.3;1.53
10251;10281;1.5;3.4;6.0
10252;10282;1.44;3.6;6.5
10253;10283;1.44;3.6;6.5
10254;10284;1.5;3.4;6.0
10255;10285;5.5;3.3;1.57
10256;10286;2.05;2.88;3.5
10257;10287;4.2;3.0;1.8
10258;10288;2.25;2.88;3.0
10259;10289;1.57;3.3;5.5
10260;10290;1.83;3.0;4.0
10261;10291;1.36;3.75;8.0
10262;10292;1.17;5.5;12.0
10263;10293;1.91;3.0;3.75
10264;10294;1.62;3.4;6.5
10265;10295;2.9;2.9;2.3
10266;10296;2.62;2.9;2.5
10267;10297;1.9;3.1;4.0
10268;10298;1.65;3.2;5.5
10269;10299;1.55;3.5;6.0
10270;10300;3.75;3.0;2.0
10271;10301;1.9;3.1;4.0
10272;10302;2.1;3.1;3.3
10273;10303;2.2;2.9;3.3
10274;10304;2.4;2.9;2.95
10275;10305;2.5;2.9;2.8
10276;10306;5.25;3.25;1.65
10277;10307;1.4;3.75;7.0
10278;10308;1.57;3.3;5.5
10279;10309;1.44;3.6;6.5
10280;10310;1.22;4.8;10.0
10281;10311;3.4;3.0;2.0
10282;10312;1.83;3.0;4.0
10283;10313;2.05;2.88;3.5
10284;10314;2.4;2.9;2.75
10285;10315;1.8;3.0;4.2
10286;10316;2.5;2.9;2.62
10287;10317;4.8;3.2;1.67
10288;10318;2.25;2.88;3.0
10289;10319;2.1;2.88;3.3
10290;10320;2.4;2.9;2.75
10291;10321;2.9;2.9;2.3
10292;10322;2.3;2.8;3.0
10293;10323;3.75;3.0;1.91
10294;10324;1.25;4.5;10.0
10295;10325;4.8;3.2;1.67
10296;10326;1.53;3.3;6.0
10297;10327;1.73;3.1;4.5
10298;10328;1.44;3.6;6.5
10299;10329;2.15;2.88;3.25
10300;10330;2.2;2.88;3.1
10301;10331;1.4;3.75;7.0
10302;10332;2.3;2.9;2.9
10303;10333;1.44;3.6;6.5
10304;10334;1.8;3.1;4.0
10305;10335;2.3;2.9;2.9
10306;10336;1.14;5.5;15.0
10307;10337;1.5;3.4;6.0
10308;10338;4.0;3.0;1.83
10309;10339;5.5;3.3;1.57
10310;10340;1.8;3.0;4.2
10311;10341;2.6;2.8;2.6
10312;10342;1.73;3.1;4.5
10313;10343;4.5;3.1;1.73
10314;10344;2.4;2.9;2.75
10315;10345;2.5;2.9;2.62
10316;10346;1.95;2.88;3.8
10317;10347;1.95;3.0;3.6
10318;10348;2.8;2.88;2.38
10319;10349;2.5;2.9;2.62
10320;10350;2.05;2.88;3.5
10321;10351;1.5;3.4;6.0
10322;10352;1.22;4.8;10.0
10323;10353;1.7;3.0;5.0
10324;10354;1.22;4.8;10.0
10325;10355;1.36;3.75;8.0
10326;10356;1.67;3.1;5.0
10327;10357;1.57;3.3;5.5
10328;10358;3.6;3.0;1.95
10329;10359;1.95;3.0;3.6
10330;10360;1.8;3.0;4.2
10331;10361;2.5;2.9;2.62
10332;10362;3.0;2.88;2.25
10333;10363;3.0;2.88;2.25
10334;10364;1.91;3.0;3.75
10335;10365;2.15;2.88;3.25
10336;10366;4.2;3.0;1.8
10337;10367;2.2;2.8;3.2
10338;10368;1.91;3.0;3.75
10339;10369;2.38;2.88;2.8
10340;10370;3.3;2.88;2.1
10341;10371;2.5;2.9;2.62
10342;10372;2.3;2.9;2.9
10343;10373;2.2;2.88;3.1
10344;10374;1.44;3.6;6.5
10345;10375;1.22;4.8;10.0
10346;10376;4.2;3.0;1.8
10347;10377;1.57;3.3;5.5
10348;10378;2.3;2.9;2.9
10349;10379;1.62;3.3;5.0
10350;10380;2.0;3.0;3.4
10351;10381;1.62;3.3;5.0
10352;10382;4.5;3.2;1.7
10353;10383;2.5;2.9;2.62
10354;10384;1.4;3.75;7.0
10355;10385;2.1;2.88;3.3
10356;10386;1.91;3.0;3.75
10357;10387;1.44;3.5;7.0
10358;10388;1.67;3.1;5.0
10359;10389;2.0;2.88;3.6
10360;10390;1.8;3.0;4.2
10361;10391;2.38;2.88;2.8
10362;10392;5.0;3.1;1.67
10363;10393;4.5;3.2;1.7
10364;10394;1.4;3.75;7.0
10365;10395;1.67;3.1;5.0
10366;10396;1.73;3.1;4.5
10367;10397;2.8;3.0;2.3
10368;10398;1.73;3.25;4.2
10369;10399;4.8;3.2;1.67
10370;10400;1.95;3.0;3.6
10371;10401;1.2;5.0;11.0
10372;10402;3.3;3.0;2.05
10373;10403;1.33;4.0;8.0
10374;10404;1.8;3.1;4.0
10375;10405;1.73;3.2;4.33
10376;10406;2.4;3.0;2.7
10377;10407;1.7;3.2;4.5
10378;10408;1.95;3.0;3.6
10379;10409;1.7;3.2;4.5
10380;10410;1.91;3.0;3.75
10381;10411;1.17;5.5;12.0
10382;10412;1.7;3.2;4.5
10383;10413;1.73;3.2;4.33
10384;10414;4.0;3.0;1.83
10385;10415;5.5;3.5;1.53
10386;10416;1.8;3.1;4.0
10387;10417;3.3;2.88;2.1
10388;10418;1.44;3.6;6.5
10389;10419;2.3;2.9;2.9
10390;10420;1.67;3.1;5.0
10391;10421;2.3;2.9;2.9
10392;10422;1.95;3.0;3.6
10393;10423;1.57;3.3;5.5
10394;10424;2.5;2.9;2.62
10395;10425;2.25;2.88;3.0
10396;10426;1.7;3.2;4.5
10397;10427;2.05;3.0;3.3
10398;10428;1.5;3.4;6.0
10399;10429;2.25;2.88;3.0
10400;10430;2.1;2.88;3.3
10401;10431;5.2;3.3;1.75
10402;10432;1.4;3.6;7.5
10403;10433;2.9;2.9;2.3
10404;10434;2.8;2.88;2.38
10405;10435;1.5;3.4;6.0
10406;10436;1.73;3.2;4.33
10407;10437;1.7;3.2;4.5
10408;10438;1.67;3.1;5.0
10409;10439;2.62;2.75;2.62
10410;10440;3.2;3.0;2.1
10411;10441;1.62;3.3;5.0
10412;10442;1.53;3.3;6.0
10413;10443;3.1;2.88;2.2
10414;10444;1.73;3.1;4.5
10415;10445;1.91;3.0;3.75
10416;10446;1.73;3.1;4.5
10417;10447;2.38;3.0;3.25
10418;10448;2.0;3.1;4.2
10419;10449;2.2;2.88;3.8
10420;10450;2.2;3.0;3.6
10421;10451;1.67;3.4;6.0
10422;10452;2.3;3.1;3.3
10423;10453;3.6;3.0;2.2
10424;10454;2.8;3.0;2.7
10425;10455;2.3;2.9;3.5
10426;10456;1.57;3.5;7.0
10427;10457;2.25;2.88;3.0
10428;10458;1.7;3.2;4.5
10429;10459;1.62;3.3;5.0
10430;10460;1.4;3.6;7.5
10431;10461;3.6;3.0;1.95
10432;10462;2.6;2.8;2.6
10433;10463;2.4;2.9;2.75
10434;10464;2.0;3.0;3.4
10435;10465;1.57;3.3;5.5
10436;10466;1.7;3.2;4.5
10437;10467;2.5;2.9;2.62
10438;10468;1.2;5.0;11.0
10439;10469;3.3;2.88;2.1
10440;10470;2.4;2.9;2.75
10441;10471;1.8;3.1;4.0
10442;10472;2.25;2.88;3.0
10443;10473;1.44;3.6;6.5
10444;10474;2.2;2.88;3.1
10445;10475;2.25;2.88;3.0
10446;10476;2.62;2.9;2.5
10447;10477;2.1;2.88;3.3
10448;10478;5.0;3.3;1.62
10449;10479;1.53;3.3;6.0
10450;10480;1.3;4.0;9.5
10451;10481;1.95;3.0;3.6
10452;10482;1.67;3.2;4.8
10453;10483;2.1;2.88;3.3
10454;10484;1.44;3.5;7.0
10455;10485;2.25;2.88;3.0
10456;10486;5.5;3.3;1.57
10457;10487;1.44;3.6;6.5
10458;10488;1.67;3.3;4.5
10459;10489;1.91;3.0;3.75
10460;10490;1.3;4.2;8.5
10461;10491;2.5;2.9;2.62
10462;10492;4.33;3.2;1.73
10463;10493;2.9;2.9;2.3
10464;10494;2.38;2.88;2.8
10465;10495;1.25;4.5;10.0
10466;10496;1.91;3.0;3.75
10467;10497;3.4;3.0;2.3
10468;10498;2.15;3.0;3.8
10469;10499;2.4;3.1;3.1
10470;10500;4.6;3.3;1.83
10471;10501;3.1;3.1;2.4
10472;10502;1.4;4.2;9.0
10473;10503;2.0;3.0;4.33
10474;10504;1.67;3.4;6.0
10475;10505;1.91;3.2;4.33
10476;10506;2.6;3.0;2.9
10477;10507;2.75;2.9;2.4
10478;10508;2.25;2.8;3.1
10479;10509;1.73;3.25;4.2
10480;10510;1.3;4.33;8.0
10481;10511;1.67;3.3;4.5
10482;10512;2.5;2.9;2.62
10483;10513;1.3;4.33;8.0
10484;10514;2.38;2.88;2.8
10485;10515;1.57;3.5;5.0
10486;10516;2.25;2.6;3.4
10487;10517;1.62;3.4;4.8
10488;10518;1.73;3.25;4.2
10489;10519;2.88;3.0;2.25
10490;10520;2.0;3.1;3.3
10491;10521;1.44;3.6;6.5
10492;10522;2.38;3.0;2.7
10493;10523;3.5;3.2;1.91
10494;10524;4.33;3.3;1.7
10495;10525;1.73;3.2;4.33
10496;10526;2.15;2.88;3.25
10497;10527;1.36;4.0;7.0
10498;10528;1.91;3.1;3.6
10499;10529;1.95;3.1;3.5
10500;10530;1.5;3.4;6.0
10501;10531;1.44;3.75;6.0
10502;10532;5.0;3.5;1.57
10503;10533;2.2;2.8;3.2
10504;10534;2.2;2.9;3.1
10505;10535;1.44;3.75;6.0
10506;10536;1.73;3.25;4.2
10507;10537;1.57;3.6;4.8
10508;10538;1.91;3.2;3.5
10509;10539;2.6;3.1;2.4
10510;10540;1.8;3.1;4.0
10511;10541;4.33;3.4;1.67
10512;10542;2.75;3.2;2.25
10513;10543;2.9;3.2;2.15
10514;10544;2.6;3.1;2.4
10515;10545;4.33;3.3;1.7
10516;10546;2.6;3.25;2.3
10517;10547;1.29;4.5;8.0
10518;10548;1.67;3.5;4.2
10519;10549;2.75;3.2;2.25
10520;10550;1.22;4.8;10.0
10521;10551;1.25;4.5;10.0
10522;10552;1.17;5.5;12.0
10523;10553;1.57;3.5;5.0
10524;10554;1.5;3.6;5.5
10525;10555;1.8;3.4;3.6
10526;10556;3.2;3.2;2.0
10527;10558;3.1;3.4;2.25
10528;10559;1.8;3.4;4.8
10529;10561;3.1;3.25;2.3
10530;10562;2.25;3.0;3.4
10531;10563;8.5;4.33;1.4
10532;10564;3.1;3.25;2.3
10533;10565;1.4;4.5;7.5
10534;10566;5.5;3.8;1.6
10535;10567;1.33;4.8;9.5
10536;10568;1.4;4.2;9.0
10537;10569;1.8;3.5;4.5
10538;10570;1.8;3.3;4.8
10539;10571;2.4;3.3;2.9
10540;10572;1.3;4.8;11.0
10541;10573;1.36;4.5;9.0
10542;10574;1.73;3.5;5.0
10543;10575;2.25;3.2;3.25
10544;10576;1.62;4.33;4.6
10545;10577;2.6;2.8;2.6
10546;10578;6.5;3.3;1.5
10547;10579;1.95;2.88;3.8
10548;10580;2.38;2.8;2.88
10549;10581;1.29;4.0;10.0
10550;10582;1.14;5.5;15.0
10551;10583;3.5;2.88;2.05
10552;10584;2.15;2.8;3.3
10553;10585;2.5;2.8;2.75
10554;10586;1.67;3.1;5.0
10555;10587;1.62;3.3;5.0
10556;10588;2.62;2.9;2.5
10557;10589;3.1;2.88;2.2
10558;10590;1.4;3.75;7.0
10559;10591;1.57;3.3;5.5
10560;10592;2.62;2.9;2.5
10561;10593;2.38;2.88;2.8
10562;10594;1.95;3.0;3.6
10563;10595;1.62;3.3;5.0
10564;10596;2.0;3.0;3.4
10565;10597;1.62;3.3;5.0
10566;10598;3.3;3.0;2.05
10567;10599;2.38;2.88;2.8
10568;10600;6.5;3.6;1.44
10569;10601;1.4;3.75;7.0
10570;10602;1.44;3.6;6.5
10571;10603;1.17;5.5;12.0
10572;10604;2.15;2.88;3.25
10573;10605;2.9;2.9;2.3
10574;10606;2.38;2.88;2.8
10575;10607;1.36;3.75;8.0
10576;10608;2.4;2.9;2.75
10577;10609;3.0;2.88;2.25
10578;10610;1.83;3.0;4.0
10579;10611;2.62;2.9;2.5
10580;10612;1.8;3.0;4.2
10581;10613;1.4;3.6;7.5
10582;10614;2.4;2.88;2.8
10583;10615;2.4;2.8;2.88
10584;10616;3.25;2.88;2.15
10585;10617;1.7;3.2;4.5
10586;10618;2.2;2.8;3.2
10587;10619;2.4;2.9;2.75
10588;10620;2.1;2.88;3.3
10589;10621;2.2;2.8;3.2
10590;10622;2.4;2.9;2.75
10591;10623;1.53;3.3;6.0
10592;10624;1.29;4.2;9.0
10593;10625;2.05;2.88;3.5
10594;10626;4.0;3.0;1.83
10595;10627;2.37;2.9;3.3
10596;10628;1.62;3.1;5.5
10597;10629;1.44;3.9;8.5
10598;10630;1.25;5.0;15.0
10599;10631;2.75;2.9;2.8
10600;10632;1.61;3.4;6.5
10601;10633;3.3;2.9;2.37
10602;10634;3.3;2.9;2.37
10603;10635;2.7;2.9;2.9
10604;10636;4.33;3.2;1.9
10605;10637;3.0;3.1;2.15
10606;10638;2.5;2.9;2.62
10607;10639;2.3;3.0;2.8
10608;10640;1.2;5.0;11.0
10609;10641;1.25;4.5;10.0
10610;10642;1.8;3.1;4.0
10611;10643;2.25;3.0;2.88
10612;10644;2.1;3.1;3.1
10613;10645;3.75;3.0;1.91
10614;10646;1.73;3.2;4.33
10615;10647;2.25;3.1;3.4
10616;10648;2.25;3.1;3.4
10617;10649;2.5;3.1;2.9
10618;10650;1.44;4.0;8.0
10619;10651;1.73;3.4;5.25
10620;10652;1.75;3.4;5.0
10621;10653;2.37;3.1;3.1
10622;10654;2.9;3.1;2.5
10623;10655;2.05;3.2;3.75
10624;10656;2.5;3.1;2.9
10625;10657;2.05;3.2;3.1
10626;10658;2.38;3.1;2.62
10627;10659;1.44;3.6;6.5
10628;10660;1.5;3.4;6.0
10629;10661;6.0;3.75;1.44
10630;10662;2.05;3.2;3.1
10631;10663;1.5;3.4;6.0
10632;10664;1.53;3.5;5.5
10633;10665;2.5;2.9;2.62
10634;10666;1.4;3.75;7.0
10635;10667;4.2;3.25;1.73
10636;10668;1.8;3.1;4.0
10637;10669;2.5;2.9;2.62
10638;10670;2.3;3.0;2.8
10639;10671;3.1;3.1;2.1
10640;10672;1.61;3.3;5.0
10641;10673;1.53;3.5;5.5
10642;10674;3.1;3.1;2.1
10643;10675;2.0;3.1;3.3
10644;10676;2.37;2.87;2.8
10645;10677;5.0;3.4;1.67
10646;10678;1.67;3.4;5.0
10647;10679;1.4;4.2;7.5
10648;10680;3.0;3.0;2.3
10649;10681;1.44;3.75;7.5
10650;10682;1.83;3.3;4.2
10651;10683;1.67;3.4;5.2
10652;10684;1.61;3.5;5.5
10653;10685;1.7;3.3;5.0
10654;10686;2.3;2.87;3.25
10655;10687;3.0;3.25;2.2
10656;10688;1.73;3.3;4.75
10657;10689;3.75;3.25;1.91
10658;10690;4.33;3.25;1.8
10659;10691;2.3;3.1;3.0
10660;10692;2.25;3.15;3.0
10661;10693;1.5;3.6;6.5
10662;10694;1.67;3.4;5.0
10663;10695;2.25;3.15;3.0
10664;10696;1.7;3.3;5.0
10665;10697;2.5;3.0;2.8
10666;10698;1.53;3.5;6.5
10667;10699;1.85;3.2;4.2
10668;10700;2.6;3.0;2.7
10669;10701;2.4;3.0;2.9
10670;10702;1.57;3.4;6.0
10671;10703;1.8;3.2;4.5
10672;10704;2.1;3.1;3.4
10673;10705;1.83;3.1;4.5
10674;10706;2.15;3.1;3.3
10675;10707;5.5;3.4;1.61
10676;10708;3.75;3.2;1.95
10677;10709;2.25;3.1;3.05
10678;10710;1.83;3.25;4.2
10679;10711;3.0;3.0;2.2
10680;10712;2.3;3.0;3.0
10681;10713;1.5;3.6;6.8
10682;10714;1.73;3.3;4.75
10683;10715;2.5;3.0;2.75
10684;10716;2.5;3.0;2.75
10685;10717;2.4;3.0;3.2
10686;10718;2.62;3.2;2.3
10687;10719;2.15;3.1;3.6
10688;10720;1.33;4.33;8.5
10689;10721;1.3;4.5;10.0
10690;10722;2.7;3.0;2.55
10691;10723;1.85;3.25;4.0
10692;10724;1.6;3.4;5.7
10693;10725;1.67;3.4;5.0
10694;10726;2.1;3.1;3.1
10695;10727;2.62;3.1;2.75
10696;10728;2.2;3.2;3.4
10697;10729;3.0;3.2;2.4
10698;10730;1.95;3.25;4.1
10699;10731;4.5;3.3;1.85
10700;10732;1.7;3.4;5.5
10701;10733;1.57;3.75;6.0
10702;10734;3.1;3.1;2.38
10703;10735;2.2;3.2;3.4
10704;10736;3.5;3.1;2.2
10705;10737;2.37;3.0;2.9
10706;10738;1.73;3.3;4.8
10707;10739;1.6;3.5;5.5
10708;10740;1.2;5.5;12.0
10709;10741;2.3;3.1;3.0
10710;10742;2.6;3.0;2.62
10711;10743;1.8;3.5;4.0
10712;10744;1.73;3.4;4.5
10713;10745;1.53;3.6;6.0
10714;10746;2.15;3.2;3.2
10715;10747;2.3;2.9;2.9
10716;10748;2.1;3.0;3.2
10717;10749;1.91;3.1;3.6
10718;10750;2.62;2.9;2.5
10719;10751;1.8;3.1;4.0
10720;10752;2.7;3.0;2.38
10721;10753;1.44;3.6;6.5
10722;10754;1.83;3.0;4.0
10723;10755;2.62;2.9;2.5
10724;10756;2.0;3.1;3.3
10725;10757;1.44;3.75;7.5
10726;10758;1.73;3.3;4.8
10727;10759;1.67;3.5;4.8
10728;10760;3.75;3.25;1.91
10729;10761;3.25;3.1;2.15
10730;10762;2.5;3.0;2.8
10731;10763;1.75;3.25;4.6
10732;10764;2.05;3.2;3.4
10733;10765;1.22;5.0;13.0
10734;10766;2.05;3.2;3.4
10735;10767;1.75;3.3;4.5
10736;10768;2.4;3.1;2.8
10737;10769;2.75;3.0;2.5
10738;10770;2.0;3.1;3.75
10739;10771;2.38;3.1;2.88
10740;10772;2.5;3.0;2.75
10741;10773;2.8;3.1;2.4
10742;10774;2.2;3.1;3.2
10743;10775;2.5;3.1;2.7
10744;10776;1.95;3.2;3.75
10745;10777;1.85;3.3;4.0
10746;10778;2.05;3.1;3.5
10747;10779;2.4;3.1;2.8
10748;10780;1.91;3.3;3.75
10749;10781;4.5;3.4;1.83
10750;10782;1.67;3.3;5.25
10751;10783;1.25;5.0;10.5
10752;10784;2.5;3.0;2.75
10753;10785;1.25;5.0;10.5
10754;10786;2.2;3.1;3.2
10755;10787;2.2;3.0;3.25
10756;10788;1.33;4.5;8.0
10757;10789;1.83;3.2;4.2
10758;10790;1.83;3.2;4.2
10759;10791;3.6;3.2;2.0
10760;10792;4.6;3.25;1.75
10761;10793;2.37;3.0;2.9
10762;10794;1.75;3.2;4.8
10763;10795;2.4;3.1;2.8
10764;10796;2.62;2.9;2.7
10765;10797;1.95;3.25;3.6
10766;10798;2.05;3.1;3.5
10767;10799;2.3;3.0;3.1
10768;10800;2.37;3.0;2.9
10769;10801;1.7;3.4;4.8
10770;10802;3.0;3.1;2.3
10771;10803;2.37;3.0;2.9
10772;10804;1.67;3.4;5.0
10773;10805;1.73;3.3;4.8
10774;10806;1.61;3.6;6.0
10775;10807;1.36;4.3;7.5
10776;10808;2.05;3.2;3.3
10777;10809;3.75;3.25;1.9
10778;10810;1.85;3.1;4.2
10779;10811;1.5;3.6;6.25
10780;10812;3.5;3.15;2.0
10781;10813;3.0;3.2;2.2
10782;10814;1.83;3.25;4.0
10783;10815;1.5;3.75;6.0
10784;10816;1.9;3.2;3.8
10785;10817;1.36;4.2;11.0
10786;10818;2.05;3.2;3.4
10787;10819;1.6;3.3;6.0
10788;10820;2.4;2.9;3.0
10789;10821;2.4;3.0;2.9
10790;10822;3.5;3.0;2.1
10791;10823;1.65;3.3;5.5
10792;10824;2.4;3.0;2.9
10793;10825;2.1;3.1;3.4
10794;10826;2.2;3.1;3.2
10795;10827;1.95;3.2;3.75
10796;10828;1.95;3.25;3.6
10797;10829;1.4;4.0;7.5
10798;10830;2.5;3.1;2.7
10799;10831;2.1;3.1;3.4
10800;10832;1.5;3.6;6.5
10801;10833;2.3;3.2;2.9
10802;10834;2.88;3.0;2.4
10803;10835;2.1;3.2;3.25
10804;10836;2.3;3.1;3.0
10805;10837;2.0;3.0;3.8
10806;10838;1.83;3.25;4.2
10807;10839;1.8;3.3;4.2
10808;10840;1.36;4.0;9.0
10809;10841;2.05;3.1;3.5
10810;10842;4.33;3.25;1.8
10811;10843;2.3;3.1;3.0
10812;10844;4.2;3.3;1.8
10813;10845;2.5;3.1;2.7
10814;10846;1.33;4.33;8.5
10815;10847;2.0;3.2;3.6
10816;10848;2.7;1.8;5.0
10817;10849;1.8;3.25;4.33
10818;10850;3.1;3.1;2.2
10819;10851;2.6;3.25;2.5
10820;10852;2.2;3.1;3.1
10821;10853;2.1;3.1;3.4
10822;10854;1.6;3.5;5.5
10823;10855;1.91;3.2;3.8
10824;10856;1.7;3.3;5.0
10825;10857;2.3;3.1;2.75
10826;10858;2.25;3.0;2.88
10827;10859;1.53;3.5;5.5
10828;10860;1.95;3.2;3.4
10829;10861;1.25;4.5;10.0
10830;10862;3.6;3.1;1.91
10831;10863;4.33;3.2;1.73
10832;10864;1.57;3.3;5.5
10833;10865;3.2;3.2;2.0
10834;10866;1.57;3.3;5.5
10835;10867;1.8;3.3;4.2
10836;10868;1.62;3.4;5.5
10837;10869;2.9;3.0;2.4
10838;10871;1.22;5.0;13.0
10839;10872;4.8;3.3;1.73
10840;10873;2.0;3.2;3.5
10841;10874;4.0;3.3;1.85
10842;10875;2.38;3.0;2.9
10843;10876;1.7;3.25;5.0
10844;10877;1.45;4.0;7.0
10845;10878;2.2;3.0;3.25
10846;10879;1.62;3.4;5.5
10847;10880;1.7;3.3;4.8
10848;10881;1.65;3.3;5.0
10849;10882;2.4;3.0;2.88
10850;10883;2.6;3.0;2.62
10851;10884;1.67;3.4;5.0
10852;10885;2.75;1.83;4.5
10853;10886;1.7;3.3;4.8
10854;10887;1.25;4.8;11.0
10855;10888;3.2;3.0;2.25
10856;10889;2.6;3.1;2.6
10857;10890;1.44;4.0;6.5
10858;10891;4.33;3.5;1.73
10859;10892;2.4;2.9;3.0
10860;10893;3.1;2.05;3.2
10861;10894;5.0;3.6;1.62
10862;10895;3.0;2.9;2.4
10863;10896;1.67;3.4;5.0
10864;10897;1.33;4.33;9.0
10865;10898;2.05;3.2;3.4
10866;10899;1.44;4.0;6.5
10867;10900;1.33;4.33;9.0
10868;10901;1.4;4.0;7.5
10869;10902;2.2;3.1;3.15
10870;10903;3.15;3.2;2.15
10871;10904;4.33;1.6;3.75
10872;10906;2.88;3.0;2.4
10873;10907;2.1;1.95;7.5
10874;10908;2.38;3.1;2.88
10875;10909;2.3;3.1;3.0
10876;10910;1.61;3.75;5.5
10877;10911;1.33;4.2;7.5
10878;10912;2.62;3.0;2.6
10879;10913;2.9;3.0;2.38
10880;10914;3.0;3.1;2.25
10881;10915;3.6;3.3;1.95
10882;10916;1.75;3.4;4.33
10883;10917;1.2;5.5;12.0
10884;10918;1.36;4.2;8.0
10885;10919;1.36;4.33;7.5
10886;10920;3.6;3.4;1.91
10887;10921;1.5;3.75;6.2
10888;10922;2.4;2.9;3.0
10889;10923;1.85;3.6;3.6
10890;10924;1.5;4.0;5.5
10891;10925;1.4;4.2;7.0
10892;10926;1.62;3.6;5.0
10893;10927;1.8;3.4;4.0
10894;10928;1.57;3.75;5.25
10895;10929;3.2;1.91;3.4
10896;10930;6.5;4.33;1.4
10897;10931;3.6;3.3;1.95
10898;10932;1.11;7.5;17.0
10899;10933;4.0;3.3;1.83
10900;10934;6.5;4.33;1.4
10901;10935;5.5;4.0;1.5
10902;10936;3.6;1.67;4.0
10903;10937;1.44;4.0;6.5
10904;10938;1.73;2.62;6.0
10905;10939;1.11;7.5;17.0
10906;10941;1.07;9.0;26.0
10907;10942;6.0;3.6;1.53
10908;10943;3.6;3.3;1.95
10909;10944;1.3;4.5;9.5
10910;10945;2.05;3.3;3.3
10911;10946;1.33;4.33;9.0
10912;10947;1.57;3.3;6.5
10913;10948;2.15;3.0;3.4
10914;10949;1.44;4.0;6.5
10915;10950;21.0;8.0;1.12
10916;10951;2.1;3.3;3.5
10917;10952;1.36;4.2;8.0
10918;10953;1.33;4.33;9.0
10919;10954;6.5;4.0;1.44
10920;10955;9.0;4.5;1.36
10921;10956;2.1;2.6;4.3
10922;10957;2.3;3.0;2.8
10923;10958;5.0;3.5;1.57
10924;10959;2.7;3.0;2.38
10925;10960;2.7;3.0;2.38
10926;10961;1.22;4.8;10.0
10927;10962;1.33;4.0;8.0
10928;10963;1.91;3.1;3.6
10929;10964;2.3;3.0;2.8
10930;10965;1.91;3.1;3.6
10931;10966;1.57;3.5;5.0
10932;10967;1.8;3.3;4.8
10933;10968;2.1;3.1;3.75
10934;10969;2.2;3.1;3.5
10935;10970;2.2;3.1;3.5
10936;10971;3.3;3.2;2.25
10937;10972;1.44;3.75;9.0
10938;10973;2.0;3.0;4.33
10939;10974;2.88;3.2;2.5
10940;10975;2.4;3.1;3.1
10941;10976;3.3;3.1;2.3
10942;10977;4.2;3.25;1.73
10943;10978;1.91;3.1;3.6
10944;10979;1.17;5.5;12.0
10945;10980;1.83;3.2;3.75
10946;10981;3.6;3.1;1.91
10947;10982;1.29;4.5;8.0
10948;10983;1.62;3.3;5.0
10949;10984;1.8;3.1;4.0
10950;10985;4.2;3.3;1.73
10951;10986;2.1;3.1;3.1
10952;10987;3.2;3.2;2.0
10953;10988;1.95;3.1;3.5
10954;10989;2.62;3.2;2.3
10955;10990;2.0;3.2;3.2
10956;10991;1.73;3.25;4.2
10957;10992;1.36;4.0;7.0
10958;10993;3.4;3.25;1.91
10959;10994;1.62;3.4;4.8
10960;10995;1.57;3.5;5.0
10961;10996;1.91;3.2;3.5
10962;10997;2.38;2.88;2.8
10963;10998;1.91;3.0;3.75
10964;10999;2.88;3.1;2.2
10965;11000;1.67;3.3;4.5
10966;11001;2.25;3.1;2.8
10967;11002;2.8;3.0;2.3
10968;11003;2.0;3.2;3.2
10969;11004;1.5;3.4;6.0
10970;11005;1.83;3.2;3.75
10971;11006;1.67;3.3;4.5
10972;11007;1.95;3.1;3.5
10973;11008;2.5;2.9;2.62
10974;11009;2.5;2.9;2.62
10975;11010;3.4;3.2;1.95
10976;11011;1.7;3.3;4.33
10977;11012;1.2;5.0;11.0
10978;11013;2.0;3.2;3.2
10979;11014;1.3;4.33;8.0
10980;11015;1.5;3.4;6.0
10981;11016;5.5;3.5;1.53
10982;11017;6.0;3.4;1.57
10983;11018;3.75;3.3;2.0
10984;11019;2.3;3.1;3.0
10985;11020;2.0;3.15;3.6
10986;11021;1.22;5.25;11.0
10987;11022;1.75;3.25;4.6
10988;11023;1.7;3.25;5.0
10989;11024;1.29;4.75;9.5
10990;11025;2.2;3.1;3.1
10991;11026;2.05;3.15;3.5
10992;11027;1.67;3.5;5.5
10993;11028;2.0;3.3;3.8
10994;11029;1.91;3.3;4.2
10995;11030;1.91;3.3;4.2
10996;11031;2.4;3.2;3.0
10997;11032;1.36;4.8;8.0
10998;11033;1.29;4.8;13.0
10999;11034;1.8;3.25;5.0
11000;11035;1.91;3.3;4.2
11001;11036;4.5;3.1;1.91
11002;11037;1.62;3.6;6.0
11003;11038;6.0;3.5;1.62
11004;11039;2.4;3.1;3.1
11005;11040;1.83;3.4;4.33
11006;11041;1.67;3.5;5.5
11007;11042;2.0;3.2;3.8
11008;11043;3.5;3.1;2.2
11009;11044;2.6;3.1;2.8
11010;11045;2.6;3.1;2.8
11011;11046;4.8;3.3;1.8
11012;11047;1.8;3.4;4.6
11013;11048;2.2;3.25;3.3
11014;11049;2.1;3.25;3.5
11015;11050;2.45;3.2;2.88
11016;11051;1.44;4.0;8.0
11017;11052;2.3;3.2;3.1
11018;11053;2.0;3.25;3.9
11019;11054;2.25;3.2;3.25
11020;11055;1.85;3.4;4.33
11021;11056;1.62;3.8;5.5
11022;11057;2.75;3.1;2.62
11023;11058;2.38;3.1;3.1
11024;11059;1.62;3.4;6.5
11025;11060;3.4;3.2;2.2
11026;11061;4.0;3.2;2.0
11027;11062;3.0;3.0;2.5
11028;11063;1.57;3.6;6.5
11029;11064;1.83;3.6;4.2
11030;11065;1.53;3.75;7.0
11031;11066;2.62;3.1;2.75
11032;11067;1.7;3.4;5.5
11033;11068;2.62;3.1;2.8
11034;11069;2.5;3.0;3.0
11035;11070;3.8;3.0;2.1
11036;11071;2.9;3.0;2.6
11037;11072;2.6;3.0;2.9
11038;11073;1.67;3.4;6.0
11039;11074;1.62;3.4;6.5
11040;11075;1.67;3.5;5.5
11041;11076;2.0;3.1;4.2
11042;11077;3.3;3.2;2.25
11043;11078;2.25;3.1;3.4
11044;11079;1.25;5.5;12.0
11045;11080;2.5;3.2;2.9
11046;11081;3.1;3.3;2.3
11047;11082;2.05;3.5;3.5
11048;11083;1.95;3.25;4.2
11049;11084;1.75;3.5;5.0
11050;11085;3.5;3.25;2.15
11051;11086;2.8;3.1;2.62
11052;11087;6.5;3.8;1.53
11053;11088;1.91;3.3;4.2
11054;11089;2.88;3.1;2.5
11055;11090;2.05;3.2;3.75
11056;11091;2.88;3.1;2.55
11057;11092;2.1;3.1;3.75
11058;11093;1.25;5.5;12.0
11059;11094;2.4;3.1;3.0
11060;11095;1.73;3.5;5.0
11061;11096;1.4;4.33;8.5
11062;11097;1.95;3.25;4.2
11063;11098;2.62;3.1;2.8
11064;11099;3.3;3.3;2.2
11065;11100;3.2;3.2;2.25
11066;11101;2.0;3.25;4.0
11067;11102;1.36;4.75;8.5
11068;11103;3.6;3.25;2.1
11069;11104;1.8;3.4;4.75
11070;11105;2.5;2.9;3.1
11071;11106;1.85;3.4;4.33
11072;11107;2.38;3.0;3.25
11073;11108;1.91;3.5;4.0
11074;11109;2.4;3.1;3.1
11075;11110;1.44;4.33;7.5
11076;11111;2.0;3.1;4.2
11077;11112;1.83;3.5;4.33
11078;11113;3.8;3.5;1.95
11079;11114;2.7;3.1;2.7
11080;11115;1.5;4.2;6.5
11081;11116;1.8;3.4;4.8
11082;11117;2.15;3.2;3.5
11083;11118;2.15;3.2;3.5
11084;11119;2.9;3.1;2.5
11085;11120;2.9;3.1;2.5
11086;11121;2.2;3.3;3.25
11087;11122;4.2;3.2;1.95
11088;11123;1.4;4.25;8.5
11089;11124;1.44;4.1;7.5
11090;11125;2.5;3.1;2.9
11091;11126;1.44;4.1;7.5
11092;11127;1.67;3.3;5.5
11093;11128;3.0;3.15;2.25
11094;11129;1.73;3.25;4.75
11095;11130;1.8;3.25;4.33
11096;11131;1.36;4.1;8.5
11097;11132;1.7;3.3;5.0
11098;11133;6.5;3.5;1.53
11099;11134;2.25;3.15;3.0
11100;11135;3.2;3.2;2.15
11101;11136;2.9;3.15;2.3
11102;11137;1.4;4.33;8.5
11103;11138;2.05;3.1;4.0
11104;11139;1.73;3.5;5.0
11105;11140;2.3;3.1;3.25
11106;11141;1.3;5.0;11.0
11107;11142;1.85;3.3;4.5
11108;11143;4.0;3.2;2.0
11109;11144;6.5;3.8;1.53
11110;11145;2.45;3.1;3.0
11111;11146;2.5;3.1;2.9
11112;11148;3.3;3.2;2.25
11113;11149;1.22;5.5;15.0
11114;11150;2.8;3.0;2.7
11115;11151;1.44;4.0;8.0
11116;11152;3.0;3.0;2.5
11117;11153;2.0;3.1;4.2
11118;11154;1.5;3.8;7.5
11119;11155;4.0;3.1;2.05
11120;11156;1.57;3.5;7.0
11121;11157;1.6;3.75;6.0
11122;11158;4.4;3.4;1.85
11123;11159;2.1;3.25;3.5
11124;11160;1.95;3.25;4.1
11125;11161;1.67;3.5;5.5
11126;11162;4.75;3.4;1.8
11127;11163;2.5;3.1;2.9
11128;11164;2.0;3.25;3.8
11129;11165;2.2;3.15;3.4
11130;11166;1.75;3.4;5.0
11131;11167;1.57;3.6;6.5
11132;11168;1.5;4.0;7.0
11133;11169;1.29;5.0;11.0
11134;11170;3.1;3.1;2.4
11135;11171;2.38;3.0;3.2
11136;11172;7.0;4.0;1.5
11137;11173;2.4;3.1;3.1
11138;11174;2.15;3.0;3.75
11139;11175;2.25;3.1;3.3
11140;11176;1.67;3.4;5.75
11141;11177;3.1;3.3;2.3
11142;11178;1.62;3.8;5.5
11143;11179;2.4;3.1;3.1
11144;11180;1.91;3.3;4.2
11145;11181;2.1;3.2;3.6
11146;11182;1.8;3.4;4.75
11147;11183;3.75;3.4;2.0
11148;11184;3.1;3.4;2.25
11149;11185;1.29;5.0;11.0
11150;11186;2.1;3.2;3.6
11151;11187;3.5;3.15;2.15
11152;11188;2.9;3.1;2.5
11153;11189;1.8;3.5;4.6
11154;11190;1.4;4.33;8.5
11155;11191;2.2;3.25;3.3
11156;11192;1.8;3.3;5.0
11157;11193;3.1;3.1;2.38
11158;11194;2.1;3.0;3.9
11159;11195;3.1;3.1;2.38
11160;11196;2.1;2.9;4.0
11161;11197;1.44;4.2;7.5
11162;11198;1.4;4.0;10.0
11163;11199;1.44;4.2;7.5
11164;11200;1.44;4.2;7.5
11165;11201;1.73;3.3;5.5
11166;11202;2.4;3.2;3.0
11167;11203;2.7;3.0;2.8
11168;11204;4.5;3.5;1.8
11169;11205;5.5;3.5;1.67
11170;11206;1.73;3.3;5.5
11171;11207;2.5;3.0;3.0
11172;11208;1.6;3.6;6.0
11173;11209;2.05;3.2;3.75
11174;11210;4.2;3.1;2.0
11175;11211;2.6;3.0;2.9
11176;11212;1.8;3.25;5.0
11177;11213;3.75;3.1;2.1
11178;11214;1.5;4.0;7.0
11179;11215;2.35;3.1;3.2
11180;11216;2.4;3.1;3.1
11181;11217;3.6;3.4;2.05
11182;11218;2.3;3.1;3.3
11183;11219;1.4;4.2;9.0
11184;11220;2.88;3.2;2.5
11185;11221;2.0;3.4;3.8
11186;11222;1.67;3.4;6.0
11187;11223;1.75;3.5;5.0
11188;11224;2.38;3.0;3.25
11189;11225;1.44;4.0;8.5
11190;11226;1.3;5.0;11.0
11191;11227;2.7;3.3;2.6
11192;11228;2.9;3.2;2.5
11193;11229;2.1;2.9;4.2
11194;11230;3.4;3.0;2.3
11195;11231;2.25;3.3;3.2
11196;11232;2.4;3.1;3.1
11197;11233;2.7;3.0;2.8
11198;11234;1.2;6.0;15.0
11199;11235;2.0;3.2;4.0
11200;11236;6.0;3.4;1.67
11201;11237;2.7;3.2;2.62
11202;11238;2.25;3.2;3.3
11203;11239;1.44;4.2;7.5
11204;11240;2.38;3.2;3.0
11205;11241;3.4;3.2;2.2
11206;11242;1.3;4.5;13.0
11207;11243;2.1;3.25;3.6
11208;11244;2.0;3.2;4.0
11209;11245;2.0;3.3;3.8
11210;11246;2.1;3.2;3.6
11211;11247;1.6;3.75;6.0
11212;11248;2.45;3.0;3.1
11213;11249;2.4;3.0;3.2
11214;11250;1.44;4.0;8.0
11215;11251;3.75;3.4;2.0
11216;11252;2.75;2.7;3.0
11217;11253;1.3;5.0;10.0
11218;11254;1.44;4.0;8.0
11219;11255;2.7;2.88;2.88
11220;11256;1.7;3.4;5.5
11221;11257;1.8;3.3;4.8
11222;11258;2.38;2.9;3.4
11223;11259;4.5;3.5;1.8
11224;11260;1.95;3.3;4.0
11225;11261;2.8;3.1;2.6
11226;11263;3.2;3.0;2.38
11227;11264;2.38;2.1;6.0
11228;11265;1.62;3.75;5.5
11229;11266;1.5;3.75;7.5
11230;11267;2.25;3.2;3.25
11231;11268;3.4;2.88;2.38
11232;11269;1.7;3.4;5.5
11233;11270;5.0;3.5;1.73
11234;11271;3.8;3.25;2.0
11235;11272;1.57;3.6;6.5
11236;11273;2.2;2.25;6.0
11237;11274;1.4;4.33;8.0
11238;11275;3.2;1.95;4.1
11239;11276;2.1;2.2;6.0
11240;11277;2.6;3.4;2.62
11241;11278;1.5;3.8;7.0
11242;11279;2.45;2.1;4.75
11243;11280;4.75;3.5;1.75
11244;11281;3.1;2.25;3.1
11245;11282;1.57;2.8;10.0
11246;11283;1.44;4.1;7.5
11247;11284;1.73;3.75;4.5
11248;11285;1.4;4.0;7.5
11249;11286;1.29;5.0;11.0
11250;11287;2.3;2.4;4.5
11251;11288;1.95;3.2;4.2
11252;11289;5.0;3.2;1.8
11253;11290;2.5;2.7;3.4
11254;11291;3.0;3.1;2.4
11255;11292;3.4;1.7;5.5
11256;11293;5.0;5.0;1.44
11257;11294;1.7;3.4;5.5
11258;11295;1.44;4.0;8.0
11259;11296;1.44;4.0;8.0
11260;11297;1.33;4.75;9.5
11261;11298;1.33;4.5;11.0
11262;11299;1.2;6.5;13.0
11263;11300;1.91;3.4;4.0
11264;11301;1.83;3.4;4.5
11265;11302;2.5;3.2;2.9
11266;11303;9.0;5.5;1.3
11267;11304;2.1;3.25;3.6
11268;11305;4.5;3.3;1.85
11269;11306;2.5;2.1;4.5
11270;11307;1.67;3.75;5.0
11271;11308;2.5;3.3;2.8
11272;11309;2.2;3.1;3.4
11273;11310;2.2;3.4;3.2
11274;11311;5.0;1.4;6.5
11275;11312;2.7;3.0;2.8
11276;11313;1.4;4.5;8.0
11277;11314;1.29;5.0;11.0
11278;11315;1.91;3.25;4.2
11279;11316;3.4;2.8;2.4
11280;11317;1.75;3.0;6.5
11281;11318;7.0;4.33;1.44
11282;11319;1.36;5.0;7.5
11283;11320;4.33;1.73;4.0
11284;11321;1.53;3.6;7.5
11285;11322;6.0;4.33;1.5
11286;11323;1.25;6.0;10.0
11287;11324;1.36;5.0;7.5
11288;11325;3.4;3.4;2.1
11289;11326;4.5;3.5;1.8
11290;11327;1.3;5.0;11.0
11291;11328;2.2;3.1;3.5
11292;11329;7.0;3.75;1.53
11293;11330;1.6;3.5;6.5
11294;11331;1.95;3.3;4.0
11295;11332;1.53;3.7;7.0
11296;11333;3.75;1.53;6.5
11297;11334;1.8;3.5;4.4
11298;11335;3.0;3.2;2.4
11299;11336;1.67;3.6;5.25
11300;11337;1.7;3.4;5.5
11301;11338;2.38;3.1;3.1
11302;11339;3.5;3.1;2.2
11303;11340;1.73;3.5;5.0
11304;11341;1.4;4.2;9.0
11305;11342;2.2;3.2;3.4
11306;11343;2.1;3.1;3.75
11307;11344;2.38;3.2;3.0
11308;11345;3.4;3.2;2.2
11309;11346;2.5;3.2;2.88
11310;11347;1.91;3.2;4.33
11311;11348;3.5;3.0;2.25
11312;11349;1.62;3.6;6.0
11313;11350;1.67;3.4;6.0
11314;11351;1.73;3.3;5.5
11315;11352;2.0;3.2;4.0
11316;11353;2.7;3.0;2.75
11317;11354;2.9;3.0;2.6
11318;11355;2.0;3.1;4.2
11319;11356;2.0;3.1;4.2
11320;11357;2.38;3.1;2.9
11321;11358;2.4;3.1;2.8
11322;11359;3.3;3.2;2.1
11323;11360;1.75;3.3;4.5
11324;11361;1.7;3.3;5.0
11325;11362;1.8;3.3;4.33
11326;11363;1.85;3.25;4.0
11327;11364;2.1;3.2;3.3
11328;11365;2.3;3.1;3.0
11329;11366;2.6;3.1;2.62
11330;11367;1.44;4.0;8.0
11331;11368;1.67;3.75;5.0
11332;11369;1.83;3.5;4.33
11333;11370;2.2;3.1;3.5
11334;11371;1.36;4.5;9.0
11335;11372;2.5;3.1;2.9
11336;11373;2.8;3.0;2.7
11337;11374;4.2;3.25;1.91
11338;11375;2.5;3.1;2.9
11339;11376;2.62;3.1;2.75
11340;11377;2.8;3.1;2.6
11341;11378;3.0;3.2;2.4
11342;11379;2.38;3.0;3.25
11343;11380;1.85;3.3;4.5
11344;11381;2.3;3.0;3.4
11345;11382;1.73;3.3;5.5
11346;11383;1.53;4.0;6.5
11347;11384;1.8;3.3;4.8
11348;11385;1.73;3.3;5.5
11349;11386;4.5;3.4;1.83
11350;11387;1.36;4.33;9.5
11351;11388;2.1;3.2;3.6
11352;11389;2.3;3.2;3.2
11353;11390;1.91;3.25;4.33
11354;11391;3.6;3.2;2.1
11355;11392;3.1;3.1;2.4
11356;11393;2.62;3.1;2.75
11357;11394;1.91;3.25;4.33
11358;11395;3.1;3.1;2.4
11359;11396;2.6;3.1;2.8
11360;11397;1.85;3.2;4.75
11361;11398;3.4;3.2;2.2
11362;11399;7.0;3.75;1.53
11363;11400;1.3;5.0;10.0
11364;11401;1.53;3.6;7.5
11365;11402;1.57;3.75;6.0
11366;11403;2.3;3.1;3.25
11367;11404;2.05;3.2;3.75
11368;11405;2.6;2.9;3.0
11369;11406;2.9;3.1;2.5
11370;11407;2.7;3.0;2.8
11371;11408;2.5;3.0;3.0
11372;11409;3.0;3.0;2.5
11373;11410;2.0;3.3;3.8
11374;11411;2.7;3.0;2.8
11375;11412;2.25;3.0;3.5
11376;11413;1.8;3.2;5.0
11377;11414;3.0;3.0;2.5
11378;11415;2.25;3.0;3.5
11379;11416;1.73;3.3;5.5
11380;11417;2.1;3.1;3.75
11381;11418;2.0;3.2;4.0
11382;11419;2.8;3.0;2.7
11383;11420;3.1;3.2;2.3
11384;11421;1.6;3.6;6.0
11385;11422;1.4;4.2;9.0
11386;11423;2.5;3.0;3.0
11387;11424;3.8;3.3;2.0
11388;11425;1.7;3.4;5.5
11389;11426;1.62;3.6;6.0
11390;11427;1.95;3.25;4.2
11391;11428;3.3;3.3;2.2
11392;11429;1.95;3.25;4.2
11393;11430;1.6;4.0;5.5
11394;11431;1.55;4.0;6.0
11395;11432;1.44;4.33;7.5
11396;11433;2.1;3.2;3.6
11397;11434;3.0;3.1;2.45
11398;11435;1.36;4.75;8.5
11399;11436;2.15;3.2;3.6
11400;11437;2.7;3.1;2.7
11401;11438;1.91;3.25;4.33
11402;11439;2.88;3.1;2.55
11403;11440;2.75;3.1;2.65
11404;11441;2.55;3.1;2.88
11405;11442;1.36;4.5;9.0
11406;11443;2.5;3.2;2.88
11407;11444;2.25;3.2;3.3
11408;11445;3.1;3.1;2.38
11409;11446;2.25;3.2;3.3
11410;11447;2.5;3.1;2.9
11411;11448;2.1;3.2;3.6
11412;11449;2.3;3.1;3.25
11413;11450;2.45;3.1;3.0
11414;11451;4.33;3.5;1.85
11415;11452;1.29;5.0;11.0
11416;11453;1.44;4.0;8.0
11417;11454;1.4;4.33;8.5
11418;11455;2.1;3.25;3.5
11419;11456;2.1;3.2;3.6
11420;11457;2.0;3.2;4.0
11421;11458;8.0;4.0;1.44
11422;11459;2.2;3.2;3.4
11423;11460;1.9;3.3;4.33
11424;11461;4.33;3.2;1.91
11425;11462;4.2;3.2;1.95
11426;11463;1.65;3.6;5.5
11427;11464;3.75;3.25;2.05
11428;11465;2.25;3.1;3.4
11429;11466;1.5;3.75;7.5
11430;11467;2.2;3.1;3.5
11431;11468;4.6;3.25;1.85
11432;11469;2.15;3.1;3.6
11433;11470;1.95;3.25;4.2
11434;11471;1.8;3.3;4.8
11435;11472;1.25;5.5;12.0
11436;11473;2.2;3.1;3.5
11437;11474;1.29;4.8;13.0
11438;11475;1.91;3.25;4.33
11439;11476;1.67;3.5;5.5
11440;11477;5.0;3.5;1.73
11441;11478;2.3;3.1;3.2
11442;11479;2.25;3.2;3.3
11443;11480;1.4;4.2;9.0
11444;11481;6.5;4.0;1.5
11445;11482;2.9;3.1;2.5
11446;11483;3.1;3.1;2.38
11447;11484;1.6;3.6;6.0
11448;11485;3.1;3.1;2.38
11449;11486;1.44;4.0;8.5
11450;11487;3.0;3.2;2.4
11451;11488;2.05;3.1;4.0
11452;11489;2.2;3.1;3.5
11453;11490;1.44;4.0;8.0
11454;11491;2.8;3.1;2.6
11455;11492;1.33;4.5;11.0
11456;11493;1.83;3.4;4.5
11457;11494;2.2;3.2;3.4
11458;11495;1.33;4.5;11.0
11459;11496;2.25;3.0;3.5
11460;11497;4.2;3.3;1.91
11461;11498;2.5;3.0;3.0
11462;11499;2.4;3.1;3.1
11463;11500;1.67;3.4;6.0
11464;11501;2.5;3.0;3.0
11465;11502;7.0;4.33;1.44
11466;11503;2.0;3.3;3.8
11467;11504;1.4;4.33;8.0
11468;11505;3.6;3.2;2.1
11469;11506;1.67;3.6;5.5
11470;11507;2.05;3.2;3.75
11471;11508;3.4;3.1;2.25
11472;11509;1.83;3.3;4.6
11473;11510;1.65;3.5;5.8
11474;11511;1.8;3.3;4.75
11475;11512;1.44;4.2;7.5
11476;11513;3.1;3.1;2.4
11477;11514;1.62;3.6;6.0
11478;11515;3.6;3.2;2.1
11479;11516;1.5;3.9;7.0
11480;11517;2.5;3.2;2.88
11481;11518;1.4;4.2;9.0
11482;11519;1.36;4.6;9.0
11483;11520;6.0;3.6;1.6
11484;11521;2.75;3.1;2.6
11485;11522;3.25;3.2;2.25
11486;11523;1.57;3.75;6.0
11487;11524;2.05;3.25;3.75
11488;11525;1.8;3.5;4.5
11489;11526;1.67;3.75;5.0
11490;11527;2.15;3.2;3.6
11491;11528;1.33;5.0;9.0
11492;11529;2.5;3.2;2.9
11493;11530;2.62;3.0;2.88
11494;11531;2.1;3.1;3.75
11495;11532;4.8;3.3;1.8
11496;11533;1.44;4.2;7.5
11497;11534;3.2;3.2;2.3
11498;11535;1.4;4.33;8.0
11499;11536;3.1;3.1;2.4
11500;11537;1.83;3.4;4.5
11501;11538;2.3;3.2;3.1
11502;11539;2.7;3.1;2.7
11503;11541;2.6;3.2;2.75
11504;11542;1.67;3.5;5.5
11505;11543;2.25;3.2;3.3
11506;11544;1.3;5.0;10.0
11507;11545;2.5;3.1;2.9
11508;11546;1.44;4.2;7.5
11509;11547;1.5;4.0;7.0
11510;11548;2.1;3.1;3.75
11511;11549;1.85;3.3;4.5
11512;11550;2.5;3.2;2.8
11513;11551;1.25;5.25;13.0
11514;11552;2.15;3.25;3.5
11515;11553;3.3;3.2;2.25
11516;11554;2.7;3.1;2.7
11517;11555;1.4;4.2;9.0
11518;11556;2.0;3.1;4.2
11519;11557;1.36;4.5;9.0
11520;11558;2.0;3.1;4.2
11521;11559;2.5;3.0;3.0
11522;11560;6.0;3.75;1.57
11523;11561;2.4;3.1;3.1
11524;11562;1.57;3.75;6.0
11525;11563;2.5;3.0;3.0
11526;11564;1.91;3.2;4.33
11527;11565;2.1;3.1;3.75
11528;11566;1.91;3.4;4.0
11529;11567;2.2;3.2;3.4
11530;11568;1.75;3.4;5.0
11531;11569;1.62;3.75;5.5
11532;11570;2.2;3.1;3.5
11533;11571;2.15;3.2;3.5
11534;11572;3.0;3.1;2.45
11535;11573;2.45;3.1;3.0
11536;11574;1.3;5.0;10.0
11537;11575;4.75;3.5;1.75
11538;11576;3.6;3.25;2.1
11539;11577;1.55;4.0;6.0
11540;11578;2.7;3.1;2.7
11541;11579;2.62;3.2;2.7
11542;11580;1.57;3.75;6.0
11543;11581;1.53;3.75;7.0
11544;11582;2.25;2.8;3.8
11545;11583;1.53;3.8;6.5
11546;11584;3.75;3.25;2.05
11547;11585;2.38;3.2;3.0
11548;11586;5.0;3.5;1.73
11549;11587;2.5;3.2;2.9
11550;11588;1.62;3.5;6.0
11551;11589;2.1;3.25;3.5
11552;11590;2.4;2.8;3.5
11553;11591;1.85;3.3;4.5
11554;11592;2.5;2.9;3.2
11555;11593;1.67;3.4;6.0
11556;11594;2.4;3.0;3.2
11557;11595;4.0;3.2;2.0
11558;11596;1.7;3.4;5.5
11559;11597;2.5;2.5;3.75
11560;11598;2.5;3.2;2.8
11561;11599;2.3;3.1;3.3
11562;11600;1.91;3.4;4.0
11563;11601;1.67;3.5;5.5
11564;11602;2.2;3.0;3.6
11565;11603;1.91;3.4;4.0
11566;11604;1.73;3.3;5.5
11567;11605;2.5;3.0;3.0
11568;11606;2.1;3.0;4.0
11569;11607;5.5;3.25;1.73
11570;11608;2.2;3.0;3.6
11571;11609;1.6;3.75;5.8
11572;11610;2.55;2.88;2.88
11573;11611;3.75;3.25;2.05
11574;11612;1.29;5.25;10.0
11575;11613;2.38;2.5;3.7
11576;11614;2.62;2.88;2.8
11577;11615;3.6;3.0;2.2
11578;11616;2.7;2.6;3.0
11579;11617;1.29;5.0;11.0
11580;11618;2.7;3.0;2.8
11581;11619;4.0;3.2;2.0
11582;11620;6.0;3.75;1.57
11583;11621;2.7;3.1;2.7
11584;11622;1.83;3.4;4.5
11585;11623;4.2;3.2;1.95
11586;11624;2.38;2.62;3.75
11587;11625;1.44;4.0;8.0
11588;11626;2.62;2.2;3.5
11589;11627;1.44;4.2;7.5
11590;11628;1.44;4.0;8.0
11591;11629;2.05;3.5;3.4
11592;11630;5.5;3.75;1.62
11593;11631;1.57;3.6;6.5
11594;11632;1.73;3.5;5.0
11595;11633;1.6;3.6;6.0
11596;11634;2.0;3.4;3.75
11597;11635;2.3;2.5;4.2
11598;11636;1.95;3.3;4.0
11599;11637;2.1;2.5;4.5
11600;11638;1.62;3.75;5.5
11601;11639;1.25;5.5;13.0
11602;11640;2.3;3.3;3.0
11603;11641;13.0;5.5;1.25
11604;11642;4.5;3.4;1.83
11605;11643;2.9;3.3;2.4
11606;11644;2.3;2.75;3.5
11607;11645;2.2;2.7;4.1
11608;11646;1.22;6.0;12.0
11609;11647;2.2;2.62;4.33
11610;11648;2.62;3.2;2.7
11611;11649;1.62;3.75;5.5
11612;11650;1.25;5.8;11.0
11613;11651;3.4;3.1;2.25
11614;11652;1.44;4.2;7.5
11615;11653;2.15;3.0;3.75
11616;11654;3.1;3.1;2.38
11617;11655;2.2;2.62;4.0
11618;11656;1.22;6.0;13.0
11619;11657;1.91;3.2;4.33
11620;11658;2.6;2.5;3.25
11621;11659;2.6;3.2;2.75
11622;11660;13.0;5.5;1.25
11623;11661;2.05;3.5;3.5
11624;11662;5.5;4.0;1.6
11625;11663;2.7;3.2;2.62
11626;11664;2.0;3.5;3.6
11627;11665;1.29;5.5;10.0
11628;11666;2.0;3.1;4.1
11629;11667;1.8;3.5;4.5
11630;11668;3.75;3.5;1.95
11631;11669;1.2;6.0;15.0
11632;11670;1.53;4.0;6.5
11633;11671;1.33;5.0;9.0
11634;11672;3.5;3.3;2.1
11635;11673;1.57;3.8;6.0
11636;11674;5.0;3.5;1.75
11637;11675;1.67;3.75;5.0
11638;11676;2.05;3.2;3.8
11639;11677;2.1;3.1;3.75
11640;11678;2.05;3.4;3.5
11641;11679;1.67;3.5;5.5
11642;11680;12.0;5.0;1.29
11643;11681;2.4;3.1;3.1
11644;11682;3.6;3.5;2.0
11645;11683;5.5;3.5;1.67
11646;11684;2.4;3.1;3.1
11647;11685;1.33;4.5;11.0
11648;11686;1.85;3.5;4.2
11649;11687;2.1;3.2;3.6
11650;11688;2.88;3.3;2.4
11651;11689;2.3;3.4;3.0
11652;11690;1.29;5.0;12.0
11653;11691;2.05;2.5;5.5
11654;11692;5.0;3.5;1.73
11655;11693;1.36;4.33;10.0
11656;11694;3.75;2.25;2.8
11657;11695;3.5;3.0;2.25
11658;11696;3.75;3.1;2.1
11659;11697;1.91;3.3;4.2
11660;11698;1.8;3.3;4.8
11661;11699;1.44;4.0;8.5
11662;11700;2.5;3.2;2.88
11663;11701;1.73;3.3;5.5
11664;11702;6.0;3.6;1.62
11665;11703;1.91;3.2;4.33
11666;11704;1.57;3.75;6.0
11667;11705;1.8;3.4;4.8
11668;11706;4.2;3.2;1.95
11669;11707;2.5;3.1;2.9
11670;11708;4.0;3.2;2.0
11671;11709;2.7;3.1;2.7
11672;11710;1.83;3.5;4.33
11673;11711;1.36;5.0;8.0
11674;11712;1.8;3.4;4.8
11675;11713;2.9;3.1;2.5
11676;11714;1.95;3.4;4.0
11677;11715;2.5;3.1;2.9
11678;11716;2.1;3.2;3.6
11679;11717;2.05;3.2;3.75
11680;11718;2.5;3.1;2.9
11681;11719;2.62;3.1;2.75
11682;11720;2.35;3.15;3.1
11683;11721;1.9;3.25;4.33
11684;11722;2.5;3.1;2.9
11685;11723;1.73;3.4;5.25
11686;11724;1.57;3.75;6.2
11687;11725;2.62;3.1;2.75
11688;11726;2.0;3.25;3.9
11689;11727;3.3;3.3;2.2
11690;11728;3.1;3.1;2.4
11691;11729;3.9;3.25;2.0
11692;11730;1.57;3.6;6.5
11693;11731;2.55;3.1;2.88
11694;11732;1.53;3.75;7.0
11695;11733;1.53;3.75;7.0
11696;11734;2.1;3.25;3.5
11697;11735;3.5;3.3;2.1
11698;11736;2.88;3.3;2.4
11699;11737;1.73;3.5;5.0
11700;11738;1.5;4.0;7.0
11701;11739;1.67;3.5;5.5
11702;11740;6.5;3.6;1.57
11703;11741;2.1;3.25;3.6
11704;11742;1.73;3.5;5.0
11705;11743;1.83;3.5;4.33
11706;11744;1.44;4.0;8.0
11707;11745;3.2;3.2;2.3
11708;11746;2.7;3.1;2.7
11709;11747;1.8;3.2;5.0
11710;11748;2.6;3.1;2.8
11711;11749;1.67;3.5;5.5
11712;11750;1.73;3.5;5.0
11713;11751;1.36;4.5;9.0
11714;11752;2.0;3.2;4.0
11715;11753;2.5;3.0;3.0
11716;11754;1.57;3.75;6.0
11717;11755;2.5;3.2;2.88
11718;11756;2.15;3.2;3.6
11719;11757;2.1;3.25;3.6
11720;11758;2.1;3.25;3.6
11721;11759;1.33;4.8;10.0
11722;11760;1.4;4.4;8.5
11723;11761;2.8;3.3;2.5
11724;11762;4.2;3.75;1.8
11725;11763;1.44;4.5;7.0
11726;11764;2.25;3.2;3.3
11727;11765;3.75;3.2;2.1
11728;11766;1.95;3.25;4.0
11729;11767;1.75;3.4;5.0
11730;11768;3.2;3.3;2.25
11731;11769;1.5;4.0;7.0
11732;11770;1.25;5.5;13.0
11733;11771;1.75;3.3;5.5
11734;11772;3.1;3.1;2.38
11735;11773;2.88;3.3;2.4
11736;11774;1.91;3.4;4.2
11737;11775;2.3;3.2;3.2
11738;11776;2.6;3.0;2.9
11739;11777;1.62;3.6;6.0
11740;11778;1.73;3.5;5.0
11741;11779;1.5;4.0;7.0
11742;11780;1.44;4.2;7.5
11743;11781;3.3;3.1;2.3
11744;11782;1.57;3.75;6.0
11745;11783;2.3;3.0;3.4
11746;11784;2.25;3.1;3.4
11747;11785;3.3;3.1;2.3
11748;11786;2.25;3.2;3.3
11749;11787;2.4;3.1;3.1
11750;11788;3.8;3.4;2.0
11751;11789;2.7;3.4;2.5
11752;11790;2.05;3.1;4.0
11753;11791;2.1;3.2;3.6
11754;11792;1.83;3.1;5.0
11755;11793;9.0;4.5;1.36
11756;11794;2.05;3.1;4.0
11757;11795;2.3;3.2;3.15
11758;11796;1.85;3.3;4.5
11759;11797;1.53;3.75;7.0
11760;11798;1.57;3.75;6.0
11761;11799;1.53;4.0;6.0
11762;11800;1.83;3.4;4.5
11763;11801;1.57;4.0;5.5
11764;11802;2.2;3.2;3.3
11765;11803;1.73;3.3;5.5
11766;11804;2.05;3.25;3.75
11767;11805;1.91;3.1;4.5
11768;11806;2.8;3.1;2.62
11769;11807;2.1;3.1;3.75
11770;11808;1.83;3.4;4.5
11771;11809;3.4;3.0;2.3
11772;11810;2.5;3.0;3.0
11773;11811;2.8;3.0;2.7
11774;11812;5.5;3.8;1.6
11775;11813;2.3;3.0;3.4
11776;11814;3.0;3.0;2.5
11777;11815;2.3;3.1;3.3
11778;11816;3.2;3.3;2.25
11779;11817;1.44;4.33;7.0
11780;11818;2.1;3.2;3.6
11781;11819;1.44;4.33;7.0
11782;11820;1.33;4.8;10.0
11783;11821;1.75;3.5;4.75
11784;11822;1.22;6.0;13.0
11785;11823;3.6;3.5;2.0
11786;11824;1.95;3.3;4.0
11787;11825;2.3;3.1;3.3
11788;11826;2.7;3.1;2.7
11789;11827;1.91;3.1;4.5
11790;11828;2.4;3.1;3.1
11791;11829;5.5;3.4;1.7
11792;11830;2.9;3.1;2.5
11793;11831;2.0;4.0;3.25
11794;11832;2.6;3.1;2.8
11795;11833;2.3;3.1;3.25
11796;11834;3.5;3.1;2.2
11797;11835;1.8;3.5;4.6
11798;11836;3.6;3.8;1.91
11799;11837;1.44;4.2;7.5
11800;11838;2.4;3.2;3.0
11801;11839;1.29;5.0;11.0
11802;11840;2.45;3.3;2.8
11803;11841;1.22;6.0;13.0
11804;11842;1.36;4.5;9.0
11805;11843;2.05;3.25;3.8
11806;11844;1.83;3.5;4.33
11807;11845;2.25;3.1;3.4
11808;11846;2.3;3.1;3.3
11809;11847;7.5;4.5;1.4
11810;11848;1.36;4.5;9.0
11811;11849;3.1;3.1;2.4
11812;11850;3.1;3.3;2.3
11813;11851;2.3;3.6;2.8
11814;11852;3.25;3.2;2.25
11815;11853;4.2;3.3;1.91
11816;11854;2.15;3.0;3.75
11817;11855;2.0;3.1;4.2
11818;11856;2.25;3.1;3.4
11819;11857;1.29;5.0;12.0
11820;11858;2.4;3.1;3.1
11821;11859;1.18;6.5;17.0
11822;11860;1.6;3.6;6.0
11823;11861;1.36;4.2;11.0
11824;11862;2.05;4.0;3.1
11825;11863;1.83;3.5;4.4
11826;11864;3.0;3.0;2.5
11827;11865;3.75;3.3;2.0
11828;11866;2.1;3.2;3.6
11829;11867;2.1;3.25;3.5
11830;11868;1.95;3.4;3.8
11831;11869;1.75;3.4;5.0
11832;11870;1.7;3.5;5.25
11833;11871;2.05;3.2;3.75
11834;11872;1.85;3.3;4.5
11835;11873;1.85;3.3;4.5
11836;11874;4.33;3.4;1.85
11837;11875;1.62;3.6;6.0
11838;11876;2.1;3.1;3.8
11839;11877;2.8;3.1;2.62
11840;11878;2.1;3.25;3.6
11841;11879;4.5;3.5;1.8
11842;11880;3.5;3.2;2.15
11843;11881;1.35;4.5;10.0
11844;11882;1.3;5.0;11.0
11845;11883;3.0;3.5;2.25
11846;11884;2.3;3.1;3.3
11847;11886;2.05;3.1;4.0
11848;11887;2.4;3.1;3.1
11849;11888;2.0;3.5;3.6
11850;11889;2.9;3.0;2.6
11851;11890;2.45;3.0;3.1
11852;11891;2.8;2.9;2.8
11853;11892;2.5;3.0;3.0
11854;11893;2.8;2.9;2.8
11855;11894;1.4;4.5;8.0
11856;11895;1.57;3.5;7.0
11857;11896;3.0;3.0;2.5
11858;11897;1.22;5.5;15.0
11859;11898;3.5;3.2;2.15
11860;11899;3.0;3.0;2.5
11861;11900;2.0;3.3;3.8
11862;11901;1.67;3.4;6.0
11863;11902;3.0;3.2;2.38
11864;11903;1.67;3.5;5.5
11865;11904;1.67;3.5;5.5
11866;11905;2.25;3.2;3.3
11867;11906;2.88;3.2;2.5
11868;11907;1.53;4.0;6.0
11869;11908;1.44;4.33;7.0
11870;11909;3.75;3.3;2.0
11871;11910;6.0;3.75;1.57
11872;11911;2.9;3.2;2.45
11873;11912;1.73;3.5;5.0
11874;11913;2.15;3.25;3.4
11875;11914;1.57;3.75;6.0
11876;11915;2.3;3.1;3.3
11877;11916;1.62;3.6;6.0
11878;11917;1.73;3.5;5.0
11879;11918;1.91;3.1;4.5
11880;11919;5.0;3.4;1.75
11881;11920;2.8;3.1;2.62
11882;11921;1.57;3.8;6.0
11883;11922;3.25;3.25;2.25
11884;11923;1.91;3.1;4.5
11885;11924;2.05;3.1;4.0
11886;11925;2.15;3.0;3.8
11887;11926;2.1;3.2;3.6
11888;11927;3.0;3.0;2.5
11889;11928;2.0;3.2;4.0
11890;11929;3.3;3.3;2.2
11891;11930;3.0;3.0;2.5
11892;11931;2.25;3.1;3.4
11893;11932;1.5;4.2;6.5
11894;11933;1.44;4.0;8.0
11895;11934;2.4;3.0;3.2
11896;11935;2.1;3.1;3.75
11897;11936;2.05;3.1;4.0
11898;11937;3.3;3.2;2.25
11899;11938;2.2;3.1;3.5
11900;11939;3.1;3.2;2.3
11901;11940;2.9;3.1;2.5
11902;11941;1.29;5.0;11.0
11903;11942;2.9;3.1;2.5
11904;11943;1.22;6.0;13.0
11905;11944;2.3;3.2;3.2
11906;11945;2.3;3.0;3.4
11907;11946;2.2;3.1;3.5
11908;11947;1.44;4.0;8.0
11909;11948;1.53;4.0;6.0
11910;11949;2.4;3.2;3.0
11911;11950;3.1;3.1;2.4
11912;11951;1.67;3.4;6.0
11913;11952;2.15;3.2;3.5
11914;11953;2.38;3.0;3.2
11915;11954;3.4;3.2;2.2
11916;11955;1.8;3.3;4.8
11917;11956;1.3;5.0;11.0
11918;11957;2.6;3.1;2.8
11919;11958;4.33;3.5;1.83
11920;11959;3.6;3.2;2.1
11921;11960;1.5;3.6;8.0
11922;11961;2.9;3.1;2.5
11923;11962;2.3;3.1;3.3
11924;11963;1.91;3.2;4.33
11925;11964;2.05;3.1;4.0
11926;11965;1.57;3.75;6.0
11927;11966;2.4;3.1;3.1
11928;11967;2.8;3.1;2.6
11929;11968;1.5;3.8;7.5
11930;11969;2.6;3.1;2.8
11931;11970;5.5;3.25;1.73
11932;11971;2.6;3.1;2.8
11933;11972;1.33;4.5;11.0
11934;11973;1.57;3.75;6.0
11935;11974;2.0;3.1;4.2
11936;11975;2.9;3.2;2.5
11937;11976;1.91;3.5;4.0
11938;11977;5.0;4.0;1.65
11939;11978;1.5;4.0;7.0
11940;11979;1.6;4.0;5.5
11941;11980;2.2;3.3;3.3
11942;11981;2.88;3.2;2.5
11943;11982;1.4;4.75;7.0
11944;11983;2.5;3.2;2.9
11945;11984;3.1;3.3;2.3
11946;11985;2.1;3.2;3.6
11947;11986;2.05;3.2;3.75
11948;11987;3.25;3.1;2.3
11949;11988;3.4;3.25;2.2
11950;11989;5.0;3.2;1.8
11951;11990;3.0;3.2;2.4
11952;11991;1.4;4.5;8.0
11953;11992;3.6;3.2;2.1
11954;11993;2.3;3.2;3.1
11955;11994;2.0;3.3;3.75
11956;11995;1.8;3.5;4.5
11957;11996;2.0;3.3;3.8
11958;11997;1.85;3.25;4.5
11959;11998;1.4;4.2;9.0
11960;11999;1.95;3.3;4.0
11961;12000;2.9;3.0;2.6
11962;12001;2.1;3.0;4.0
11963;12002;2.6;3.0;2.9
11964;12003;1.14;7.0;21.0
11965;12004;2.05;3.2;3.75
11966;12005;2.0;3.2;4.0
11967;12006;2.4;3.0;3.2
11968;12007;3.1;3.3;2.3
11969;12008;2.8;3.1;2.6
11970;12009;3.8;3.3;2.0
11971;12010;2.1;3.1;3.8
11972;12011;2.8;3.2;2.5
11973;12012;2.5;3.2;2.8
11974;12013;3.5;3.3;2.1
11975;12014;2.0;3.2;4.0
11976;12015;2.0;3.3;3.8
11977;12016;1.44;4.0;8.0
11978;12017;2.25;3.1;3.4
11979;12018;2.45;3.1;3.0
11980;12019;1.75;3.4;5.0
11981;12020;2.2;3.2;3.4
11982;12021;2.1;3.1;3.75
11983;12022;1.22;5.5;15.0
11984;12023;2.3;2.8;3.8
11985;12024;1.5;4.0;7.0
11986;12025;2.7;2.5;3.4
11987;12026;1.36;4.33;10.0
11988;12027;3.6;3.2;2.1
11989;12028;2.62;3.0;2.9
11990;12029;2.3;3.1;3.2
11991;12030;6.0;3.4;1.67
11992;12031;2.45;3.0;3.1
11993;12032;9.0;4.5;1.33
11994;12033;1.5;4.0;7.0
11995;12034;3.4;3.1;2.25
11996;12035;2.8;1.95;5.0
11997;12036;1.67;3.5;5.5
11998;12037;2.8;2.05;4.5
11999;12038;1.44;4.2;7.5
12000;12039;1.5;3.4;10.0
12001;12040;1.25;5.5;12.0
12002;12041;1.95;3.5;3.75
12003;12042;1.6;3.5;6.5
12004;12043;2.3;3.2;3.2
12005;12044;1.25;5.5;12.0
12006;12045;2.0;2.88;4.2
12007;12046;1.29;5.5;10.0
12008;12047;5.5;3.75;1.62
12009;12048;3.25;1.73;4.5
12010;12049;3.8;3.3;2.0
12011;12050;2.6;3.4;2.6
12012;12051;15.0;6.0;1.2
12013;12052;5.0;3.75;1.67
12014;12053;2.7;2.25;3.4
12015;12054;2.15;3.4;3.3
12016;12055;1.4;4.0;10.0
12017;12056;1.8;3.3;5.0
12018;12057;1.3;5.0;11.0
12019;12058;1.8;3.5;4.5
12020;12059;1.4;4.5;7.5
12021;12060;1.3;5.0;11.0
12022;12061;1.7;3.6;5.0
12023;12062;1.36;4.5;9.0
12024;12063;1.33;4.8;9.5
12025;12064;3.75;2.05;3.25
12026;12065;2.15;3.1;3.6
12027;12066;2.0;3.2;4.0
12028;12067;15.0;6.0;1.2
12029;12068;2.2;3.0;3.6
12030;12069;4.33;3.5;1.83
12031;12070;5.0;3.4;1.75
12032;12071;15.0;6.0;1.2
12033;12072;2.5;3.2;2.8
12034;12073;2.38;3.0;3.2
12035;12074;3.3;3.2;2.25
12036;12075;1.83;3.2;4.8
12037;12076;1.8;3.2;5.0
12038;12077;3.3;3.2;2.25
12039;12078;3.1;3.1;2.4
12040;12079;1.5;4.0;7.0
12041;12080;1.36;4.33;10.0
12042;12081;1.57;3.75;6.0
12043;12082;2.62;3.1;2.8
12044;12083;2.2;3.1;3.5
12045;12084;2.8;3.1;2.62
12046;12085;2.2;3.2;3.4
12047;12086;2.9;3.0;2.6
12048;12087;3.75;3.1;2.1
12049;12088;2.15;3.5;3.25
12050;12089;1.67;3.4;6.0
12051;12090;1.91;3.3;4.2
12052;12091;2.45;3.3;2.88
12053;12092;1.67;4.0;4.6
12054;12093;2.15;3.25;3.5
12055;12094;2.3;3.2;3.2
12056;12095;2.25;3.1;3.4
12057;12096;2.5;3.1;2.9
12058;12097;1.75;3.4;5.0
12059;12098;2.25;3.1;3.4
12060;12099;1.7;3.6;5.0
12061;12100;1.67;3.5;5.5
12062;12101;2.4;3.1;3.1
12063;12102;2.9;3.1;2.5
12064;12103;3.5;3.1;2.2
12065;12104;1.95;3.1;4.33
12066;12105;2.15;3.25;3.4
12067;12106;2.45;3.1;3.0
12068;12107;1.67;3.5;5.5
12069;12108;2.2;3.25;3.3
12070;12109;2.45;3.3;2.88
12071;12110;1.53;3.75;7.0
12072;12111;4.0;3.3;1.95
12073;12112;1.53;4.0;6.0
12074;12113;6.5;4.0;1.5
12075;12114;1.85;3.3;4.5
12076;12115;2.05;3.2;3.8
12077;12116;2.0;3.25;3.9
12078;12117;3.0;3.2;2.4
12079;12118;3.0;3.75;2.15
12080;12119;1.57;3.75;6.0
12081;12120;1.75;3.5;4.75
12082;12121;2.4;3.2;3.0
12083;12122;2.1;3.25;3.5
12084;12123;2.15;3.2;3.5
12085;12124;1.5;4.0;6.5
12086;12125;3.8;3.3;2.0
12087;12126;5.25;3.5;1.7
12088;12127;2.2;3.2;3.4
12089;12128;1.57;3.75;6.0
12090;12129;1.36;4.5;9.0
12091;12130;2.7;3.2;2.6
12092;12131;1.57;4.0;5.5
12093;12132;2.05;3.25;3.75
12094;12133;2.2;3.2;3.4
12095;12134;2.1;3.2;3.6
12096;12135;2.5;3.0;3.0
12097;12136;1.5;4.2;6.5
12098;12137;4.75;3.6;1.75
12099;12138;1.7;3.75;4.8
12100;12139;2.0;3.4;3.75
12101;12140;3.4;3.6;2.05
12102;12141;1.4;4.5;8.0
12103;12142;1.85;3.4;4.4
12104;12143;7.0;4.0;1.5
12105;12144;2.05;3.25;3.8
12106;12145;3.5;3.5;2.05
12107;12146;1.8;3.4;4.75
12108;12147;2.62;3.2;2.7
12109;12148;2.5;3.2;2.88
12110;12149;2.15;3.2;3.5
12111;12150;1.2;6.5;13.0
12112;12151;2.7;3.1;2.7
12113;12152;1.8;3.6;4.4
12114;12153;1.29;5.5;9.5
12115;12154;3.1;3.1;2.4
12116;12155;2.15;3.1;3.6
12117;12156;2.15;3.1;3.6
12118;12157;1.6;3.5;6.5
12119;12158;2.8;3.0;2.7
12120;12159;2.1;3.1;3.8
12121;12160;1.29;5.0;12.0
12122;12161;5.0;3.4;1.75
12123;12162;2.0;3.2;4.0
12124;12163;4.0;3.2;2.0
12125;12164;2.7;3.1;2.7
12126;12165;2.1;3.25;3.6
12127;12166;2.15;3.25;3.5
12128;12167;2.9;3.25;2.45
12129;12168;3.8;3.3;2.0
12130;12169;1.4;4.5;8.0
12131;12170;2.25;3.3;3.2
12132;12171;1.3;5.0;10.0
12133;12172;1.75;3.6;4.6
12134;12173;2.25;3.3;3.2
12135;12174;1.22;6.0;13.0
12136;12175;4.0;3.2;2.0
12137;12176;2.05;3.2;3.8
12138;12177;8.0;4.5;1.4
12139;12178;1.44;4.0;8.0
12140;12179;1.5;4.0;7.0
12141;12180;1.44;4.0;8.0
12142;12181;3.0;3.0;2.5
12143;12182;2.3;3.0;3.4
12144;12183;1.83;3.1;5.0
12145;12184;2.7;3.1;2.7
12146;12185;4.2;3.2;1.95
12147;12186;1.83;3.2;5.0
12148;12187;5.0;3.2;1.83
12149;12188;2.0;3.2;4.0
12150;12189;1.5;3.75;7.5
12151;12190;2.4;3.1;3.1
12152;12191;1.4;4.2;9.0
12153;12192;1.33;4.33;12.0
12154;12193;3.1;3.1;2.4
12155;12194;1.83;3.2;5.0
12156;12195;8.0;4.0;1.44
12157;12196;1.95;3.3;4.0
12158;12197;2.05;3.0;4.2
12159;12198;1.73;3.5;5.0
12160;12199;6.0;3.4;1.67
12161;12200;1.57;3.5;7.0
12162;12201;1.95;3.3;4.0
12163;12202;1.75;3.2;5.5
12164;12203;2.25;3.0;3.5
12165;12204;2.5;3.0;3.0
12166;12205;2.75;3.0;2.75
12167;12206;2.38;3.2;3.0
12168;12207;1.44;4.0;8.0
12169;12208;2.25;3.2;3.2
12170;12209;1.2;6.0;15.0
12171;12210;1.57;3.2;6.0
12172;12211;2.38;3.2;3.0
12173;12212;1.95;3.2;4.2
12174;12213;1.91;3.4;4.0
12175;12214;2.0;3.2;4.0
12176;12215;7.5;4.2;1.44
12177;12216;2.15;3.2;3.5
12178;12217;3.6;3.2;2.1
12179;12218;2.7;3.1;2.7
12180;12219;2.7;3.1;2.7
12181;12220;2.9;3.1;2.5
12182;12221;1.25;5.5;13.0
12183;12222;2.6;3.1;2.8
12184;12223;4.33;3.2;1.91
12185;12224;1.83;3.1;5.0
12186;12225;2.15;3.1;3.6
12187;12226;2.4;3.1;3.1
12188;12227;1.33;4.8;10.0
12189;12228;2.15;3.1;3.6
12190;12229;1.7;3.4;5.5
12191;12230;2.5;3.0;3.0
12192;12231;1.44;4.0;8.0
12193;12232;1.4;4.2;9.0
12194;12233;2.1;3.1;3.8
12195;12234;1.83;3.3;4.5
12196;12235;1.95;3.1;4.33
12197;12236;3.0;3.0;2.5
12198;12237;8.0;4.0;1.44
12199;12238;3.8;3.2;2.05
12200;12239;1.44;4.0;8.0
12201;12240;3.0;3.0;2.5
12202;12241;1.36;4.33;10.0
12203;12242;2.5;3.0;3.0
12204;12243;5.5;3.2;1.75
12205;12244;2.9;3.0;2.62
12206;12245;2.15;3.2;3.6
12207;12246;2.25;3.2;3.3
12208;12247;2.9;3.25;2.45
12209;12248;4.5;3.4;1.83
12210;12249;4.0;3.5;1.91
12211;12250;1.36;4.75;8.5
12212;12251;1.4;4.5;8.0
12213;12252;1.44;4.4;7.0
12214;12253;2.0;3.25;4.0
12215;12254;2.0;3.4;3.8
12216;12255;2.25;3.2;3.3
12217;12256;3.6;3.4;2.05
12218;12257;1.5;4.0;7.0
12219;12258;3.8;3.3;2.0
12220;12259;2.4;3.1;3.1
12221;12260;1.2;6.0;15.0
12222;12261;5.0;3.8;1.67
12223;12262;2.9;3.0;2.6
12224;12263;1.18;6.5;17.0
12225;12264;2.8;3.3;2.5
12226;12265;1.8;3.25;5.0
12227;12266;1.8;3.25;5.0
12228;12267;1.36;4.5;9.0
12229;12268;1.3;5.0;11.0
12230;12269;1.36;4.5;9.0
12231;12270;5.5;3.3;1.73
12232;12271;4.0;3.3;1.95
12233;12272;5.0;3.4;1.75
12234;12273;2.4;3.0;3.2
12235;12274;2.0;3.2;4.0
12236;12275;3.3;3.1;2.3
12237;12276;2.4;3.1;3.1
12238;12277;1.44;4.0;8.0
12239;12278;3.0;3.0;2.5
12240;12279;1.91;3.2;4.33
12241;12280;4.5;3.3;1.85
12242;12281;1.44;4.0;8.0
12243;12282;2.7;3.0;2.8
12244;12283;1.67;3.3;6.0
12245;12284;2.7;3.0;2.8
12246;12285;1.5;3.6;8.0
12247;12286;1.67;3.25;6.5
12248;12287;2.2;3.0;3.6
12249;12288;1.57;3.4;7.5
12250;12289;1.91;3.1;4.5
12251;12290;2.4;3.1;3.1
12252;12291;10.0;4.0;1.4
12253;12292;2.05;3.1;4.0
12254;12293;4.0;3.2;2.0
12255;12294;1.4;4.0;10.0
12256;12295;1.36;4.5;9.0
12257;12296;1.17;7.0;17.0
12258;12297;2.15;3.2;3.6
12259;12298;3.4;3.0;2.3
12260;12299;1.8;3.3;5.0
12261;12300;6.0;3.6;1.62
12262;12301;2.62;2.9;3.0
12263;12302;1.36;4.5;9.5
12264;12303;2.5;3.1;3.0
12265;12304;2.8;3.0;2.7
12266;12305;1.83;3.2;5.0
12267;12306;1.44;4.0;8.0
12268;12307;2.2;3.0;3.6
12269;12308;2.5;3.0;3.0
12270;12309;1.3;5.0;11.0
12271;12310;2.5;3.0;3.0
12272;12311;3.1;3.1;2.4
12273;12312;6.5;4.2;1.5
12274;12313;1.5;3.6;8.0
12275;12314;1.3;5.0;11.0
12276;12315;2.0;3.2;4.0
12277;12316;2.1;3.1;3.8
12278;12317;2.1;3.0;4.0
12279;12318;1.7;3.2;6.0
12280;12319;4.0;3.0;2.1
12281;12320;1.91;3.2;4.33
12282;12321;6.5;3.5;1.6
12283;12322;3.5;3.1;2.2
12284;12323;1.95;3.1;4.33
12285;12324;2.5;3.0;3.0
12286;12325;1.67;3.5;5.5
12287;12326;2.3;3.2;3.2
12288;12327;1.4;4.5;8.0
12289;12328;2.2;3.0;3.6
12290;12329;1.73;3.6;4.75
12291;12330;1.83;3.4;4.5
12292;12331;2.9;3.1;2.5
12293;12332;2.38;3.2;3.0
12294;12333;2.0;3.2;4.0
12295;12334;1.62;3.6;6.0
12296;12335;2.3;3.0;3.4
12297;12336;2.3;3.0;3.4
12298;12337;1.57;3.5;7.0
12299;12338;3.5;3.2;2.15
12300;12339;8.0;4.0;1.44
12301;12340;2.8;3.0;2.7
12302;12341;3.4;3.0;2.3
12303;12342;1.85;3.3;4.5
12304;12343;2.4;3.0;3.2
12305;12344;1.44;4.0;8.5
12306;12345;1.5;3.6;8.0
12307;12346;2.4;3.0;3.2
12308;12347;1.85;3.3;4.5
12309;12348;1.67;3.3;6.0
12310;12349;2.05;3.1;4.0
12311;12350;8.0;4.0;1.44
12312;12351;1.62;3.6;6.0
12313;12352;2.5;3.0;3.0
12314;12353;6.5;3.4;1.62
12315;12354;1.62;3.4;6.5
12316;12355;1.44;4.4;7.0
12317;12356;2.25;3.2;3.3
12318;12357;3.3;3.4;2.15
12319;12358;1.67;3.6;5.5
12320;12359;2.5;3.3;2.8
12321;12360;1.4;4.5;8.0
12322;12361;2.88;3.3;2.4
12323;12362;2.4;3.1;3.1
12324;12363;4.4;3.5;1.83
12325;12364;1.83;3.5;4.4
12326;12365;2.15;2.8;4.2
12327;12366;2.1;3.25;3.6
12328;12367;3.0;3.1;2.45
12329;12368;1.8;3.5;4.6
12330;12369;2.25;3.3;3.2
12331;12370;4.6;3.5;1.8
12332;12371;1.33;4.5;10.0
12333;12372;2.62;3.2;2.75
12334;12373;1.4;4.5;8.0
12335;12374;1.67;3.6;5.5
12336;12375;2.4;3.1;3.1
12337;12376;1.91;3.1;4.5
12338;12377;1.75;3.2;5.5
12339;12378;1.44;4.0;8.0
12340;12379;2.8;3.1;2.6
12341;12380;2.25;3.1;3.4
12342;12381;4.5;3.1;1.91
12343;12382;2.75;3.1;2.62
12344;12383;2.2;3.1;3.5
12345;12384;6.0;3.75;1.57
12346;12385;1.4;4.33;9.0
12347;12386;2.5;3.0;3.1
12348;12387;1.17;7.0;17.0
12349;12388;3.8;3.1;2.1
12350;12389;3.1;3.1;2.4
12351;12390;6.0;3.4;1.67
12352;12391;1.8;3.3;5.0
12353;12392;1.8;3.3;5.0
12354;12393;2.62;3.0;2.9
12355;12394;1.73;3.3;5.5
12356;12395;1.36;4.33;10.0
12357;12396;2.5;3.0;3.0
12358;12397;1.4;4.2;9.0
12359;12398;2.5;3.0;3.0
12360;12399;3.2;3.2;2.3
12361;12400;1.85;3.3;4.5
12362;12401;3.2;3.2;2.3
12363;12402;6.0;3.6;1.62
12364;12403;1.62;3.6;6.0
12365;12404;3.1;3.1;2.4
12366;12405;1.17;7.0;15.0
12367;12406;2.2;3.1;3.5
12368;12407;2.1;3.0;4.0
12369;12408;2.5;3.3;2.75
12370;12409;1.3;5.0;10.0
12371;12410;3.75;3.3;2.0
12372;12411;3.1;3.3;2.3
12373;12412;2.25;3.3;3.2
12374;12413;2.0;3.3;3.75
12375;12414;1.8;3.3;5.0
12376;12415;2.3;3.3;3.1
12377;12416;2.5;3.0;3.0
12378;12417;3.5;3.0;2.25
12379;12418;2.2;3.1;3.5
12380;12419;8.0;4.0;1.44
12381;12420;3.3;3.25;2.25
12382;12421;1.8;3.5;4.5
12383;12422;2.3;3.2;3.2
12384;12423;3.2;3.2;2.3
12385;12424;1.85;3.3;4.5
12386;12425;1.2;5.5;19.0
12387;12426;2.5;3.2;2.88
12388;12427;1.44;4.5;7.0
12389;12428;1.7;3.6;5.0
12390;12429;2.62;3.1;2.8
12391;12430;1.91;3.3;4.2
12392;12431;8.0;4.0;1.44
12393;12432;1.6;3.6;6.0
12394;12433;1.67;3.8;5.0
12395;12434;2.9;3.0;2.62
12396;12435;2.05;3.2;3.8
12397;12436;3.6;3.4;2.05
12398;12437;4.33;3.4;1.85
12399;12438;1.53;3.75;7.0
12400;12439;2.5;3.2;2.8
12401;12440;1.75;3.4;5.0
12402;12441;6.5;3.5;1.62
12403;12442;3.3;3.3;2.2
12404;12443;2.05;3.6;3.4
12405;12444;2.2;3.3;3.3
12406;12445;2.15;3.6;3.2
12407;12446;1.5;4.4;6.0
12408;12447;1.25;6.0;11.0
12409;12448;1.5;4.75;5.5
12410;12449;4.0;3.4;1.95
12411;12450;1.22;6.5;11.0
12412;12451;4.33;4.0;1.73
12413;12452;1.75;4.0;4.2
12414;12453;1.29;5.5;10.0
12415;12454;3.75;4.0;1.85
12416;12455;2.88;3.3;2.45
12417;12456;2.15;3.25;3.5
12418;12457;2.15;3.25;3.5
12419;12458;2.15;3.3;3.4
12420;12459;2.75;3.2;2.62
12421;12460;1.83;3.5;4.4
12422;12461;1.15;7.5;17.0
12423;12462;2.6;3.3;2.7
12424;12463;2.15;3.5;3.25
12425;12464;4.4;3.6;1.8
12426;12465;3.6;3.2;2.15
12427;12466;7.0;4.0;1.5
12428;12467;1.91;3.3;4.2
12429;12468;1.6;3.75;6.0
12430;12469;2.62;3.1;2.6
12431;12470;1.17;6.5;17.0
12432;12471;1.91;3.4;4.0
12433;12472;3.8;3.2;2.05
12434;12473;2.05;3.2;3.8
12435;12474;1.91;3.3;3.8
12436;12475;2.7;3.1;2.7
12437;12476;3.6;3.3;2.05
12438;12477;2.1;3.2;3.6
12439;12478;1.6;3.6;6.0
12440;12479;4.8;3.25;1.83
12441;12480;2.0;3.2;4.0
12442;12481;1.44;4.33;7.5
12443;12482;1.36;4.5;9.0
12444;12483;4.2;3.3;1.91
12445;12484;6.5;3.4;1.62
12446;12485;2.25;3.2;3.3
12447;12486;2.25;3.2;3.3
12448;12487;2.3;3.1;3.3
12449;12488;2.4;3.1;3.1
12450;12489;1.62;3.6;6.0
12451;12490;2.4;3.1;3.1
12452;12491;1.29;4.5;15.0
12453;12492;1.67;3.3;6.0
12454;12493;2.5;3.0;3.0
12455;12494;1.95;3.2;4.2
12456;12495;2.75;3.0;2.75
12457;12496;2.0;3.3;3.75
12458;12497;3.2;3.3;2.25
12459;12498;2.1;3.3;3.5
12460;12499;2.5;3.2;2.88
12461;12500;2.5;3.2;2.88
12462;12501;1.75;3.4;5.0
12463;12502;2.15;3.5;3.25
12464;12503;2.5;3.2;2.88
12465;12504;3.5;3.2;2.15
12466;12505;2.1;3.2;3.6
12467;12506;1.91;3.1;4.5
12468;12507;3.6;3.2;2.1
12469;12508;1.5;4.0;7.0
12470;12509;1.22;5.5;15.0
12471;12510;1.85;3.3;4.5
12472;12511;1.36;4.5;9.0
12473;12512;3.2;3.2;2.3
12474;12513;2.4;3.1;3.1
12475;12514;3.2;3.2;2.3
12476;12515;2.15;3.25;3.5
12477;12516;3.1;3.1;2.4
12478;12517;6.0;4.0;1.55
12479;12518;3.6;3.4;2.05
12480;12519;1.91;3.5;4.0
12481;12520;2.2;3.2;3.4
12482;12521;1.75;3.6;4.75
12483;12522;2.38;3.4;2.9
12484;12523;3.1;3.3;2.3
12485;12524;1.83;3.5;4.4
12486;12525;3.0;3.0;2.5
12487;12526;2.5;3.0;3.0
12488;12527;8.0;4.0;1.44
12489;12528;1.62;3.6;6.0
12490;12529;1.53;3.75;7.0
12491;12530;2.4;3.1;3.1
12492;12531;3.4;3.1;2.25
12493;12532;2.9;3.0;2.62
12494;12533;1.91;3.3;4.2
12495;12534;2.0;3.2;4.0
12496;12535;2.3;3.2;3.2
12497;12536;1.95;3.1;4.33
12498;12537;3.3;3.3;2.2
12499;12538;2.7;3.1;2.7
12500;12539;1.5;4.0;7.0
12501;12540;1.25;5.5;12.0
12502;12541;2.25;3.1;3.4
12503;12542;1.5;3.75;7.5
12504;12543;2.7;3.1;2.7
12505;12544;2.2;3.1;3.5
12506;12545;4.33;3.5;1.83
12507;12546;4.4;3.1;1.95
12508;12547;2.2;3.2;3.4
12509;12548;3.25;3.3;2.2
12510;12549;4.0;3.1;2.05
12511;12550;2.8;2.87;2.8
12512;12551;1.4;4.75;7.5
12513;12552;2.2;3.3;3.3
12514;12553;1.8;3.4;4.75
12515;12554;2.0;3.3;3.75
12516;12555;3.5;3.1;2.2
12517;12556;3.4;3.0;2.3
12518;12557;3.6;3.1;2.15
12519;12558;2.2;3.1;3.5
12520;12559;1.3;5.0;11.0
12521;12560;1.62;3.6;6.0
12522;12561;1.91;3.4;4.0
12523;12562;1.85;3.2;4.8
12524;12563;3.5;3.0;2.25
12525;12564;2.1;3.2;3.6
12526;12565;1.67;3.4;6.0
12527;12566;1.91;3.2;4.33
12528;12567;3.5;3.3;2.1
12529;12568;2.9;3.1;2.5
12530;12569;2.7;3.1;2.7
12531;12570;1.53;3.75;7.0
12532;12571;1.33;4.5;11.0
12533;12572;3.5;1.2;2.15
12534;12573;1.33;4.8;10.0
12535;12574;1.95;3.1;4.33
12536;12575;7.0;3.75;1.53
12537;12576;4.0;3.2;2.0
12538;12577;2.4;3.0;3.2
12539;12578;3.6;3.4;2.05
12540;12579;1.33;4.5;11.0
12541;12580;1.62;3.6;6.0
12542;12581;2.7;3.2;2.62
12543;12582;2.05;3.2;3.75
12544;12583;2.3;3.2;3.2
12545;12584;2.0;3.2;4.0
12546;12585;2.4;3.1;3.1
12547;12586;8.0;4.5;1.4
12548;12587;1.53;4.0;6.0
12549;12588;2.4;3.1;3.1
12550;12589;2.15;3.1;3.6
12551;12590;1.3;5.0;11.0
12552;12591;1.8;3.5;4.5
12553;12592;1.91;3.1;4.5
12554;12593;1.57;3.8;6.0
12555;12594;2.05;3.1;4.0
12556;12595;9.0;4.6;1.36
12557;12596;3.0;2.9;2.6
12558;12597;1.91;3.5;4.0
12559;12598;1.91;3.2;4.33
12560;12599;1.44;4.33;7.5
12561;12600;1.91;3.2;4.33
12562;12601;1.61;3.6;6.0
12563;12602;2.0;3.25;4.0
12564;12603;4.0;3.25;2.0
12565;12604;4.2;3.25;1.95
12566;12605;2.15;3.1;3.6
12567;12606;1.67;3.6;5.5
12568;12607;1.75;3.4;5.0
12569;12608;2.4;3.1;3.1
12570;12609;1.67;3.4;6.0
12571;12610;2.8;3.1;2.62
12572;12611;2.15;3.1;3.6
12573;12612;1.91;3.2;4.5
12574;12613;2.15;3.1;3.6
12575;12614;2.8;3.1;2.62
12576;12615;4.5;3.2;1.91
12577;12616;4.0;3.1;2.05
12578;12617;3.5;3.1;2.2
12579;12618;2.4;3.1;3.1
12580;12619;1.17;6.5;19.0
12581;12620;2.62;3.1;2.8
12582;12621;1.57;3.6;7.0
12583;12622;3.6;3.1;2.15
12584;12623;2.7;3.0;2.8
12585;12624;2.2;3.1;3.5
12586;12625;2.3;3.2;3.2
12587;12626;6.0;3.8;1.57
12588;12627;1.6;3.6;6.0
12589;12628;2.2;3.3;3.3
12590;12629;1.5;4.0;7.0
12591;12630;1.4;4.5;8.0
12592;12631;1.36;4.5;9.0
12593;12632;1.36;4.5;9.0
12594;12633;2.8;3.1;2.62
12595;12634;2.5;3.0;3.0
12596;12635;2.5;3.0;3.1
12597;12636;1.67;3.4;6.0
12598;12637;1.14;7.0;26.0
12599;12638;1.4;4.5;8.0
12600;12639;1.95;3.2;4.2
12601;12640;2.05;3.1;4.0
12602;12641;2.5;3.0;3.1
12603;12642;2.3;3.2;3.2
12604;12643;1.83;3.2;5.0
12605;12644;2.05;3.1;4.0
12606;12645;2.25;3.1;3.4
12607;12646;1.5;4.0;7.0
12608;12647;3.4;3.1;2.25
12609;12648;1.83;3.4;4.5
12610;12649;3.1;3.1;2.4
12611;12650;8.0;4.2;1.44
12612;12651;7.0;3.75;1.53
12613;12652;5.5;3.5;1.7
12614;12653;1.55;4.0;6.0
12615;12654;2.15;3.0;3.8
12616;12655;1.5;3.75;8.0
12617;12656;1.57;3.8;6.0
12618;12657;2.45;3.1;3.0
12619;12658;1.57;3.8;6.0
12620;12659;1.36;4.5;10.0
12621;12660;1.83;3.4;4.5
12622;12661;3.75;3.2;2.1
12623;12662;1.8;3.3;5.0
12624;12663;3.0;3.1;2.5
12625;12664;1.4;4.5;8.0
12626;12665;1.83;3.2;5.0
12627;12666;1.8;3.3;5.0
12628;12667;3.2;3.2;2.3
12629;12668;1.95;3.3;4.0
12630;12669;3.3;3.3;2.2
12631;12670;15.0;5.0;1.25
12632;12671;3.1;3.1;2.4
12633;12672;3.8;3.25;2.05
12634;12673;1.29;5.0;12.0
12635;12674;2.7;3.0;2.8
12636;12675;1.18;6.5;15.0
12637;12676;1.44;4.33;7.0
12638;12677;2.0;3.2;4.0
12639;12678;2.4;3.1;3.1
12640;12679;3.25;3.1;2.3
12641;12680;1.67;3.4;6.0
12642;12681;5.0;3.2;1.8
12643;12682;1.57;3.75;6.0
12644;12683;1.83;3.1;5.0
12645;12684;4.0;3.2;2.0
12646;12685;2.3;3.1;3.3
12647;12686;2.25;3.1;3.4
12648;12687;2.0;3.2;4.0
12649;12688;3.1;3.1;2.4
12650;12689;3.3;3.2;2.25
12651;12690;2.9;3.1;2.5
12652;12691;3.3;3.1;2.3
12653;12692;1.67;3.6;5.5
12654;12693;2.5;3.1;2.9
12655;12694;3.1;3.1;2.4
12656;12695;3.2;3.1;2.3
12657;12696;1.83;3.5;4.33
12658;12697;2.1;3.1;3.75
12659;12698;2.25;3.1;3.4
12660;12699;1.67;3.3;6.0
12661;12701;3.1;3.1;2.4
12662;12702;5.0;3.1;1.85
12663;12703;1.25;5.0;15.0
12664;12704;2.7;3.1;2.7
12665;12705;1.36;4.8;8.5
12666;12706;1.95;3.2;4.2
12667;12707;2.5;3.1;3.0
12668;12708;4.5;3.2;1.91
12669;12709;3.1;3.0;2.5
12670;12710;1.95;3.4;4.0
12671;12711;4.5;3.4;1.85
12672;12712;1.62;3.6;6.0
12673;12713;1.67;3.4;6.0
12674;12714;2.4;3.1;3.1
12675;12715;1.4;4.5;8.0
12676;12716;1.8;3.75;4.2
12677;12717;3.25;3.25;2.25
12678;12718;1.29;5.0;12.0
12679;12719;1.44;4.4;7.0
12680;12720;2.7;3.1;2.7
12681;12721;2.3;3.2;3.2
12682;12722;6.0;3.6;1.62
12683;12723;2.05;3.25;3.8
12684;12724;4.0;3.25;2.0
12685;12725;1.85;3.5;4.33
12686;12726;2.2;3.1;3.6
12687;12727;1.4;4.5;8.0
12688;12728;4.33;3.5;1.83
12689;12729;2.45;3.25;2.9
12690;12730;2.2;3.3;3.3
12691;12731;1.25;6.0;11.0
12692;12732;1.67;3.6;5.5
12693;12733;2.7;3.1;2.7
12694;12734;2.0;3.3;3.75
12695;12735;3.3;3.1;2.3
12696;12736;2.8;3.0;2.7
12697;12737;2.8;3.0;2.7
12698;12738;2.8;3.2;2.5
12699;12739;3.2;3.2;2.3
12700;12740;4.0;3.2;2.0
12701;12741;1.3;5.0;11.0
12702;12742;2.7;3.1;2.7
12703;12743;1.91;3.3;4.2
12704;12744;3.3;3.2;2.25
12705;12745;1.95;3.5;3.8
12706;12746;2.7;3.0;2.8
12707;12747;1.5;4.0;7.0
12708;12748;2.05;3.3;3.75
12709;12749;3.3;3.2;2.25
12710;12750;11.0;5.0;1.3
12711;12751;2.38;3.0;3.3
12712;12752;2.8;3.0;2.7
12713;12753;2.0;3.2;4.0
12714;12754;2.2;3.1;3.5
12715;12755;1.4;4.2;9.0
12716;12756;1.57;3.6;7.0
12717;12757;2.25;3.1;3.4
12718;12758;1.44;4.5;7.0
12719;12759;2.0;3.2;4.0
12720;12760;2.3;3.2;3.2
12721;12761;3.8;3.5;1.95
12722;12762;1.62;3.5;6.5
12723;12763;3.0;3.0;2.5
12724;12764;2.3;3.0;3.4
12725;12765;1.5;4.0;7.0
12726;12766;1.57;3.6;6.5
12727;12767;1.4;4.5;8.0
12728;12768;2.6;3.1;2.8
12729;12769;4.0;3.2;2.0
12730;12770;3.1;3.1;2.4
12731;12771;3.2;3.2;2.25
12732;12772;2.5;3.1;2.9
12733;12773;1.53;4.33;5.5
12734;12774;2.25;3.2;3.2
12735;12775;2.8;3.0;2.7
12736;12776;2.15;3.3;3.4
12737;12777;1.73;3.4;5.5
12738;12778;2.0;3.2;4.0
12739;12779;1.67;3.6;5.5
12740;12780;3.2;3.2;2.3
12741;12781;4.5;3.4;1.83
12742;12782;1.25;5.5;12.0
12743;12783;4.6;3.5;1.8
12744;12784;2.7;3.0;2.8
12745;12785;1.4;4.5;8.0
12746;12786;1.44;4.2;8.0
12747;12787;1.83;3.5;4.2
12748;12788;1.57;3.8;6.0
12749;12789;3.0;3.1;2.5
12750;12790;4.8;3.75;1.7
12751;12791;1.55;4.33;5.5
12752;12792;2.7;3.1;2.7
12753;12793;1.67;3.6;5.5
12754;12794;2.2;3.3;3.3
12755;12795;2.2;3.1;3.6
12756;12796;1.62;3.6;6.0
12757;12797;2.7;3.1;2.7
12758;12798;2.3;3.2;3.1
12759;12799;1.85;3.5;4.33
12760;12800;8.0;5.0;1.36
12761;12801;4.0;3.1;2.05
12762;12802;2.5;3.2;2.88
12763;12803;2.62;3.1;2.8
12764;12804;2.4;3.1;3.1
12765;12805;1.17;7.0;17.0
12766;12806;1.73;3.6;4.8
12767;12807;2.62;3.2;2.7
12768;12808;2.62;3.0;2.9
12769;12809;2.3;3.0;3.4
12770;12810;3.1;3.1;2.4
12771;12811;3.1;3.3;2.3
12772;12812;2.1;3.3;3.5
12773;12814;1.3;5.0;11.0
12774;12815;2.2;3.2;3.4
12775;12816;2.5;3.3;2.8
12776;12817;3.5;3.3;2.1
12777;12818;2.7;3.1;2.7
12778;12819;2.62;3.3;2.62
12779;12820;3.0;3.1;2.5
12780;12821;2.5;3.1;3.0
12781;12822;2.5;3.2;2.9
12782;12823;2.05;3.3;3.75
12783;12824;2.5;3.2;2.9
12784;12825;1.36;5.0;8.0
12785;12826;1.4;4.5;8.0
12786;12827;1.57;3.75;6.0
12787;12828;2.9;3.1;2.5
12788;12829;5.0;3.5;1.73
12789;12830;2.9;3.1;2.5
12790;12831;1.4;4.5;8.0
12791;12832;1.36;5.0;8.0
12792;12833;2.3;3.2;3.2
12793;12834;2.62;3.1;2.75
12794;12835;4.6;3.5;1.8
12795;12836;1.44;4.0;8.0
12796;12837;2.05;3.4;3.6
12797;12838;1.44;4.0;8.0
12798;12839;1.11;8.5;23.0
12799;12840;1.85;3.3;4.5
12800;12841;1.44;4.0;8.0
12801;12842;3.8;3.3;2.0
12802;12843;1.95;3.25;4.2
12803;12844;6.5;3.6;1.57
12804;12845;6.0;3.4;1.67
12805;12846;2.3;3.1;3.3
12806;12847;2.7;3.1;2.7
12807;12848;1.44;4.0;8.0
12808;12849;3.1;3.1;2.4
12809;12850;1.36;4.5;9.0
12810;12851;4.5;3.4;1.83
12811;12852;2.8;3.1;2.62
12812;12853;2.25;3.1;3.4
12813;12854;2.4;3.1;3.1
12814;12855;2.5;3.0;3.0
12815;12856;2.15;3.2;3.5
12816;12857;1.95;3.1;4.5
12817;12858;1.5;4.0;7.0
12818;12859;1.44;4.0;8.0
12819;12860;1.53;3.75;7.0
12820;12861;1.95;3.2;4.2
12821;12862;1.91;3.3;4.2
12822;12863;1.53;3.6;7.5
12823;12864;2.6;3.0;2.9
12824;12865;2.62;3.1;2.8
12825;12866;2.1;3.0;4.0
12826;12867;2.1;3.0;4.0
12827;12868;3.3;3.2;2.25
12828;12869;2.6;3.0;2.9
12829;12870;1.73;3.5;5.0
12830;12871;1.33;4.5;11.0
12831;12872;7.0;4.33;1.44
12832;12873;2.3;3.1;3.3
12833;12874;6.5;3.75;1.57
12834;12875;2.4;3.1;3.1
12835;12876;2.05;3.25;3.75
12836;12877;1.22;6.0;13.0
12837;12878;1.8;3.4;4.8
12838;12879;2.1;3.3;3.5
12839;12880;1.44;4.0;8.0
12840;12881;1.73;3.5;5.0
12841;12882;3.6;3.4;2.05
12842;12883;1.85;3.4;4.5
12843;12884;4.2;3.4;1.91
12844;12885;3.5;3.6;2.0
12845;12886;1.73;3.5;5.0
12846;12887;7.0;3.75;1.53
12847;12888;3.2;3.3;2.25
12848;12889;1.73;3.75;4.6
12849;12890;1.91;3.4;4.2
12850;12891;1.2;6.5;13.0
12851;12892;2.25;3.2;3.3
12852;12893;1.91;3.4;4.0
12853;12894;2.2;3.1;3.5
12854;12895;2.2;3.1;3.5
12855;12896;3.4;3.1;2.25
12856;12897;5.0;3.5;1.73
12857;12898;1.5;4.0;7.0
12858;12899;1.3;5.0;11.0
12859;12900;1.5;4.0;7.0
12860;12901;2.25;3.1;3.4
12861;12902;1.8;3.3;5.0
12862;12903;4.5;3.4;1.83
12863;12904;3.0;3.25;2.38
12864;12905;4.75;3.4;1.8
12865;12906;2.4;3.1;3.1
12866;12907;4.2;3.25;1.95
12867;12908;1.7;3.5;5.5
12868;12909;1.3;5.5;9.5
12869;12910;1.4;4.5;8.0
12870;12911;2.25;3.3;3.2
12871;12912;4.75;3.4;1.8
12872;12913;2.0;3.25;4.0
12873;12914;2.8;3.0;2.7
12874;12915;2.3;3.1;3.3
12875;12916;2.1;3.1;3.8
12876;12917;1.25;5.5;13.0
12877;12918;4.5;3.4;1.85
12878;12919;2.8;3.1;2.62
12879;12920;1.6;3.4;7.0
12880;12921;2.05;3.1;4.0
12881;12922;2.3;3.1;3.3
12882;12923;2.38;3.1;3.2
12883;12924;4.75;3.4;1.8
12884;12925;3.4;3.1;2.25
12885;12926;2.3;3.1;3.3
12886;12927;1.7;3.6;5.0
12887;12928;1.29;5.0;12.0
12888;12929;2.4;3.1;3.1
12889;12930;2.0;3.2;4.0
12890;12931;3.6;3.4;2.05
12891;12932;1.73;3.5;5.0
12892;12933;2.7;3.1;2.7
12893;12934;2.62;3.1;2.8
12894;12935;5.0;3.3;1.8
12895;12936;2.8;3.0;2.7
12896;12937;1.5;4.0;7.0
12897;12938;2.05;3.1;4.0
12898;12939;8.0;4.2;1.44
12899;12940;1.22;5.5;17.0
12900;12941;1.62;3.3;7.0
12901;12942;1.5;4.0;7.0
12902;12943;2.2;3.3;3.3
12903;12944;2.2;3.1;3.5
12904;12945;3.0;3.25;2.38
12905;12946;2.5;3.3;2.8
12906;12947;1.6;3.75;6.0
12907;12948;1.62;3.6;6.0
12908;12949;1.7;3.5;5.5
12909;12950;6.0;3.75;1.6
12910;12951;1.5;4.2;6.5
12911;12952;3.6;3.3;2.1
12912;12953;1.67;3.4;6.0
12913;12954;1.83;3.2;5.0
12914;12955;7.0;4.0;1.5
12915;12956;5.0;3.3;1.8
12916;12957;1.5;4.0;7.0
12917;12958;2.9;3.1;2.5
12918;12959;2.7;3.1;2.7
12919;12960;1.67;3.75;5.0
12920;12961;3.4;3.1;2.25
12921;12962;2.5;3.1;2.9
12922;12963;2.7;3.1;2.7
12923;12964;2.5;3.0;3.1
12924;12965;1.73;3.3;5.5
12925;12966;1.95;3.2;4.33
12926;12967;1.67;3.4;6.0
12927;12968;1.5;4.0;7.0
12928;12969;1.36;4.5;10.0
12929;12970;1.62;3.8;5.5
12930;12971;1.8;3.3;5.0
12931;12972;2.4;3.2;3.0
12932;12973;4.0;3.25;2.0
12933;12974;5.5;3.6;1.67
12934;12975;2.38;3.0;3.25
12935;12976;10.0;4.0;1.4
12936;12977;1.5;4.0;7.0
12937;12978;5.0;3.5;1.75
12938;12979;2.7;3.1;2.7
12939;12980;1.8;3.3;5.0
12940;12981;1.5;4.2;6.5
12941;12982;2.15;3.2;3.5
12942;12983;1.73;3.5;5.0
12943;12984;3.4;3.1;2.25
12944;12985;3.4;3.1;2.25
12945;12986;2.25;3.2;3.3
12946;12987;1.17;7.0;17.0
12947;12988;1.4;4.5;8.0
12948;12989;1.5;4.0;7.0
12949;12990;1.4;4.5;8.0
12950;12991;4.4;3.6;1.8
12951;12992;1.57;3.75;6.5
12952;12993;2.3;3.1;3.3
12953;12994;2.3;3.1;3.3
12954;12995;2.4;3.1;3.1
12955;12996;2.9;3.2;2.5
12956;12997;1.85;3.4;4.5
12957;12998;11.0;6.0;1.25
12958;12999;2.25;3.2;3.3
12959;13000;1.6;4.0;5.5
12960;13001;2.0;3.3;3.8
12961;13002;7.0;4.0;1.5
12962;13003;1.91;3.3;4.33
12963;13004;1.8;3.3;5.0
12964;13005;2.25;3.0;3.5
12965;13006;4.75;3.6;1.75
12966;13007;3.6;3.0;2.25
12967;13008;2.1;3.1;3.8
12968;13009;1.53;4.0;6.5
12969;13010;1.5;4.0;7.0
12970;13011;2.7;2.9;2.9
12971;13012;2.62;3.0;2.88
12972;13013;2.2;3.1;3.5
12973;13014;2.6;2.9;3.0
12974;13015;2.5;3.2;2.9
12975;13016;1.29;5.0;12.0
12976;13017;1.4;4.5;8.0
12977;13018;3.6;3.25;2.1
12978;13019;6.5;3.8;1.55
12979;13020;3.6;3.2;2.15
12980;13021;1.8;3.4;4.75
12981;13022;2.62;3.1;2.8
12982;13023;1.29;5.5;10.0
12983;13024;3.3;3.2;2.25
12984;13025;1.91;3.2;4.5
12985;13026;1.4;4.5;8.0
12986;13027;1.7;3.3;6.0
12987;13028;3.0;3.0;2.5
12988;13029;3.1;3.1;2.4
12989;13030;7.0;4.0;1.5
12990;13031;1.67;3.4;6.0
12991;13032;1.83;3.4;4.5
12992;13033;2.7;3.1;2.7
12993;13034;1.3;5.0;11.0
12994;13035;3.1;3.1;2.4
12995;13036;1.25;5.5;13.0
12996;13037;1.53;3.75;7.0
12997;13038;2.5;3.1;3.0
12998;13039;7.0;3.6;1.57
12999;13040;3.1;3.1;2.4
13000;13041;2.3;3.1;3.3
13001;13042;2.2;3.2;3.4
13002;13043;2.5;3.0;3.1
13003;13044;2.45;3.25;2.9
13004;13045;3.1;3.1;2.4
13005;13046;1.44;4.2;8.0
13006;13047;1.57;3.6;7.0
13007;13048;1.22;6.0;13.0
13008;13049;4.0;3.4;1.95
13009;13050;4.0;3.4;1.95
13010;13051;3.2;3.2;2.3
13011;13052;2.7;3.1;2.7
13012;13053;2.1;3.25;3.6
13013;13054;1.17;7.0;17.0
13014;13055;1.75;3.5;5.0
13015;13056;2.4;3.1;3.1
13016;13057;3.5;3.25;2.15
13017;13058;4.33;3.3;1.91
13018;13059;13.0;5.5;1.25
13019;13060;2.6;3.2;2.75
13020;13061;1.85;3.4;4.5
13021;13062;1.44;4.2;8.0
13022;13063;1.57;3.75;6.5
13023;13064;2.2;3.1;3.5
13024;13065;2.2;3.0;3.75
13025;13066;1.57;3.8;6.0
13026;13067;1.67;3.5;5.5
13027;13068;1.53;4.0;6.5
13028;13069;2.3;3.1;3.3
13029;13070;2.25;3.0;3.5
13030;13071;4.33;3.5;1.85
13031;13072;2.7;3.0;2.8
13032;13073;3.1;3.1;2.4
13033;13074;1.6;3.5;5.5
13034;13075;2.38;3.1;2.88
13035;13076;2.05;3.1;3.6
13036;13077;3.8;3.1;2.1
13037;13078;6.5;3.5;1.62
13038;13079;5.0;3.5;1.75
13039;13080;1.62;3.6;6.0
13040;13081;1.33;5.0;9.0
13041;13082;1.6;3.75;6.0
13042;13083;2.1;3.1;3.8
13043;13084;2.38;3.0;3.25
13044;13085;2.75;3.2;2.62
13045;13086;1.65;4.0;5.0
13046;13087;3.0;3.1;2.45
13047;13088;2.0;3.4;3.8
13048;13089;1.6;3.75;6.0
13049;13090;2.9;3.4;2.38
13050;13091;4.5;3.4;1.85
13051;13092;1.75;3.6;4.8
13052;13093;1.75;3.6;4.75
13053;13094;1.95;3.1;4.5
13054;13095;1.2;6.0;17.0
13055;13096;2.0;3.2;4.0
13056;13097;2.1;3.3;3.6
13057;13098;7.0;3.75;1.53
13058;13099;2.4;3.0;3.2
13059;13100;3.1;3.1;2.4
13060;13101;1.3;5.0;11.0
13061;13102;2.5;3.2;2.9
13062;13103;3.3;3.2;2.25
13063;13104;1.6;3.75;6.0
13064;13105;1.6;3.75;6.0
13065;13106;1.95;3.4;4.0
13066;13107;1.33;5.0;9.0
13067;13108;3.8;3.25;2.05
13068;13109;9.0;5.0;1.33
13069;13110;4.33;3.5;1.85
13070;13111;2.2;3.3;3.3
13071;13112;1.36;4.4;10.0
13072;13113;2.4;3.1;3.1
13073;13114;4.2;3.75;1.8
13074;13115;1.67;3.8;5.0
13075;13116;8.0;4.5;1.4
13076;13117;2.9;3.4;2.38
13077;13118;2.2;3.3;3.3
13078;13119;1.4;4.4;8.5
13079;13120;1.6;4.0;5.5
13080;13121;1.6;3.8;6.0
13081;13122;1.83;3.5;4.4
13082;13123;2.25;3.1;3.4
13083;13124;2.25;3.0;3.5
13084;13125;2.2;3.3;3.3
13085;13126;1.95;3.1;4.5
13086;13127;6.0;3.8;1.57
13087;13128;1.3;5.0;11.0
13088;13129;1.75;3.5;5.0
13089;13130;4.5;3.1;1.95
13090;13131;2.0;3.2;4.0
13091;13132;1.73;3.5;5.0
13092;13133;1.91;3.3;4.33
13093;13134;1.3;4.8;13.0
13094;13135;1.57;3.6;7.0
13095;13136;1.85;3.4;4.5
13096;13137;3.3;3.1;2.3
13097;13138;6.5;4.0;1.53
13098;13139;2.2;3.2;3.4
13099;13140;3.4;3.2;2.2
13100;13141;1.62;3.8;5.5
13101;13142;2.9;3.0;2.62
13102;13143;1.83;3.4;4.5
13103;13144;1.91;3.3;4.33
13104;13145;1.36;4.6;9.0
13105;13146;2.1;3.1;3.8
13106;13147;2.9;3.25;2.45
13107;13148;2.0;3.4;3.75
13108;13149;1.25;6.0;11.0
13109;13150;5.0;4.0;1.65
13110;13151;3.8;3.1;2.1
13111;13152;3.3;3.3;2.2
13112;13153;2.05;3.4;3.6
13113;13154;1.95;3.2;4.33
13114;13155;1.7;3.5;5.0
13115;13156;1.75;3.5;5.0
13116;13157;2.8;2.9;2.8
13117;13158;3.1;3.1;2.4
13118;13159;2.8;3.1;2.62
13119;13160;1.14;7.5;21.0
13120;13161;5.0;3.5;1.75
13121;13162;1.83;3.5;4.33
13122;13163;2.8;2.9;2.8
13123;13164;2.7;3.1;2.7
13124;13165;1.25;5.5;13.0
13125;13166;1.5;4.0;7.0
13126;13167;3.3;3.3;2.2
13127;13168;1.83;3.4;4.5
13128;13169;1.85;3.4;4.5
13129;13170;3.4;3.3;2.15
13130;13171;1.5;4.0;7.0
13131;13172;2.0;3.2;4.0
13132;13173;1.5;4.0;7.0
13133;13174;2.0;3.2;4.0
13134;13175;1.85;3.4;4.5
13135;13176;2.3;3.2;3.2
13136;13177;3.6;3.2;2.15
13137;13178;2.8;3.1;2.62
13138;13179;5.0;3.5;1.75
13139;13180;2.5;3.3;2.8
13140;13181;2.4;3.1;3.1
13141;13182;2.1;3.3;3.6
13142;13183;1.44;4.2;8.0
13143;13184;1.17;7.0;15.0
13144;13185;2.4;3.1;3.1
13145;13186;1.29;5.0;12.0
13146;13187;3.75;3.3;2.0
13147;13188;1.29;5.5;10.0
13148;13189;1.57;4.0;5.5
13149;13190;2.62;3.25;2.62
13150;13191;4.8;3.75;1.7
13151;13192;1.95;3.3;4.0
13152;13193;2.0;3.3;3.8
13153;13194;1.25;6.0;11.0
13154;13195;1.36;5.0;8.0
13155;13196;2.4;2.88;3.2
13156;13197;6.0;4.0;1.55
13157;13198;2.5;3.25;2.8
13158;13199;3.75;3.4;2.0
13159;13200;6.0;5.0;1.44
13160;13201;2.0;3.3;3.75
13161;13202;3.75;3.75;1.91
13162;13203;3.6;3.4;2.05
13163;13204;1.95;3.3;4.0
13164;13205;2.1;3.5;3.2
13165;13206;2.4;3.5;2.8
13166;13207;2.15;3.3;3.4
13167;13208;1.1;8.5;26.0
13168;13209;1.17;6.5;13.0
13169;13210;1.85;3.75;4.0
13170;13211;3.2;3.6;2.15
13171;13212;1.29;5.5;10.0
13172;13213;2.38;3.5;2.88
13173;13214;2.05;3.25;3.8
13174;13215;2.0;3.2;4.0
13175;13216;4.33;3.3;1.91
13176;13217;3.5;3.1;2.2
13177;13218;5.0;3.1;1.85
13178;13219;1.75;3.5;5.0
13179;13220;1.85;3.5;4.2
13180;13221;1.44;4.2;8.0
13181;13222;1.85;3.3;4.5
13182;13223;2.2;3.2;3.4
13183;13224;6.5;4.0;1.53
13184;13225;2.9;3.0;2.62
13185;13226;2.2;3.2;3.4
13186;13227;1.5;4.0;7.0
13187;13228;1.4;4.5;8.0
13188;13229;1.18;6.5;17.0
13189;13230;1.75;3.5;5.0
13190;13231;2.2;3.1;3.5
13191;13232;4.2;3.6;1.83
13192;13233;3.2;3.2;2.3
13193;13234;2.2;3.3;3.3
13194;13235;2.5;3.0;3.1
13195;13236;3.1;3.3;2.3
13196;13237;3.2;3.2;2.3
13197;13238;3.6;3.3;2.1
13198;13239;1.85;3.4;4.5
13199;13240;2.3;3.1;3.3
13200;13241;1.29;5.0;12.0
13201;13242;2.3;3.1;3.3
13202;13243;1.83;3.4;4.5
13203;13244;3.4;3.1;2.25
13204;13245;2.15;3.1;3.6
13205;13246;2.5;3.1;2.9
13206;13247;1.67;3.3;6.0
13207;13248;1.25;5.5;13.0
13208;13249;1.33;4.33;12.0
13209;13250;2.9;3.1;2.5
13210;13251;4.0;3.1;2.05
13211;13252;4.0;3.1;2.05
13212;13253;2.5;3.1;2.9
13213;13254;1.8;3.3;5.0
13214;13255;2.62;3.0;2.9
13215;13256;3.1;3.1;2.4
13216;13257;2.05;3.0;4.2
13217;13258;2.4;3.1;3.1
13218;13259;2.7;3.0;2.8
13219;13260;1.75;3.5;5.0
13220;13261;1.4;4.5;8.0
13221;13262;3.0;3.1;2.5
13222;13263;2.4;3.1;3.1
13223;13264;2.25;3.1;3.4
13224;13265;4.5;3.3;1.85
13225;13266;2.5;3.1;2.9
13226;13267;2.6;3.1;2.8
13227;13268;1.36;4.2;11.0
13228;13269;2.0;3.1;4.2
13229;13270;1.83;3.2;4.8
13230;13271;3.75;3.1;2.1
13231;13272;2.0;3.2;4.0
13232;13273;1.73;3.3;5.5
13233;13274;2.3;3.4;2.5
13234;13275;2.3;3.4;2.5
13235;13276;5.5;3.6;1.5
13236;13277;1.55;3.6;5.0
13237;13278;3.6;3.3;1.83
13238;13279;4.2;3.4;1.7
13239;13280;1.85;3.4;3.4
13240;13281;3.6;3.4;1.8
13241;13282;1.65;3.6;4.1
13242;13283;3.9;3.2;1.8
13243;13284;2.62;3.3;2.25
13244;13285;1.8;3.4;3.6
13245;13286;2.05;3.4;2.9
13246;13287;2.3;3.3;2.6
13247;13288;1.17;5.5;12.0
13248;13289;1.2;5.5;9.0
13249;13290;1.62;3.5;4.5
13250;13291;3.6;3.4;1.8
13251;13292;1.4;3.75;7.0
13252;13293;2.2;3.3;2.75
13253;13294;1.55;3.6;5.0
13254;13295;1.65;3.4;4.4
13255;13296;2.62;3.3;2.25
13256;13297;2.05;3.3;3.0
13257;13298;1.2;5.0;11.0
13258;13299;4.2;3.5;1.65
13259;13300;2.0;3.3;3.1
13260;13301;3.1;3.4;2.05
13261;13302;1.85;3.3;3.9
13262;13303;2.0;3.25;3.4
13263;13304;1.25;5.0;10.0
13264;13305;2.25;3.2;2.9
13265;13306;2.25;3.3;2.8
13266;13307;1.35;4.6;7.0
13267;13308;3.1;3.2;2.15
13268;13309;1.85;3.25;3.9
13269;13310;1.29;4.5;8.0
13270;13311;2.4;3.25;2.5
13271;13312;4.75;3.4;1.6
13272;13313;2.15;3.3;2.8
13273;13314;2.5;3.25;2.4
13274;13315;2.8;3.3;2.15
13275;13316;1.36;4.0;7.0
13276;13317;3.0;3.3;2.05
13277;13318;2.4;3.4;2.4
13278;13319;2.5;3.25;2.4
13279;13320;1.6;3.4;4.8
13280;13321;1.33;4.33;7.0
13281;13322;1.95;3.4;3.1
13282;13323;1.14;6.0;12.0
13283;13324;7.0;3.75;1.4
13284;13325;1.29;4.5;8.0
13285;13326;1.83;3.2;3.75
13286;13327;1.25;4.8;8.5
13287;13328;1.4;3.75;7.0
13288;13329;2.4;3.4;2.4
13289;13330;1.33;4.33;7.0
13290;13331;2.38;3.3;2.5
13291;13332;2.8;3.3;2.15
13292;13333;4.2;3.4;1.7
13293;13334;1.83;3.4;3.5
13294;13335;1.22;5.0;9.0
13295;13336;2.4;3.4;2.4
13296;13337;1.33;4.33;7.0
13297;13338;1.3;4.5;7.5
13298;13339;1.5;3.6;5.5
13299;13340;2.9;3.3;2.1
13300;13341;2.4;3.25;2.5
13301;13342;1.44;3.75;6.0
13302;13343;2.25;3.2;2.75
13303;13344;6.5;4.0;1.4
13304;13345;1.57;3.6;4.8
13305;13346;2.0;3.3;3.1
13306;13347;1.91;3.3;3.4
13307;13348;1.62;3.75;4.2
13308;13349;1.8;3.4;3.6
13309;13350;1.5;3.6;5.5
13310;13351;1.14;6.0;12.0
13311;13352;1.33;4.33;7.0
13312;13353;1.73;3.4;4.0
13313;13354;2.15;3.3;2.8
13314;13355;1.91;3.4;3.25
13315;13356;2.2;3.4;2.62
13316;13357;2.15;3.3;2.8
13317;13358;1.33;4.2;7.5
13318;13359;1.8;3.4;3.6
13319;13360;4.0;3.4;1.73
13320;13361;2.62;3.4;2.2
13321;13362;8.0;4.5;1.29
13322;13363;3.5;3.4;1.83
13323;13364;1.57;3.5;5.0
13324;13365;1.4;3.75;7.0
13325;13366;1.12;6.5;12.0
13326;13367;1.53;3.5;5.5
13327;13368;1.57;3.5;5.0
13328;13369;2.38;3.3;2.5
13329;13370;2.2;3.2;2.8
13330;13371;3.5;3.2;1.91
13331;13372;3.4;3.25;1.91
13332;13373;1.3;4.25;8.0
13333;13374;1.16;5.5;12.0
13334;13375;3.5;3.4;1.85
13335;13376;1.6;3.6;4.5
13336;13377;1.3;4.33;8.0
13337;13378;2.5;3.25;2.4
13338;13379;1.7;3.5;4.0
13339;13380;1.55;3.6;5.0
13340;13381;1.36;4.0;7.0
13341;13382;1.73;3.5;3.8
13342;13383;3.1;3.3;2.0
13343;13384;1.25;4.5;10.0
13344;13385;2.1;3.4;2.8
13345;13386;1.5;3.6;5.5
13346;13387;1.4;3.75;7.0
13347;13388;6.0;3.75;1.44
13348;13389;2.0;3.4;3.0
13349;13390;7.0;4.0;1.36
13350;13391;2.88;3.3;2.1
13351;13392;1.53;3.75;4.8
13352;13393;1.12;6.5;12.0
13353;13394;1.44;3.6;6.5
13354;13395;1.83;3.3;3.6
13355;13396;1.4;4.0;6.5
13356;13397;1.53;3.6;5.0
13357;13398;1.12;6.5;12.0
13358;13399;1.12;6.5;12.0
13359;13400;1.73;3.4;4.0
13360;13401;1.14;6.0;12.0
13361;13402;1.57;3.75;4.5
13362;13403;2.4;3.4;2.4
13363;13404;1.5;3.6;5.5
13364;13405;4.5;3.5;1.62
13365;13406;2.25;3.3;2.62
13366;13407;7.0;4.33;1.33
13367;13408;5.25;3.7;1.5
13368;13409;2.4;3.25;2.5
13369;13410;2.0;3.3;3.1
13370;13411;2.2;3.2;2.8
13371;13412;1.17;5.5;12.0
13372;13413;2.0;3.2;3.2
13373;13414;1.57;3.5;5.0
13374;13415;2.5;3.25;2.4
13375;13416;2.62;3.3;2.25
13376;13417;1.33;4.33;7.0
13377;13418;1.73;3.4;4.0
13378;13419;1.33;4.0;8.0
13379;13420;2.38;3.3;2.5
13380;13421;6.0;3.4;1.5
13381;13422;2.62;3.3;2.25
13382;13423;1.8;3.4;3.6
13383;13424;4.5;3.5;1.62
13384;13425;3.3;3.25;1.95
13385;13426;1.1;6.5;15.0
13386;13427;1.44;3.75;6.0
13387;13428;1.91;3.3;3.3
13388;13429;1.67;3.5;4.2
13389;13430;1.62;3.5;4.5
13390;13431;1.6;3.4;4.8
13391;13432;3.1;3.3;2.0
13392;13433;1.22;5.0;10.0
13393;13434;2.8;3.2;2.2
13394;13435;1.8;3.4;3.6
13395;13436;1.8;3.4;3.6
13396;13437;4.2;3.5;1.67
13397;13438;2.3;3.2;2.62
13398;13439;1.73;3.4;4.0
13399;13441;6.0;3.75;1.44
13400;13442;2.25;3.3;2.62
13401;13443;3.0;3.2;2.1
13402;13444;2.25;3.3;2.62
13403;13445;1.44;3.75;6.0
13404;13446;1.91;3.3;3.4
13405;13447;1.22;5.0;9.5
13406;13448;5.5;3.6;1.5
13407;13449;1.83;3.3;3.6
13408;13450;2.75;3.3;2.2
13409;13451;3.5;3.4;1.83
13410;13452;1.12;6.5;12.0
13411;13453;2.6;3.3;2.3
13412;13454;5.0;3.5;1.57
13413;13455;1.53;3.6;5.0
13414;13456;1.36;4.0;7.0
13415;13457;2.1;3.3;2.88
13416;13458;1.83;3.3;3.6
13417;13459;1.44;3.75;6.0
13418;13460;3.6;3.4;1.8
13419;13461;2.38;3.3;2.5
13420;13462;1.6;3.4;4.8
13421;13463;3.4;3.5;1.83
13422;13464;2.3;3.3;2.6
13423;13465;1.14;6.0;12.0
13424;13466;3.75;3.3;1.8
13425;13467;4.8;3.4;1.6
13426;13468;5.5;3.6;1.5
13427;13469;2.62;3.3;2.25
13428;13470;1.6;3.4;4.8
13429;13471;3.75;3.2;1.83
13430;13472;2.05;3.4;2.9
13431;13473;1.85;3.3;3.6
13432;13474;2.5;3.25;2.4
13433;13475;3.0;3.3;2.05
13434;13476;2.5;3.25;2.4
13435;13477;2.1;3.3;2.9
13436;13478;1.9;3.3;3.4
13437;13479;3.6;3.4;1.8
13438;13480;2.15;3.2;2.85
13439;13481;3.8;3.5;1.73
13440;13482;2.38;3.1;2.62
13441;13483;2.1;3.3;2.88
13442;13484;1.4;3.75;7.0
13443;13485;1.29;4.5;8.0
13444;13486;1.5;3.8;5.0
13445;13487;1.33;4.33;7.0
13446;13488;1.33;4.33;7.0
13447;13489;1.12;6.5;12.0
13448;13490;2.38;3.3;2.5
13449;13491;1.83;3.4;3.5
13450;13492;1.14;6.0;12.0
13451;13493;2.62;3.3;2.25
13452;13494;2.5;3.3;2.38
13453;13495;2.05;3.3;3.0
13454;13496;2.6;3.4;2.25
13455;13497;2.1;3.2;3.0
13456;13498;2.3;3.2;2.62
13457;13499;1.7;3.5;4.0
13458;13500;1.85;3.5;3.3
13459;13501;2.05;3.4;2.9
13460;13502;2.4;3.25;2.5
13461;13503;5.0;3.6;1.53
13462;13504;2.88;3.3;2.1
13463;13505;2.0;3.4;3.0
13464;13506;1.8;3.4;3.6
13465;13507;1.4;3.75;7.0
13466;13508;1.6;3.4;4.8
13467;13510;2.5;3.25;2.4
13468;13511;1.8;3.4;3.6
13469;13512;7.0;3.75;1.4
13470;13513;1.33;4.33;7.0
13471;13514;1.67;3.4;4.33
13472;13515;1.22;5.0;9.5
13473;13516;1.6;3.4;4.8
13474;13517;1.8;3.3;3.75
13475;13518;1.67;3.4;4.33
13476;13519;6.0;3.75;1.44
13477;13520;2.15;3.2;2.88
13478;13521;2.38;3.3;2.5
13479;13522;1.91;3.3;3.3
13480;13523;1.4;3.75;7.0
13481;13524;2.5;3.1;2.5
13482;13525;2.0;3.2;3.2
13483;13526;1.11;6.5;15.0
13484;13527;2.4;3.25;2.5
13485;13528;1.4;3.75;7.0
13486;13529;2.5;3.25;2.4
13487;13530;2.3;3.3;2.6
13488;13531;1.2;5.0;11.0
13489;13532;2.25;3.2;2.75
13490;13533;1.65;3.5;4.2
13491;13534;2.4;3.25;2.5
13492;13536;2.1;3.4;2.8
13493;13537;1.14;6.0;12.0
13494;13538;2.2;3.3;2.75
13495;13540;2.4;3.4;2.4
13496;13541;4.5;3.75;1.57
13497;13542;1.67;3.5;4.2
13498;13543;2.75;3.4;2.15
13499;13544;1.57;3.75;4.5
13500;13545;1.33;4.33;7.0
13501;13546;3.0;3.25;2.05
13502;13547;3.0;3.4;2.0
13503;13548;1.53;3.5;5.5
13504;13549;1.57;3.5;5.0
13505;13550;5.5;3.6;1.5
13506;13551;2.5;3.3;2.38
13507;13552;2.4;3.25;2.5
13508;13553;1.85;3.5;3.4
13509;13554;1.12;6.5;12.0
13510;13555;1.29;4.5;8.0
13511;13556;1.6;3.6;4.4
13512;13557;1.3;4.33;8.0
13513;13558;2.25;3.25;2.7
13514;13559;1.5;3.6;5.5
13515;13560;2.6;3.4;2.25
13516;13561;2.6;3.4;2.25
13517;13562;2.87;3.3;2.1
13518;13563;6.0;3.75;1.44
13519;13564;3.0;3.3;2.05
13520;13565;2.3;3.25;2.6
13521;13566;3.1;3.4;1.95
13522;13567;2.15;3.3;2.8
13523;13568;4.8;3.6;1.57
13524;13569;1.36;4.0;7.0
13525;13570;2.5;3.3;2.37
13526;13571;2.6;3.25;2.3
13527;13572;2.25;3.4;2.6
13528;13573;1.3;4.5;7.5
13529;13574;2.5;3.6;2.25
13530;13575;1.7;3.5;4.0
13531;13576;2.5;3.3;2.37
13532;13577;3.0;3.4;2.0
13533;13578;2.1;3.4;2.8
13534;13579;1.7;3.5;4.0
13535;13580;2.5;3.4;2.3
13536;13581;2.75;3.4;2.15
13537;13582;4.8;3.6;1.57
13538;13583;6.0;3.75;1.44
13539;13584;1.1;7.0;15.0
13540;13585;1.57;3.6;4.8
13541;13586;2.6;3.4;2.25
13542;13587;3.0;3.4;2.0
13543;13588;1.36;4.0;7.0
13544;13589;1.25;5.0;10.0
13545;13590;1.12;7.0;15.0
13546;13591;2.0;3.3;3.4
13547;13592;2.0;3.3;3.4
13548;13593;2.62;3.4;2.4
13549;13594;4.5;3.5;1.7
13550;13595;1.8;3.5;4.0
13551;13596;2.25;3.3;2.88
13552;13597;2.05;3.4;3.2
13553;13598;1.5;3.75;6.0
13554;13599;1.3;4.8;9.0
13555;13600;1.4;4.0;7.5
13556;13601;2.05;3.4;3.2
13557;13602;1.29;4.5;10.0
13558;13603;1.83;3.3;4.0
13559;13604;3.0;3.3;2.2
13560;13605;6.0;3.6;1.53
13561;13606;2.8;3.3;2.3
13562;13607;2.3;3.4;2.75
13563;13608;1.17;6.5;12.0
13564;13609;1.57;3.6;5.5
13565;13610;5.5;3.5;1.6
13566;13611;2.75;3.4;2.3
13567;13612;1.44;3.75;6.0
13568;13613;2.4;3.4;2.6
13569;13614;2.25;3.4;2.8
13570;13615;2.3;3.4;2.75
13571;13616;2.0;3.2;3.5
13572;13617;1.91;3.25;3.75
13573;13618;1.83;3.5;3.8
13574;13619;1.44;4.0;6.5
13575;13620;2.4;3.2;2.62
13576;13621;1.8;3.2;4.33
13577;13622;1.83;3.5;3.75
13578;13623;7.5;4.0;1.4
13579;13624;1.67;3.5;5.0
13580;13625;1.22;5.5;11.0
13581;13626;3.2;3.3;2.1
13582;13627;3.6;3.3;1.95
13583;13628;1.65;3.6;4.75
13584;13629;1.2;5.5;13.0
13585;13630;1.28;4.5;10.0
13586;13631;1.7;3.5;4.5
13587;13632;1.9;3.4;3.75
13588;13633;2.15;3.25;3.1
13589;13634;7.5;4.33;1.36
13590;13635;1.33;4.5;8.0
13591;13636;6.0;3.75;1.5
13592;13637;1.36;4.33;7.5
13593;13639;7.0;4.2;1.4
13594;13640;1.83;3.5;3.75
13595;13641;4.0;3.5;1.8
13596;13642;1.8;3.4;4.0
13597;13643;1.85;3.3;4.0
13598;13644;1.33;4.5;8.5
13599;13645;1.75;3.4;4.4
13600;13646;1.61;3.5;5.0
13601;13647;9.0;5.0;1.28
13602;13648;5.5;3.75;1.55
13603;13649;5.5;3.75;1.55
13604;13650;1.61;3.6;5.0
13605;13651;2.3;3.25;2.85
13606;13652;1.2;6.0;11.0
13607;13653;1.44;3.75;6.0
13608;13654;2.37;3.25;2.5
13609;13655;1.35;4.5;7.5
13610;13656;1.61;3.4;5.5
13611;13657;2.62;3.2;2.5
13612;13658;2.2;3.25;3.1
13613;13659;2.4;3.2;2.75
13614;13660;2.5;3.2;2.62
13615;13661;1.25;5.0;11.0
13616;13662;2.4;3.3;2.7
13617;13663;1.28;4.5;11.0
13618;13664;1.8;3.5;4.0
13619;13665;6.5;4.0;1.4
13620;13666;3.25;3.25;2.1
13621;13667;1.91;3.4;3.6
13622;13668;6.5;4.0;1.44
13623;13669;2.1;3.4;3.1
13624;13670;1.17;6.0;15.0
13625;13671;1.33;4.5;8.0
13626;13672;2.5;3.4;2.5
13627;13673;2.9;3.25;2.25
13628;13674;1.83;3.4;3.6
13629;13675;1.57;3.6;5.5
13630;13676;2.0;3.25;3.5
13631;13677;3.5;3.4;1.95
13632;13678;3.75;3.5;1.83
13633;13679;1.12;6.5;12.0
13634;13680;2.6;3.3;2.3
13635;13681;2.5;3.25;2.4
13636;13682;1.22;5.0;9.5
13637;13683;2.62;3.3;2.25
13638;13684;2.4;3.25;2.5
13639;13685;1.5;3.4;6.0
13640;13686;1.5;3.6;5.5
13641;13687;1.7;3.5;4.0
13642;13688;1.8;3.4;4.0
13643;13689;1.91;3.4;3.6
13644;13690;1.7;3.6;4.33
13645;13691;1.53;3.6;6.0
13646;13692;3.1;3.4;2.1
13647;13693;7.0;4.2;1.4
13648;13694;3.0;3.4;2.15
13649;13695;1.33;4.5;8.0
13650;13696;1.83;3.3;4.0
13651;13697;1.53;3.6;5.0
13652;13698;2.7;3.3;2.4
13653;13699;1.4;4.0;7.5
13654;13700;2.37;3.3;2.7
13655;13701;1.28;4.5;11.0
13656;13702;1.17;6.0;15.0
13657;13703;1.3;4.5;10.0
13658;13704;2.6;3.2;2.5
13659;13705;5.5;3.8;1.53
13660;13706;2.6;3.4;2.4
13661;13707;1.12;7.0;17.0
13662;13708;2.2;3.3;3.1
13663;13709;1.67;3.6;4.5
13664;13710;2.37;3.4;2.62
13665;13711;1.8;3.5;4.0
13666;13712;2.2;3.4;2.87
13667;13713;2.5;3.4;2.5
13668;13714;2.1;3.5;3.0
13669;13715;2.3;3.3;2.8
13670;13716;4.33;3.75;1.67
13671;13717;4.33;3.6;1.7
13672;13718;1.44;4.0;6.5
13673;13719;1.95;3.4;3.5
13674;13720;2.5;3.25;2.6
13675;13721;2.5;2.8;2.6
13676;13722;1.33;4.33;9.0
13677;13723;6.5;4.0;1.44
13678;13724;1.18;5.75;12.0
13679;13725;1.13;7.0;13.0
13680;13726;2.05;3.3;3.2
13681;13727;2.05;3.2;3.3
13682;13728;3.6;3.2;1.95
13683;13729;1.18;5.75;12.0
13684;13730;1.25;5.0;10.0
13685;13731;3.75;3.4;1.85
13686;13732;2.3;3.2;2.8
13687;13733;2.4;3.2;2.75
13688;13734;1.12;6.5;21.0
13689;13735;1.73;3.5;4.33
13690;13736;3.75;3.5;1.83
13691;13737;2.6;3.25;2.5
13692;13738;1.28;4.5;10.0
13693;13739;1.36;4.2;8.0
13694;13740;2.6;3.25;2.5
13695;13741;2.5;3.1;2.7
13696;13742;1.44;4.0;6.5
13697;13743;2.25;3.3;2.88
13698;13744;5.5;3.6;1.57
13699;13745;1.44;4.0;6.5
13700;13746;2.88;3.3;2.25
13701;13747;8.5;4.33;1.33
13702;13748;1.91;3.3;3.75
13703;13749;7.5;4.33;1.36
13704;13750;1.5;3.75;6.0
13705;13751;1.17;6.0;13.0
13706;13752;2.0;3.3;3.4
13707;13753;1.12;7.0;15.0
13708;13754;2.3;3.2;2.9
13709;13755;2.3;3.3;2.8
13710;13756;1.91;3.3;3.75
13711;13757;2.3;3.3;2.8
13712;13758;1.4;4.0;7.5
13713;13759;2.2;3.3;3.0
13714;13760;1.85;3.4;3.8
13715;13761;1.75;3.4;4.4
13716;13762;1.36;4.0;7.0
13717;13763;2.8;3.25;2.3
13718;13764;2.2;3.25;3.0
13719;13765;12.0;5.5;1.2
13720;13766;6.0;3.6;1.53
13721;13767;1.67;3.6;4.6
13722;13768;1.95;3.3;3.25
13723;13769;1.73;3.5;4.33
13724;13770;1.73;3.5;4.33
13725;13771;1.17;6.0;15.0
13726;13772;2.25;3.3;2.88
13727;13773;1.36;4.33;7.5
13728;13774;1.22;5.5;11.0
13729;13775;1.25;5.0;11.0
13730;13776;3.2;3.3;2.1
13731;13777;6.0;3.75;1.5
13732;13778;1.73;3.5;3.8
13733;13779;6.0;3.75;1.44
13734;13780;1.73;3.5;3.8
13735;13781;6.0;3.75;1.44
13736;13782;2.25;3.2;2.75
13737;13783;2.4;3.4;2.4
13738;13784;1.5;3.6;5.5
13739;13785;1.91;3.4;3.25
13740;13786;2.88;3.25;2.15
13741;13788;1.44;3.8;7.0
13742;13789;1.33;4.5;8.0
13743;13790;1.44;3.8;7.0
13744;13791;7.0;3.8;1.44
13745;13792;1.44;3.8;7.0
13746;13793;9.5;4.5;1.3
13747;13794;12.0;5.5;1.2
13748;13795;1.67;3.5;4.8
13749;13796;4.0;3.4;1.8
13750;13797;1.25;5.0;11.0
13751;13798;3.0;3.3;2.2
13752;13799;5.5;3.6;1.57
13753;13800;2.0;3.3;3.4
13754;13801;1.44;4.0;6.5
13755;13802;1.1;8.0;17.0
13756;13803;1.5;3.75;6.0
13757;13804;1.29;4.5;10.0
13758;13805;2.3;3.3;2.8
13759;13806;2.25;3.3;2.88
13760;13807;1.25;5.25;10.0
13761;13808;5.25;3.6;1.6
13762;13809;1.3;4.5;9.5
13763;13810;15.0;6.5;1.14
13764;13811;1.6;3.6;5.25
13765;13812;2.15;3.3;3.1
13766;13813;2.15;3.3;3.1
13767;13814;1.3;4.5;9.0
13768;13815;2.1;3.3;3.2
13769;13816;1.17;6.0;13.0
13770;13818;1.53;3.75;5.5
13771;13819;5.0;4.2;1.53
13772;13820;2.4;3.3;2.7
13773;13821;1.4;4.33;6.5
13774;13822;2.3;3.3;2.8
13775;13823;1.44;4.33;6.0
13776;13824;1.25;5.0;10.0
13777;13825;2.75;3.5;2.5
13778;13826;1.5;4.0;5.5
13779;13827;15.0;7.0;1.12
13780;13828;2.0;3.5;3.2
13781;13829;6.5;4.33;1.4
13782;13830;1.22;5.5;10.0
13783;13831;1.4;4.2;7.0
13784;13832;2.3;3.3;2.6
13785;13833;1.53;3.6;5.0
13786;13834;1.17;5.5;12.0
13787;13835;2.1;3.3;2.88
13788;13836;2.5;3.25;2.4
13789;13837;1.33;4.2;7.5
13790;13838;2.88;3.3;2.1
13791;13839;1.14;6.0;12.0
13792;13840;1.44;3.75;6.0
13793;13841;2.2;3.3;2.7
13794;13842;2.38;3.3;2.5
13795;13843;1.5;3.6;5.5
13796;13844;1.6;3.4;4.8
13797;13845;1.14;6.0;12.0
13798;13846;2.3;3.2;2.62
13799;13847;2.0;3.3;3.1
13800;13848;4.0;3.5;1.7
13801;13849;5.0;3.6;1.53
13802;13850;1.2;5.5;12.0
13803;13851;1.95;3.4;3.5
13804;13852;1.44;4.0;6.5
13805;13853;6.5;4.0;1.44
13806;13854;1.29;4.8;9.0
13807;13855;2.15;3.4;3.0
13808;13856;5.0;3.6;1.62
13809;13857;1.57;3.6;5.5
13810;13858;2.0;3.4;3.3
13811;13859;2.8;3.25;2.38
13812;13860;1.44;3.75;6.0
13813;13861;2.37;3.25;2.5
13814;13862;1.33;4.5;8.0
13815;13863;1.91;3.2;3.5
13816;13864;3.0;3.25;2.2
13817;13865;2.62;3.1;2.37
13818;13867;7.0;4.2;1.4
13819;13868;1.12;6.0;15.0
13820;13869;1.29;5.0;9.0
13821;13870;2.75;3.4;2.3
13822;13871;3.3;3.4;2.0
13823;13872;1.17;5.5;12.0
13824;13873;2.4;3.3;2.7
13825;13874;1.57;3.6;5.5
13826;13875;2.88;3.4;2.2
13827;13876;1.8;3.4;4.0
13828;13877;1.6;3.6;4.5
13829;13878;1.2;6.0;11.0
13830;13879;2.4;3.4;2.6
13831;13880;1.44;4.0;6.5
13832;13881;2.4;3.4;2.6
13833;13882;1.57;3.6;5.5
13834;13883;7.0;3.8;1.44
13835;13884;4.0;3.3;1.83
13836;13885;4.8;3.75;1.62
13837;13886;4.5;3.5;1.7
13838;13887;1.5;3.75;6.0
13839;13888;1.83;3.5;3.75
13840;13889;4.5;3.5;1.7
13841;13890;1.67;3.5;4.8
13842;13891;1.95;3.4;3.5
13843;13892;1.73;3.6;4.2
13844;13893;3.75;3.5;1.83
13845;13894;4.8;3.5;1.67
13846;13895;2.6;3.4;2.4
13847;13896;2.75;3.4;2.3
13848;13897;2.1;3.3;3.2
13849;13898;1.44;4.0;6.5
13850;13899;1.33;4.5;8.0
13851;13900;2.8;3.3;2.3
13852;13901;1.29;4.8;10.0
13853;13902;15.0;6.0;1.17
13854;13903;1.17;6.0;15.0
13855;13904;1.57;3.5;5.0
13856;13905;2.0;3.5;3.6
13857;13906;8.0;4.5;1.28
13858;13907;1.57;3.5;5.0
13859;13908;1.53;3.5;5.5
13860;13909;8.0;4.5;1.28
13861;13910;1.25;4.5;10.0
13862;13911;3.75;3.3;1.8
13863;13912;1.36;4.0;7.0
13864;13913;1.73;3.5;4.33
13865;13914;1.8;3.3;4.2
13866;13915;4.0;3.4;1.8
13867;13916;3.1;3.4;2.1
13868;13917;8.0;4.5;1.33
13869;13918;1.29;4.75;9.0
13870;13919;1.57;3.6;5.5
13871;13920;2.6;3.3;2.5
13872;13921;1.85;3.4;3.8
13873;13922;2.1;3.4;3.1
13874;13923;1.17;6.0;15.0
13875;13924;1.5;3.75;6.0
13876;13925;1.57;3.8;5.0
13877;13926;2.2;3.5;2.8
13878;13927;1.14;6.5;15.0
13879;13928;4.2;3.3;1.8
13880;13929;4.0;3.3;1.83
13881;13930;2.2;3.3;3.0
13882;13931;2.3;3.5;2.5
13883;13932;1.1;7.5;17.0
13884;13933;4.8;3.75;1.55
13885;13934;2.6;3.3;2.3
13886;13935;2.25;3.2;2.75
13887;13936;2.0;3.5;3.0
13888;13937;2.1;3.4;2.87
13889;13938;2.05;3.5;2.87
13890;13939;3.2;3.5;1.91
13891;13940;2.0;3.4;3.3
13892;13941;2.75;3.4;2.3
13893;13942;1.95;3.4;3.5
13894;13943;1.73;3.5;4.33
13895;13944;1.73;3.5;4.33
13896;13945;2.3;3.2;2.88
13897;13946;1.83;3.6;3.75
13898;13947;1.91;3.4;3.6
13899;13948;1.29;5.0;8.5
13900;13949;6.5;4.2;1.44
13901;13950;2.3;3.5;2.7
13902;13951;2.2;3.5;2.88
13903;13952;1.62;3.8;4.75
13904;13953;5.0;3.75;1.6
13905;13954;1.91;3.6;3.5
13906;13955;7.5;4.8;1.33
13907;13956;2.25;3.4;2.88
13908;13957;2.15;3.4;3.0
13909;13958;1.62;3.8;4.75
13910;13959;1.2;6.0;11.0
13911;13960;1.95;3.5;3.4
13912;13961;1.22;6.0;10.0
13913;13962;2.5;3.4;2.5
13914;13963;3.0;3.4;2.15
13915;13964;1.2;6.0;11.0
13916;13965;3.6;3.75;1.83
13917;13966;2.75;3.4;2.3
13918;13967;1.4;4.5;6.5
13919;13968;1.35;4.6;7.5
13920;13969;7.5;4.8;1.33
13921;13970;1.75;3.75;4.0
13922;13971;2.4;3.3;2.7
13923;13972;4.6;4.0;1.6
13924;13973;2.38;3.3;2.75
13925;13974;3.1;3.4;2.1
13926;13975;1.44;3.75;7.5
13927;13976;1.3;4.33;8.0
13928;13977;3.75;3.5;1.83
13929;13978;1.3;4.5;10.0
13930;13979;1.33;4.5;8.0
13931;13980;1.8;3.6;3.8
13932;13981;1.25;4.5;10.0
13933;13982;3.75;3.3;1.8
13934;13983;1.4;3.75;7.0
13935;13984;1.29;4.8;9.0
13936;13985;1.14;6.5;15.0
13937;13986;2.7;3.2;2.4
13938;13987;1.14;6.5;15.0
13939;13988;1.62;3.6;5.0
13940;13989;1.5;3.75;6.0
13941;13990;1.67;3.6;4.5
13942;13991;7.5;4.0;1.4
13943;13992;2.7;3.3;2.4
13944;13993;2.3;3.3;2.8
13945;13994;2.3;3.5;2.7
13946;13995;1.75;3.75;4.0
13947;13996;3.2;3.6;2.0
13948;13997;3.0;3.4;2.15
13949;13998;1.53;4.2;5.0
13950;13999;1.35;4.6;7.5
13951;14000;3.5;3.6;1.91
13952;14001;2.8;3.6;2.2
13953;14002;9.0;5.0;1.29
13954;14003;1.91;3.6;3.5
13955;14004;3.0;3.2;2.25
13956;14005;2.88;3.4;2.25
13957;14006;1.2;6.0;11.0
13958;14007;1.06;10.0;21.0
13959;14008;5.5;3.8;1.53
13960;14009;1.91;3.6;3.5
13961;14010;2.8;3.5;2.25
13962;14011;1.29;5.0;9.0
13963;14012;1.12;7.0;15.0
13964;14013;1.57;3.8;5.0
13965;14014;2.88;3.5;2.15
13966;14015;1.2;5.5;12.0
13967;14016;5.0;3.8;1.57
13968;14017;1.22;5.5;10.0
13969;14018;2.8;3.5;2.2
13970;14019;2.15;3.4;3.0
13971;14020;2.25;3.4;2.8
13972;14021;2.7;3.3;2.38
13973;14022;4.8;3.5;1.67
13974;14023;1.7;3.5;4.5
13975;14024;1.29;5.0;8.5
13976;14025;1.25;5.5;8.5
13977;14026;2.6;3.5;2.38
13978;14027;2.88;3.5;2.15
13979;14028;4.2;3.6;1.73
13980;14029;1.4;4.33;6.5
13981;14030;1.5;4.2;5.5
13982;14031;1.12;7.0;17.0
13983;14032;2.38;3.3;2.7
13984;14033;1.7;3.5;4.5
13985;14034;1.25;5.0;10.0
13986;14035;1.07;9.0;21.0
13987;14036;1.7;3.5;4.5
13988;14037;1.95;3.4;3.5
13989;14038;1.67;3.6;4.5
13990;14039;2.25;3.25;2.7
13991;14040;2.7;3.4;2.3
13992;14041;1.73;3.6;4.2
13993;14042;5.0;3.75;1.6
13994;14043;1.53;3.6;6.0
13995;14044;2.15;3.3;3.1
13996;14045;2.4;3.3;2.7
13997;14046;2.0;3.5;3.25
13998;14047;2.4;3.3;2.7
13999;14048;1.44;4.0;6.5
14000;14049;10.0;4.5;1.29
14001;14050;1.25;5.0;8.0
14002;14051;1.53;3.8;5.5
14003;14052;1.67;3.6;4.5
14004;14053;1.91;3.4;3.6
14005;14054;1.91;3.5;3.5
14006;14055;1.53;4.2;5.0
14007;14056;1.62;3.75;4.8
14008;14057;4.5;3.6;1.67
14009;14058;2.4;3.4;2.6
14010;14059;1.11;7.0;13.0
14011;14060;2.4;3.4;2.6
14012;14061;1.36;4.33;7.5
14013;14062;1.65;3.6;4.2
14014;14063;1.44;4.0;6.5
14015;14064;2.8;3.4;2.25
14016;14065;11.0;6.0;1.2
14017;14066;1.33;4.5;8.0
14018;14067;1.67;3.6;4.5
14019;14068;1.67;3.75;4.33
14020;14069;1.4;4.2;7.0
14021;14070;2.3;3.5;2.7
14022;14071;1.91;3.5;3.5
14023;14072;3.75;3.5;1.83
14024;14073;2.1;3.4;3.1
14025;14074;7.0;3.8;1.44
14026;14075;1.83;3.5;3.75
14027;14076;2.6;3.4;2.38
14028;14077;1.3;5.0;8.0
14029;14078;4.33;3.75;1.67
14030;14079;2.25;3.4;2.8
14031;14080;1.25;5.0;11.0
14032;14081;2.1;3.4;3.1
14033;14082;1.3;5.0;8.0
14034;14083;1.91;3.4;3.6
14035;14084;2.88;3.4;2.2
14036;14085;1.4;4.0;7.5
14037;14086;1.12;6.5;19.0
14038;14087;5.5;3.8;1.53
14039;14088;1.5;4.0;5.5
14040;14089;1.3;4.5;10.0
14041;14090;2.5;3.4;2.5
14042;14091;1.4;4.0;7.5
14043;14092;1.91;3.3;3.75
14044;14093;1.3;4.8;8.5
14045;14094;2.88;3.4;2.2
14046;14095;1.44;4.0;6.5
14047;14096;2.1;3.5;3.0
14048;14097;3.5;3.5;1.91
14049;14098;1.33;4.4;8.5
14050;14099;1.33;4.5;8.0
14051;14100;1.36;4.5;7.0
14052;14101;1.73;3.6;4.2
14053;14102;2.1;3.5;3.0
14054;14103;1.3;5.0;8.5
14055;14104;1.5;4.0;5.5
14056;14105;2.5;3.25;2.6
14057;14106;4.5;3.6;1.67
14058;14107;6.5;4.0;1.44
14059;14108;1.73;3.75;4.0
14060;14109;5.5;4.0;1.5
14061;14110;1.22;6.0;9.0
14062;14111;3.0;3.5;2.1
14063;14112;8.5;5.0;1.29
14064;14113;3.75;3.5;1.83
14065;14114;1.5;4.2;5.5
14066;14115;1.44;4.5;5.5
14067;14116;1.14;7.0;13.0
14068;14117;1.67;3.6;4.5
14069;14118;1.5;3.8;6.0
14070;14119;3.2;3.4;2.05
14071;14120;3.5;3.25;2.0
14072;14121;1.06;9.5;23.0
14073;14122;4.5;4.2;1.57
14074;14123;4.33;4.0;1.65
14075;14124;3.0;3.25;2.2
14076;14125;1.2;6.0;11.0
14077;14126;1.25;5.5;9.5
14078;14127;1.91;3.75;3.3
14079;14128;2.62;3.75;2.25
14080;14129;3.5;3.5;1.91
14081;14130;1.8;3.5;4.0
14082;14131;1.62;3.75;4.8
14083;14132;1.73;3.6;4.2
14084;14133;1.36;4.5;7.0
14085;14134;2.05;3.4;3.2
14086;14135;1.67;3.6;4.5
14087;14136;4.2;3.6;1.73
14088;14137;1.8;3.6;3.75
14089;14138;3.75;3.5;1.83
14090;14139;1.73;3.5;4.33
14091;14140;1.91;3.3;3.75
14092;14141;2.7;3.25;2.38
14093;14142;1.25;5.0;11.0
14094;14143;1.4;4.0;7.5
14095;14144;1.4;4.0;7.5
14096;14145;11.0;5.0;1.25
14097;14146;8.0;4.5;1.33
14098;14147;2.7;3.3;2.38
14099;14148;8.0;4.2;1.36
14100;14149;1.17;6.0;15.0
14101;14150;1.4;4.0;7.5
14102;14151;1.06;9.0;26.0
14103;14152;1.7;3.6;4.33
14104;14153;2.0;3.4;3.3
14105;14154;2.88;3.3;2.25
14106;14155;1.57;3.6;5.5
14107;14156;3.6;3.4;1.91
14108;14157;1.36;4.5;7.0
14109;14158;2.2;3.5;2.8
14110;14159;2.6;3.25;2.5
14111;14160;3.1;3.1;2.2
14112;14161;5.5;3.6;1.57
14113;14162;1.44;3.75;7.5
14114;14163;5.0;3.6;1.62
14115;14164;4.2;3.6;1.73
14116;14165;1.83;3.5;3.75
14117;14166;2.7;3.3;2.4
14118;14167;1.36;4.5;7.0
14119;14168;1.8;3.6;3.8
14120;14169;2.1;3.5;3.0
14121;14170;2.3;3.3;2.62
14122;14171;2.1;3.4;3.1
14123;14172;1.44;4.2;6.0
14124;14173;2.88;3.2;2.3
14125;14174;1.44;3.8;7.0
14126;14175;1.95;3.3;3.6
14127;14176;3.2;3.25;2.1
14128;14177;1.6;3.5;5.5
14129;14178;1.44;4.0;6.5
14130;14179;3.1;3.3;2.15
14131;14180;1.2;5.5;13.0
14132;14181;1.12;6.5;17.0
14133;14182;1.6;3.5;5.5
14134;14183;1.17;6.5;12.0
14135;14184;1.44;3.8;7.0
14136;14185;3.5;3.5;1.91
14137;14186;1.57;3.6;5.5
14138;14187;4.5;3.5;1.7
14139;14188;13.0;5.0;1.22
14140;14189;1.83;3.6;3.75
14141;14190;2.1;3.4;3.1
14142;14191;1.67;3.5;4.8
14143;14192;3.75;3.5;1.83
14144;14193;3.1;3.4;2.1
14145;14194;1.62;3.75;4.8
14146;14195;3.1;3.4;2.1
14147;14196;2.1;3.3;3.2
14148;14197;10.0;5.0;1.25
14149;14198;1.83;3.3;4.0
14150;14199;2.7;3.2;2.3
14151;14200;4.8;3.75;1.62
14152;14201;2.3;3.5;2.7
14153;14202;3.5;3.75;1.83
14154;14203;4.8;3.75;1.62
14155;14204;1.7;3.75;4.2
14156;14205;2.1;3.5;3.0
14157;14206;1.44;4.5;5.5
14158;14207;1.2;6.0;11.0
14159;14208;3.6;3.75;1.8
14160;14209;5.5;4.0;1.5
14161;14210;1.5;4.2;5.5
14162;14211;4.33;4.2;1.62
14163;14212;3.6;3.5;1.8
14164;14213;1.57;4.2;4.6
14165;14214;2.38;3.3;2.7
14166;14215;3.3;3.4;1.91
14167;14216;2.25;3.4;2.8
14168;14217;2.2;3.25;2.8
14169;14218;3.5;3.5;1.91
14170;14219;1.57;3.75;4.6
14171;14220;2.7;3.5;2.3
14172;14221;2.7;3.5;2.3
14173;14222;3.0;3.5;2.1
14174;14223;1.1;7.0;21.0
14175;14224;4.6;4.0;1.53
14176;14225;1.22;5.5;10.0
14177;14226;1.4;4.33;6.5
14178;14227;1.2;6.0;11.0
14179;14228;7.0;4.8;1.3
14180;14229;1.6;3.75;4.33
14181;14230;1.33;4.4;7.0
14182;14231;3.6;3.5;1.8
14183;14232;1.12;6.5;13.0
14184;14233;2.1;3.3;2.9
14185;14234;2.0;3.4;3.1
14186;14235;1.15;6.5;10.0
14187;14236;9.0;4.8;1.25
14188;14237;1.25;5.5;9.0
14189;14238;2.5;3.4;2.5
14190;14239;2.1;3.4;3.1
14191;14240;2.3;3.4;2.75
14192;14241;1.25;5.5;9.0
14193;14242;3.3;3.4;2.0
14194;14243;3.3;3.4;2.0
14195;14244;5.5;4.0;1.5
14196;14245;1.2;6.0;11.0
14197;14246;1.25;5.0;10.0
14198;14247;1.57;3.8;5.0
14199;14248;2.15;3.4;3.0
14200;14249;2.4;3.4;2.6
14201;14250;1.08;8.0;21.0
14202;14251;3.6;3.3;1.95
14203;14252;1.62;3.6;5.0
14204;14253;4.33;3.5;1.73
14205;14254;3.1;3.4;2.1
14206;14255;2.5;3.4;2.5
14207;14256;1.14;7.0;13.0
14208;14257;1.11;8.0;15.0
14209;14258;6.5;4.5;1.4
14210;14259;1.11;8.0;15.0
14211;14260;2.88;3.5;2.15
14212;14261;7.0;4.5;1.36
14213;14262;4.0;3.75;1.73
14214;14263;1.91;3.5;3.5
14215;14264;2.4;3.4;2.6
14216;14265;1.83;3.5;3.75
14217;14266;1.22;5.5;10.0
14218;14267;1.4;4.2;7.0
14219;14268;1.53;3.6;6.0
14220;14269;1.17;6.5;12.0
14221;14270;4.33;3.5;1.73
14222;14271;2.7;3.3;2.4
14223;14272;3.3;3.4;2.0
14224;14273;1.91;3.5;3.5
14225;14274;4.8;3.75;1.62
14226;14275;1.2;5.5;12.0
14227;14276;4.2;3.6;1.73
14228;14277;6.5;4.33;1.4
14229;14278;1.53;3.8;5.5
14230;14279;7.5;4.33;1.36
14231;14280;2.5;3.25;2.6
14232;14281;1.62;3.6;5.0
14233;14282;1.2;5.5;12.0
14234;14283;1.53;4.2;5.0
14235;14284;1.57;4.0;4.8
14236;14285;1.2;6.0;11.0
14237;14286;3.75;3.5;1.83
14238;14287;3.0;3.2;2.25
14239;14288;1.57;4.0;4.8
14240;14289;1.4;4.33;6.5
14241;14290;2.0;3.5;3.2
14242;14291;1.73;3.8;4.0
14243;14292;1.5;4.0;5.5
14244;14293;1.12;7.0;17.0
14245;14294;1.73;3.8;4.0
14246;14295;1.5;4.0;5.5
14247;14296;1.67;3.8;4.33
14248;14297;1.2;5.5;12.0
14249;14298;1.67;3.8;4.33
14250;14299;1.4;4.0;6.5
14251;14300;1.5;3.8;6.0
14252;14301;4.33;3.6;1.73
14253;14302;1.67;3.6;4.5
14254;14303;2.2;3.5;2.8
14255;14304;4.2;3.6;1.73
14256;14305;1.17;6.5;12.0
14257;14306;2.7;3.3;2.4
14258;14307;6.5;4.2;1.36
14259;14308;1.5;3.75;6.0
14260;14309;1.33;4.8;7.5
14261;14310;1.08;9.0;17.0
14262;14311;3.3;3.5;2.0
14263;14312;1.91;3.6;3.5
14264;14313;4.5;3.75;1.67
14265;14314;1.75;3.75;4.0
14266;14315;1.07;9.5;19.0
14267;14316;2.88;3.6;2.15
14268;14317;1.44;4.2;6.5
14269;14318;1.33;5.0;7.0
14270;14319;1.55;4.2;4.8
14271;14320;1.4;4.5;6.5
14272;14321;2.1;3.4;3.1
14273;14322;3.6;3.5;1.91
14274;14323;4.4;3.6;1.7
14275;14324;1.29;5.0;9.0
14276;14325;4.33;3.6;1.73
14277;14326;1.36;4.75;7.0
14278;14327;2.15;3.3;3.1
14279;14328;1.91;3.5;3.6
14280;14329;3.5;3.5;1.91
14281;14330;1.3;5.0;8.5
14282;14331;1.67;4.0;4.2
14283;14332;8.5;5.0;1.3
14284;14333;1.29;5.0;9.0
14285;14334;1.4;4.75;6.0
14286;14335;2.25;3.5;2.8
14287;14336;3.5;3.8;1.83
14288;14337;2.15;3.4;3.0
14289;14338;1.4;4.5;6.5
14290;14339;1.33;4.8;7.5
14291;14340;1.22;6.0;9.5
14292;14341;2.0;3.4;3.4
14293;14342;1.3;4.8;9.0
14294;14343;1.44;4.33;6.0
14295;14344;1.83;3.5;3.75
14296;14345;1.57;3.8;5.0
14297;14346;4.33;3.75;1.67
14298;14347;1.14;7.0;13.0
14299;14348;1.44;4.0;6.5
14300;14349;5.0;4.2;1.53
14301;14350;1.33;4.5;8.0
14302;14351;8.0;4.5;1.33
14303;14352;1.83;3.5;3.75
14304;14353;1.17;6.5;12.0
14305;14354;2.0;3.25;3.5
14306;14355;1.2;6.0;11.0
14307;14356;1.44;3.8;7.0
14308;14357;3.0;3.5;2.0
14309;14358;1.5;4.2;5.5
14310;14359;6.0;4.0;1.5
14311;14360;1.6;3.75;5.0
14312;14361;2.75;3.2;2.4
14313;14362;2.0;3.3;3.5
14314;14363;1.25;5.5;9.0
14315;14364;1.73;3.75;4.0
14316;14365;2.4;3.4;2.6
14317;14366;1.2;6.0;11.0
14318;14367;6.5;3.75;1.5
14319;14368;2.2;3.3;3.1
14320;14369;7.0;3.8;1.44
14321;14370;2.25;3.4;2.8
14322;14371;3.2;3.3;2.1
14323;14372;1.29;4.5;10.0
14324;14373;2.7;3.4;2.3
14325;14374;1.07;10.0;17.0
14326;14375;1.33;4.5;8.0
14327;14376;1.2;5.5;12.0
14328;14377;1.29;4.5;10.0
14329;14378;1.62;3.75;4.8
14330;14379;1.14;7.0;13.0
14331;14380;3.1;3.4;2.1
14332;14381;2.0;3.3;3.1
14333;14382;3.4;3.5;1.83
14334;14383;4.2;3.25;1.73
14335;14384;3.1;3.3;2.0
14336;14385;1.91;3.25;3.4
14337;14386;5.0;3.5;1.57
14338;14387;4.33;3.4;1.67
14339;14388;3.2;3.2;2.0
14340;14389;2.0;3.3;3.1
14341;14390;1.4;4.33;6.5
14342;14391;1.91;3.5;3.5
14343;14392;3.1;3.4;2.1
14344;14393;2.25;3.4;2.8
14345;14394;2.9;3.4;2.2
14346;14395;2.0;3.4;3.3
14347;14396;1.44;4.2;6.0
14348;14397;12.0;5.5;1.2
14349;14398;4.2;3.8;1.7
14350;14399;2.5;3.4;2.5
14351;14400;1.73;3.6;4.2
14352;14401;1.2;5.5;12.0
14353;14402;1.12;7.0;17.0
14354;14403;2.0;3.3;3.4
14355;14404;1.8;3.5;4.0
14356;14405;1.67;3.4;5.0
14357;14406;1.05;10.0;21.0
14358;14407;1.36;4.5;7.0
14359;14408;2.1;3.2;3.3
14360;14409;1.57;4.0;4.8
14361;14410;3.4;3.6;1.91
14362;14411;1.8;3.5;4.0
14363;14412;11.0;6.0;1.2
14364;14413;4.8;4.0;1.57
14365;14414;1.12;7.0;15.0
14366;14415;1.25;5.5;9.0
14367;14416;1.12;7.0;15.0
14368;14417;1.5;3.8;6.0
14369;14418;2.3;3.3;2.8
14370;14419;1.25;5.0;10.0
14371;14420;2.25;3.3;2.9
14372;14421;1.62;3.75;4.8
14373;14422;4.2;3.5;1.75
14374;14423;2.6;3.25;2.5
14375;14424;1.7;3.5;4.6
14376;14425;2.1;3.3;3.2
14377;14426;2.0;3.5;3.3
14378;14427;2.2;3.6;2.8
14379;14428;3.0;3.4;2.15
14380;14429;1.91;3.6;3.5
14381;14430;1.95;3.4;3.5
14382;14431;1.1;8.0;17.0
14383;14432;1.33;4.8;7.5
14384;14433;1.2;6.5;10.0
14385;14434;1.6;4.2;4.4
14386;14435;1.5;3.8;6.0
14387;14436;2.2;3.4;2.9
14388;14437;4.0;3.75;1.73
14389;14438;11.0;7.0;1.17
14390;14439;3.6;4.0;1.67
14391;14440;1.62;4.0;4.33
14392;14441;8.0;6.0;1.25
14393;14442;1.17;7.0;11.0
14394;14443;2.1;3.4;3.1
14395;14444;1.17;6.5;12.0
14396;14445;1.91;3.5;3.5
14397;14446;1.12;7.5;13.0
14398;14447;2.0;3.5;3.25
14399;14448;1.83;3.5;3.75
14400;14449;1.57;4.0;4.8
14401;14450;2.3;3.4;2.75
14402;14451;2.0;3.4;3.3
14403;14452;1.12;7.0;17.0
14404;14453;5.5;3.8;1.53
14405;14454;2.4;3.4;2.6
14406;14455;1.83;3.5;3.75
14407;14456;1.36;4.5;7.0
14408;14457;4.8;4.2;1.53
14409;14458;2.1;3.75;2.88
14410;14459;3.1;3.4;2.1
14411;14460;9.0;6.0;1.22
14412;14461;3.5;3.5;1.91
14413;14462;1.62;4.0;4.5
14414;14463;1.29;4.5;10.0
14415;14464;2.88;3.4;2.2
14416;14465;1.91;3.6;3.4
14417;14466;1.3;4.5;9.5
14418;14467;2.15;3.2;3.2
14419;14468;4.2;3.6;1.73
14420;14469;1.25;5.5;9.0
14421;14470;1.91;3.5;3.5
14422;14471;1.14;7.0;13.0
14423;14472;1.4;4.33;6.5
14424;14473;1.67;3.5;4.8
14425;14474;2.3;3.5;2.7
14426;14475;1.62;4.0;4.5
14427;14476;1.57;4.0;4.8
14428;14477;1.91;3.5;3.5
14429;14478;4.2;3.6;1.73
14430;14479;3.0;3.5;2.1
14431;14480;1.4;4.33;6.5
14432;14481;1.83;3.75;3.5
14433;14482;1.07;9.0;21.0
14434;14483;1.83;3.5;3.75
14435;14484;1.8;3.5;4.0
14436;14485;4.33;3.5;1.73
14437;14486;7.0;4.2;1.4
14438;14487;1.33;4.5;8.0
14439;14488;6.0;4.2;1.44
14440;14489;1.67;3.75;4.33
14441;14490;1.95;3.5;3.4
14442;14491;1.33;4.33;9.0
14443;14492;5.0;3.8;1.57
14444;14493;1.17;6.5;12.0
14445;14494;2.3;3.3;2.8
14446;14495;1.33;4.5;8.0
14447;14496;2.1;3.3;3.2
14448;14497;1.14;6.5;15.0
14449;14498;2.4;3.4;2.62
14450;14499;6.0;4.33;1.44
14451;14500;1.6;3.8;5.0
14452;14501;1.4;4.5;6.5
14453;14502;3.2;3.6;2.0
14454;14503;1.29;5.0;9.0
14455;14504;1.5;4.2;5.5
14456;14505;1.7;3.8;4.2
14457;14506;1.67;3.8;4.4
14458;14507;1.75;3.75;4.0
14459;14508;1.6;4.0;4.75
14460;14509;1.57;4.2;4.6
14461;14510;2.2;3.5;2.87
14462;14511;2.7;3.5;2.3
14463;14512;7.5;5.5;1.29
14464;14513;2.0;3.6;3.2
14465;14514;4.5;3.75;1.67
14466;14515;2.0;3.6;3.2
14467;14516;2.15;3.4;3.0
14468;14517;1.4;4.75;6.0
14469;14518;4.0;3.5;1.8
14470;14519;1.2;6.5;10.0
14471;14520;1.22;6.5;8.5
14472;14521;2.0;3.6;3.2
14473;14522;1.5;4.2;5.5
14474;14523;1.7;3.8;4.2
14475;14524;2.25;3.4;2.88
14476;14525;2.3;3.5;2.7
14477;14526;2.6;3.4;2.4
14478;14527;1.8;3.6;3.75
14479;14529;2.6;3.25;2.5
14480;14530;1.3;5.0;8.0
14481;14531;3.0;3.5;2.1
14482;14532;6.5;4.5;1.4
14483;14533;1.25;5.5;9.0
14484;14534;8.5;5.0;1.29
14485;14535;1.67;3.75;4.33
14486;14536;2.0;3.4;3.3
14487;14537;1.1;8.0;17.0
14488;14538;2.6;3.4;2.4
14489;14539;1.62;4.0;4.5
14490;14540;1.44;4.2;6.0
14491;14541;1.12;7.0;15.0
14492;14542;3.1;3.4;2.1
14493;14543;2.2;3.4;2.7
14494;14544;2.5;3.3;2.4
14495;14545;2.0;3.25;3.2
14496;14546;3.8;4.0;1.65
14497;14547;5.5;4.5;1.4
14498;14548;1.3;5.0;6.5
14499;14549;2.1;3.4;2.88
14500;14550;2.62;3.75;2.1
14501;14551;1.2;5.5;9.5
14502;14552;1.8;3.4;4.0
14503;14553;2.1;3.4;3.1
14504;14554;1.4;4.33;6.5
14505;14555;4.33;3.5;1.73
14506;14556;2.5;3.1;2.9
14507;14557;1.5;3.75;6.0
14508;14558;1.25;5.0;10.0
14509;14559;2.4;3.3;2.7
14510;14560;1.2;6.0;11.0
14511;14561;2.0;3.3;3.4
14512;14562;2.1;3.3;3.2
14513;14563;1.91;3.4;3.6
14514;14564;1.2;5.5;12.0
14515;14565;5.5;4.0;1.5
14516;14566;1.57;3.6;5.5
14517;14567;4.33;3.8;1.6
14518;14568;1.2;5.5;12.0
14519;14569;1.62;3.6;5.0
14520;14570;1.44;4.33;6.0
14521;14571;3.1;3.4;2.1
14522;14572;1.6;4.0;4.6
14523;14573;2.0;3.5;3.3
14524;14574;6.0;4.4;1.44
14525;14575;1.83;3.6;3.75
14526;14576;1.53;4.2;5.0
14527;14577;1.33;4.8;7.5
14528;14578;9.5;6.0;1.22
14529;14579;2.5;3.4;2.5
14530;14580;2.5;3.4;2.5
14531;14581;1.57;4.0;4.8
14532;14582;2.3;3.4;2.7
14533;14583;9.0;4.8;1.29
14534;14584;1.33;4.5;8.0
14535;14585;4.0;3.5;1.8
14536;14586;1.4;4.33;6.5
14537;14587;2.1;3.4;3.1
14538;14588;1.12;7.5;13.0
14539;14589;2.0;3.5;3.25
14540;14590;1.29;5.0;8.5
14541;14591;2.2;3.4;2.88
14542;14592;1.85;3.5;3.75
14543;14593;2.5;3.25;2.6
14544;14594;3.1;3.4;2.1
14545;14595;1.6;3.8;5.0
14546;14596;2.5;3.25;2.6
14547;14597;1.2;5.5;12.0
14548;14598;4.33;3.75;1.67
14549;14599;3.0;3.4;2.15
14550;14600;2.5;3.4;2.5
14551;14601;1.44;4.2;6.0
14552;14602;1.4;4.0;7.5
14553;14603;4.33;3.75;1.67
14554;14604;2.2;3.4;2.62
14555;14605;1.29;5.0;8.5
14556;14606;3.8;3.6;1.83
14557;14607;5.0;3.6;1.61
14558;14608;1.8;3.5;4.0
14559;14609;2.3;3.4;2.75
14560;14610;1.53;3.6;6.0
14561;14611;3.75;3.5;1.83
14562;14612;2.2;3.5;2.8
14563;14613;1.91;3.5;3.5
14564;14614;1.3;4.5;10.0
14565;14615;2.0;3.4;3.3
14566;14616;2.25;3.4;2.62
14567;14617;2.1;3.3;3.2
14568;14618;1.14;6.5;15.0
14569;14619;1.44;4.0;6.5
14570;14620;9.0;4.33;1.33
14571;14621;1.44;4.0;6.5
14572;14622;2.45;3.2;2.5
14573;14623;7.0;4.5;1.36
14574;14624;1.91;3.5;3.5
14575;14625;2.0;3.4;3.3
14576;14626;5.0;3.6;1.61
14577;14627;1.36;4.5;7.0
14578;14628;1.4;4.33;6.5
14579;14629;1.17;6.5;12.0
14580;14630;4.33;3.75;1.67
14581;14631;1.91;3.5;3.5
14582;14632;1.83;3.5;3.75
14583;14633;1.5;4.2;5.5
14584;14634;2.2;3.5;2.8
14585;14635;3.0;3.5;2.1
14586;14636;1.12;7.0;15.0
14587;14637;1.22;6.0;10.0
14588;14638;4.0;3.75;1.73
14589;14639;2.25;3.5;2.75
14590;14640;1.62;4.0;4.5
14591;14641;6.5;4.33;1.44
14592;14642;2.9;3.0;1.91
14593;14643;1.7;3.75;4.2
14594;14644;1.85;3.5;3.8
14595;14645;2.45;3.2;2.7
14596;14646;2.3;3.5;2.7
14597;14647;2.9;3.6;2.15
14598;14648;3.1;3.4;2.1
14599;14649;1.5;4.2;5.5
14600;14650;1.17;6.5;13.0
14601;14651;1.8;3.6;3.75
14602;14652;2.2;3.6;2.75
14603;14653;1.67;3.6;4.5
14604;14654;2.8;3.3;2.3
14605;14655;1.1;8.0;17.0
14606;14656;2.8;3.4;2.25
14607;14657;2.2;3.5;2.8
14608;14658;3.5;3.5;1.91
14609;14659;2.2;3.5;2.8
14610;14660;1.91;3.4;3.6
14611;14661;1.53;3.8;5.5
14612;14662;1.8;3.5;4.0
14613;14663;1.83;3.5;3.75
14614;14664;2.4;3.25;2.7
14615;14665;4.33;3.75;1.67
14616;14666;1.17;6.5;12.0
14617;14667;1.83;3.5;3.75
14618;14668;5.5;4.0;1.5
14619;14669;2.05;3.5;3.5
14620;14670;1.17;6.5;12.0
14621;14671;3.4;3.3;2.05
14622;14672;2.1;3.5;3.0
14623;14673;2.6;3.3;2.5
14624;14674;1.6;3.6;5.5
14625;14675;1.4;4.2;7.0
14626;14676;3.1;3.4;2.1
14627;14677;4.0;3.5;1.8
14628;14678;3.3;3.4;2.0
14629;14679;2.8;3.5;2.2
14630;14680;1.44;4.2;6.0
14631;14681;1.33;4.5;8.0
14632;14682;7.5;4.0;1.4
14633;14683;1.36;4.5;7.0
14634;14684;1.91;3.4;3.6
14635;14685;1.2;5.5;13.0
14636;14686;2.4;3.4;2.62
14637;14687;1.22;5.5;11.0
14638;14688;2.0;3.4;3.3
14639;14689;10.0;5.0;1.25
14640;14690;1.36;4.33;7.5
14641;14691;1.44;3.8;7.0
14642;14692;2.3;3.3;2.8
14643;14693;1.18;6.5;11.0
14644;14694;1.57;4.0;5.0
14645;14695;2.6;3.4;2.4
14646;14696;1.73;3.5;3.8
14647;14697;1.53;3.6;5.0
14648;14698;2.2;3.2;2.8
14649;14700;1.1;7.0;13.0
14650;14701;1.44;3.75;6.0
14651;14702;3.2;3.2;2.0
14652;14703;3.6;3.4;1.8
14653;14704;5.5;3.6;1.5
14654;14705;2.38;3.4;2.62
14655;14706;2.25;3.6;2.7
14656;14707;1.91;3.5;3.5
14657;14708;3.4;3.5;1.95
14658;14709;4.0;3.75;1.73
14659;14710;1.67;4.0;4.0
14660;14711;2.2;3.3;3.0
14661;14712;1.2;6.0;11.0
14662;14713;4.0;3.75;1.73
14663;14714;1.2;6.5;9.0
14664;14715;4.0;3.6;1.8
14665;14716;1.73;3.5;4.5
14666;14717;1.95;3.5;3.5
14667;14718;2.88;3.4;2.25
14668;14719;1.73;3.5;4.5
14669;14720;1.73;3.6;4.33
14670;14721;2.0;3.5;3.4
14671;14722;5.0;3.75;1.62
14672;14723;2.5;3.4;2.5
14673;14724;1.91;3.5;3.5
14674;14725;8.0;4.5;1.33
14675;14726;1.2;6.0;11.0
14676;14727;1.95;3.5;3.4
14677;14728;1.2;6.0;11.0
14678;14729;1.4;4.5;6.5
14679;14730;1.2;6.0;11.0
14680;14731;2.3;3.4;2.75
14681;14732;1.05;10.0;26.0
14682;14733;5.5;3.6;1.5
14683;14734;1.12;7.0;15.0
14684;14735;3.25;3.5;1.91
14685;14736;1.44;4.2;6.0
14686;14737;2.5;3.4;2.5
14687;14738;1.85;3.6;3.75
14688;14739;3.5;3.75;1.83
14689;14740;2.0;3.6;3.2
14690;14741;3.2;3.6;2.1
14691;14742;1.2;6.5;13.0
14692;14743;8.0;4.4;1.4
14693;14744;3.0;3.5;2.25
14694;14745;1.33;5.0;8.5
14695;14746;3.6;3.6;1.95
14696;14747;2.75;3.5;2.4
14697;14748;1.53;4.0;6.0
14698;14749;1.91;3.6;3.75
14699;14750;1.91;3.5;3.5
14700;14751;1.57;4.0;4.8
14701;14752;2.8;3.4;2.25
14702;14753;1.91;3.5;3.5
14703;14754;2.2;3.4;2.88
14704;14755;2.4;3.4;2.62
14705;14756;1.1;8.0;17.0
14706;14757;1.44;4.2;6.0
14707;14758;4.8;4.0;1.57
14708;14759;1.17;7.0;11.0
14709;14760;7.5;4.6;1.35
14710;14761;1.53;4.2;5.0
14711;14762;3.0;3.4;2.15
14712;14763;1.22;6.0;10.0
14713;14764;1.55;3.8;5.5
14714;14765;1.4;4.5;6.5
14715;14766;6.0;4.4;1.44
14716;14767;2.5;3.25;2.6
14717;14768;2.4;3.4;2.62
14718;14769;2.3;3.3;2.8
14719;14770;1.4;4.5;6.5
14720;14771;1.33;4.5;8.0
14721;14772;1.36;4.5;7.0
14722;14773;7.0;4.5;1.36
14723;14774;1.57;4.2;4.5
14724;14775;4.5;3.6;1.67
14725;14776;1.4;4.5;6.5
14726;14777;1.5;3.75;6.0
14727;14778;1.36;4.5;7.0
14728;14779;2.2;3.3;3.0
14729;14780;1.61;3.6;5.0
14730;14781;1.73;3.4;4.5
14731;14782;1.35;4.6;7.5
14732;14783;2.25;3.3;2.9
14733;14784;1.7;3.8;4.2
14734;14785;8.0;5.5;1.29
14735;14786;1.91;3.6;3.5
14736;14787;2.8;3.4;2.25
14737;14788;2.5;3.4;2.5
14738;14789;1.62;3.6;5.0
14739;14790;1.2;6.0;11.0
14740;14791;1.12;7.0;15.0
14741;14792;2.8;3.4;2.25
14742;14793;1.67;3.6;4.5
14743;14794;1.67;3.6;4.5
14744;14795;4.5;3.6;1.67
14745;14796;5.5;3.6;1.57
14746;14797;3.5;3.5;1.91
14747;14798;1.06;10.0;26.0
14748;14799;1.61;3.6;5.0
14749;14800;2.3;3.3;2.8
14750;14801;1.53;3.8;5.5
14751;14802;5.5;4.0;1.5
14752;14803;1.73;3.75;4.0
14753;14804;1.12;7.0;15.0
14754;14805;2.3;3.5;2.7
14755;14806;2.25;3.4;2.8
14756;14807;6.5;4.0;1.44
14757;14808;1.36;4.5;7.0
14758;14809;2.1;3.4;3.1
14759;14810;4.2;3.6;1.73
14760;14811;1.57;4.0;4.8
14761;14812;1.62;3.8;5.0
14762;14813;4.5;3.75;1.67
14763;14814;4.2;3.8;1.7
14764;14815;2.15;3.5;3.0
14765;14816;2.0;3.4;3.4
14766;14817;2.1;3.6;3.0
14767;14818;1.5;4.2;5.5
14768;14819;2.25;3.5;2.75
14769;14820;1.67;3.8;4.33
14770;14821;1.62;3.8;4.8
14771;14822;3.0;3.5;2.1
14772;14823;6.5;4.33;1.4
14773;14824;1.14;7.0;13.0
14774;14825;2.2;3.4;2.9
14775;14826;1.8;3.5;4.0
14776;14827;1.25;5.5;9.0
14777;14828;2.2;3.4;2.9
14778;14829;4.33;3.75;1.67
14779;14830;1.67;3.75;4.33
14780;14831;2.3;3.5;2.7
14781;14832;1.57;4.2;4.5
14782;14833;1.36;4.5;7.0
14783;14834;1.33;5.0;7.0
14784;14835;1.17;7.0;11.0
14785;14836;3.5;3.5;1.91
14786;14837;2.2;3.75;2.7
14787;14838;1.91;3.75;3.25
14788;14839;2.2;3.6;2.8
14789;14840;1.44;4.33;5.8
14790;14841;2.25;3.3;2.88
14791;14842;2.1;3.4;3.1
14792;14843;4.33;3.75;1.67
14793;14844;1.62;3.6;5.0
14794;14845;1.91;3.5;3.5
14795;14846;5.0;3.75;1.6
14796;14847;3.5;3.4;1.95
14797;14848;1.44;4.2;6.0
14798;14849;1.25;5.5;12.0
14799;14850;1.36;4.5;7.0
14800;14851;1.8;3.5;4.0
14801;14852;3.6;3.6;1.85
14802;14853;1.36;4.5;7.0
14803;14854;2.15;3.4;3.0
14804;14855;1.3;5.0;8.0
14805;14856;1.73;3.75;4.0
14806;14857;4.33;3.75;1.67
14807;14858;4.0;3.75;1.75
14808;14859;1.53;4.4;4.75
14809;14860;2.38;3.5;2.6
14810;14861;3.6;3.4;1.91
14811;14862;1.53;3.8;5.5
14812;14863;6.5;4.0;1.44
14813;14864;2.25;3.2;3.0
14814;14865;1.91;3.5;3.5
14815;14866;1.3;5.0;8.0
14816;14867;1.83;3.5;3.75
14817;14868;1.2;6.0;11.0
14818;14869;2.88;3.2;2.3
14819;14870;1.91;3.4;3.6
14820;14871;2.2;3.4;2.62
14821;14872;2.5;3.4;2.5
14822;14874;3.3;3.4;2.0
14823;14875;1.83;3.5;3.75
14824;14876;2.05;3.75;3.0
14825;14877;2.0;3.5;3.2
14826;14878;2.2;3.4;2.88
14827;14879;1.17;6.5;12.0
14828;14880;1.25;5.5;9.0
14829;14881;4.8;4.0;1.57
14830;14882;1.33;4.5;8.0
14831;14883;2.75;3.4;2.3
14832;14884;3.2;3.6;2.0
14833;14885;6.0;3.75;1.5
14834;14886;1.83;3.5;3.75
14835;14887;1.33;4.33;9.0
14836;14888;1.67;3.75;4.33
14837;14889;4.2;3.6;1.73
14838;14890;2.1;3.4;3.1
14839;14891;2.0;3.4;3.3
14840;14892;1.22;5.5;11.0
14841;14893;5.5;4.0;1.5
14842;14894;1.25;5.5;9.0
14843;14895;1.53;4.2;5.0
14844;14896;1.57;4.0;4.8
14845;14897;3.6;3.75;1.8
14846;14898;2.7;3.4;2.3
14847;14899;1.62;3.75;4.8
14848;14900;1.83;3.75;3.5
14849;14901;2.0;3.75;3.0
14850;14902;4.5;3.6;1.67
14851;14903;1.75;3.5;4.33
14852;14904;1.95;3.4;3.5
14853;14905;1.91;3.4;3.6
14854;14906;2.7;3.25;2.4
14855;14907;1.14;7.0;13.0
14856;14908;4.33;3.75;1.67
14857;14909;1.73;3.6;4.2
14858;14910;1.83;3.5;3.75
14859;14911;3.0;3.4;2.15
14860;14912;1.7;3.8;4.2
14861;14913;4.8;4.2;1.55
14862;14914;2.38;3.3;2.75
14863;14915;1.62;4.0;4.5
14864;14916;1.85;3.8;3.5
14865;14917;2.6;3.5;2.4
14866;14918;5.5;4.6;1.44
14867;14919;4.0;3.75;1.75
14868;14920;1.25;5.5;9.0
14869;14921;1.83;3.75;3.5
14870;14922;1.73;3.75;4.0
14871;14923;1.44;4.2;6.0
14872;14924;1.73;3.75;4.0
14873;14925;1.73;3.75;4.0
14874;14926;1.8;3.6;3.8
14875;14927;1.25;5.0;11.0
14876;14928;6.0;4.2;1.44
14877;14929;5.0;4.2;1.53
14878;14930;2.15;3.6;2.9
14879;14931;4.5;4.0;1.62
14880;14932;1.67;4.0;4.0
14881;14933;4.0;3.6;1.8
14882;14934;1.83;4.0;3.3
14883;14935;3.3;3.6;1.95
14884;14936;1.91;3.75;3.3
14885;14937;1.22;5.0;9.5
14886;14938;2.25;3.6;2.7
14887;14939;1.17;6.5;12.0
14888;14940;1.2;6.0;10.0
14889;14941;3.0;3.5;2.1
14890;14942;2.0;3.6;3.2
14891;14943;2.4;3.3;2.7
14892;14944;2.1;3.5;3.0
14893;14945;1.91;3.6;3.5
14894;14946;6.0;4.2;1.44
14895;14947;2.1;3.5;3.0
14896;14948;1.33;5.0;7.0
14897;14949;1.44;4.33;6.0
14898;14950;1.91;3.6;3.5
14899;14951;1.7;3.8;4.2
14900;14952;1.91;3.75;3.3
14901;14953;1.29;5.5;7.5
14902;14954;2.15;3.3;3.1
14903;14955;1.7;3.8;4.2
14904;14956;4.8;4.2;1.55
14905;14957;2.0;3.6;3.2
14906;14958;1.8;3.5;4.0
14907;14959;1.55;4.2;4.8
14908;14960;4.33;3.5;1.73
14909;14961;1.91;3.5;3.6
14910;14962;1.36;4.75;7.0
14911;14963;1.91;3.75;3.3
14912;14964;2.15;3.6;2.9
14913;14965;1.3;5.0;8.5
14914;14966;2.25;3.75;2.62
14915;14967;2.0;3.6;3.2
14916;14968;1.44;4.5;5.5
14917;14969;1.91;3.6;3.5
14918;14970;1.29;5.0;9.0
14919;14971;2.15;3.4;3.0
14920;14972;4.6;4.2;1.57
14921;14973;2.0;3.5;3.3
14922;14974;4.2;3.8;1.7
14923;14975;1.53;4.2;5.0
14924;14976;1.62;4.0;4.5
14925;14977;4.2;3.6;1.73
14926;14978;1.22;6.0;9.5
14927;14979;2.3;3.6;2.62
14928;14980;1.2;6.0;11.0
14929;14981;6.0;4.2;1.44
14930;14982;4.0;3.75;1.73
14931;14983;2.3;3.5;2.7
14932;14984;1.4;4.2;6.0
14933;14985;2.0;3.6;2.88
14934;14986;1.57;4.0;4.2
14935;14987;7.0;4.0;1.36
14936;14988;2.15;3.4;2.75
14937;14989;1.4;3.75;7.0
14938;14990;1.91;3.3;3.4
14939;14991;2.0;3.3;3.1
14940;14992;1.44;3.75;6.0
14941;14993;1.4;4.5;6.5
14942;14994;1.62;4.2;4.33
14943;14995;1.17;6.5;13.0
14944;14996;1.29;5.0;9.0
14945;14997;8.5;5.0;1.3
14946;14998;2.05;3.5;3.2
14947;14999;3.1;3.4;2.1
14948;15000;4.0;3.75;1.75
14949;15001;2.2;3.3;3.0
14950;15002;2.75;3.4;2.3
14951;15003;2.3;3.5;2.7
14952;15004;1.12;7.0;15.0
14953;15005;2.7;3.5;2.3
14954;15006;3.2;3.6;2.0
14955;15007;1.36;4.5;7.0
14956;15008;1.57;3.8;5.0
14957;15009;2.25;3.4;2.8
14958;15010;1.44;4.0;6.5
14959;15011;2.25;3.2;3.0
14960;15012;2.25;3.4;2.8
14961;15013;2.05;3.75;3.0
14962;15014;1.3;5.0;8.0
14963;15015;1.57;4.2;4.5
14964;15016;1.73;3.75;4.0
14965;15017;1.91;3.5;3.5
14966;15018;1.25;5.5;9.0
14967;15019;1.73;3.75;4.0
14968;15020;2.2;3.5;2.8
14969;15021;3.5;4.0;1.8
14970;15022;6.0;4.33;1.44
14971;15023;2.0;3.4;3.3
14972;15024;2.0;3.6;3.2
14973;15025;1.1;9.0;13.0
14974;15026;2.8;3.5;2.2
14975;15027;1.75;4.0;3.75
14976;15028;3.75;3.6;1.83
14977;15029;1.67;3.8;4.4
14978;15030;1.75;4.0;3.75
14979;15031;3.2;3.6;2.0
14980;15032;2.62;3.6;2.3
14981;15033;1.2;6.0;11.0
14982;15034;1.17;7.0;11.0
14983;15035;2.1;3.75;2.88
14984;15036;2.2;3.6;2.8
14985;15037;2.0;3.5;3.3
14986;15038;4.33;4.2;1.62
14987;15039;1.33;5.0;7.0
14988;15040;2.4;3.6;2.5
14989;15041;1.22;5.5;10.0
14990;15042;1.5;4.33;5.0
14991;15043;1.91;3.5;3.6
14992;15044;4.0;4.0;1.7
14993;15045;4.2;4.0;1.67
14994;15046;2.4;3.6;2.5
14995;15047;1.2;6.0;11.0
14996;15048;2.8;3.5;2.2
14997;15049;2.1;3.3;3.2
14998;15050;2.4;3.75;2.45
14999;15051;1.7;4.2;3.8
15000;15052;1.2;6.0;11.0
15001;15053;1.22;6.0;9.5
15002;15054;3.75;3.6;1.8
15003;15055;3.5;3.5;1.91
15004;15056;4.5;4.2;1.57
15005;15057;1.83;3.6;3.75
15006;15058;6.5;4.33;1.4
15007;15059;2.3;3.4;2.75
15008;15060;1.57;3.8;5.0
15009;15061;1.29;4.5;11.0
15010;15062;2.5;3.4;2.5
15011;15063;3.0;3.5;2.1
15012;15064;2.8;3.5;2.2
15013;15065;2.0;3.4;3.3
15014;15066;1.7;4.0;4.0
15015;15067;1.12;8.0;13.0
15016;15068;1.44;4.6;5.5
15017;15069;1.83;3.6;3.75
15018;15070;1.73;3.8;4.0
15019;15071;1.4;4.5;6.5
15020;15072;5.0;4.4;1.5
15021;15073;1.75;3.75;4.0
15022;15074;3.3;3.75;1.91
15023;15075;1.33;4.8;7.5
15024;15076;2.2;3.5;2.88
15025;15077;1.7;3.75;4.2
15026;15078;2.3;3.5;2.7
15027;15079;1.4;4.75;6.0
15028;15080;1.83;3.75;3.6
15029;15081;4.4;3.8;1.67
15030;15082;1.75;3.75;4.0
15031;15083;2.1;3.5;3.0
15032;15084;2.0;3.5;3.2
15033;15085;1.73;3.75;4.0
15034;15086;4.5;4.0;1.62
15035;15087;2.62;3.4;2.4
15036;15088;1.29;4.8;9.0
15037;15089;3.2;3.6;2.0
15038;15090;2.1;3.2;3.25
15039;15091;1.91;3.5;3.5
15040;15092;1.25;5.0;10.0
15041;15093;3.4;3.5;1.95
15042;15094;1.67;3.8;4.4
15043;15095;1.83;3.6;3.8
15044;15096;2.0;3.4;3.3
15045;15097;1.29;5.0;8.5
15046;15098;1.7;4.0;4.0
15047;15099;3.0;3.5;2.1
15048;15100;1.36;4.5;7.0
15049;15101;5.0;4.2;1.53
15050;15102;2.62;3.75;2.25
15051;15103;2.0;3.4;3.3
15052;15104;2.1;3.4;3.1
15053;15105;2.4;3.4;2.62
15054;15106;1.25;5.5;9.0
15055;15107;2.62;3.4;2.4
15056;15108;1.14;7.0;13.0
15057;15109;2.5;3.4;2.5
15058;15110;1.91;3.4;3.6
15059;15111;1.44;4.2;7.5
15060;15112;4.2;3.5;1.83
15061;15113;2.15;3.3;3.4
15062;15114;2.62;3.2;2.7
15063;15115;4.5;4.0;1.7
15064;15116;2.7;3.2;2.62
15065;15117;1.6;3.75;6.0
15066;15118;5.5;3.75;1.62
15067;15119;1.53;4.2;5.0
15068;15120;1.33;5.0;9.0
15069;15121;2.2;3.3;3.3
15070;15122;1.22;6.0;12.0
15071;15123;3.4;3.3;2.15
15072;15124;4.5;3.5;1.8
15073;15125;1.83;3.75;4.0
15074;15126;5.0;4.2;1.6
15075;15127;2.25;3.2;3.3
15076;15128;2.2;3.3;3.3
15077;15129;1.14;7.0;21.0
15078;15130;1.4;4.5;8.0
15079;15131;1.53;4.0;6.0
15080;15132;1.25;5.5;12.0
15081;15133;3.6;3.5;2.0
15082;15134;2.25;3.4;3.1
15083;15135;1.67;3.8;5.0
15084;15136;1.53;4.0;6.0
15085;15137;2.25;3.75;2.9
15086;15138;2.1;3.4;3.4
15087;15139;1.53;4.0;6.0
15088;15140;2.8;3.2;2.5
15089;15141;3.75;3.5;1.95
15090;15142;6.0;4.0;1.53
15091;15143;2.05;3.4;3.5
15092;15144;2.4;3.4;2.8
15093;15145;5.0;3.6;1.7
15094;15146;1.14;7.5;12.0
15095;15147;2.25;3.75;2.62
15096;15148;2.05;3.5;3.1
15097;15149;1.73;3.5;4.33
15098;15150;1.4;4.8;6.0
15099;15151;4.2;3.75;1.7
15100;15152;3.3;3.4;2.0
15101;15153;2.0;3.6;3.2
15102;15154;2.3;3.5;2.7
15103;15155;2.8;3.6;2.2
15104;15156;1.67;4.0;4.0
15105;15157;2.3;3.5;2.7
15106;15158;1.29;5.5;8.0
15107;15159;2.0;3.4;3.3
15108;15160;4.33;3.8;1.67
15109;15161;2.4;3.4;2.6
15110;15162;1.33;4.8;7.5
15111;15163;1.83;3.8;4.0
15112;15164;1.44;4.33;7.0
15113;15165;8.0;4.5;1.4
15114;15166;1.44;4.33;7.0
15115;15167;11.0;5.0;1.29
15116;15168;1.3;5.0;11.0
15117;15169;1.73;3.5;5.0
15118;15170;2.1;3.5;3.3
15119;15171;2.2;3.5;3.1
15120;15172;2.2;3.5;3.1
15121;15173;1.33;5.0;7.0
15122;15174;2.9;3.5;2.15
15123;15175;1.6;4.0;4.5
15124;15176;1.4;4.5;6.5
15125;15177;2.7;3.5;2.3
15126;15178;1.25;6.0;8.0
15127;15179;1.53;4.2;5.0
15128;15180;3.1;3.5;2.05
15129;15181;2.15;3.4;3.0
15130;15182;1.53;4.2;4.8
15131;15183;2.05;3.6;3.4
15132;15184;3.5;3.4;2.05
15133;15185;1.17;7.0;15.0
15134;15186;1.62;4.0;5.0
15135;15187;1.36;4.5;9.0
15136;15188;9.0;4.5;1.36
15137;15189;8.0;4.5;1.4
15138;15190;1.44;4.33;7.0
15139;15191;1.25;5.0;11.0
15140;15192;1.44;4.0;6.5
15141;15193;1.29;5.0;8.5
15142;15194;2.4;3.25;2.7
15143;15195;3.0;3.3;2.2
15144;15196;1.67;3.75;4.33
15145;15197;2.4;3.25;2.7
15146;15198;1.7;3.75;4.2
15147;15199;1.67;3.75;4.33
15148;15200;1.4;4.75;6.0
15149;15201;5.0;3.8;1.57
15150;15202;2.5;3.4;2.5
15151;15203;2.1;3.5;3.0
15152;15204;2.4;3.4;2.6
15153;15205;2.1;3.3;3.2
15154;15206;2.75;3.3;2.38
15155;15207;1.83;3.5;3.75
15156;15208;2.3;3.5;2.7
15157;15209;1.5;4.2;5.5
15158;15210;1.25;5.5;12.0
15159;15211;2.7;3.1;2.7
15160;15212;1.36;4.5;9.0
15161;15213;1.57;3.8;6.0
15162;15214;3.3;3.3;2.2
15163;15215;1.8;3.5;4.0
15164;15216;2.3;3.4;3.0
15165;15217;1.7;3.6;5.0
15166;15218;1.7;3.8;4.2
15167;15219;1.22;6.0;9.5
15168;15220;4.0;3.75;1.75
15169;15221;1.91;3.5;3.6
15170;15222;1.5;4.2;5.5
15171;15223;1.18;6.0;13.0
15172;15224;2.1;3.6;3.0
15173;15225;2.3;3.5;2.7
15174;15226;1.67;4.0;4.2
15175;15227;2.05;3.4;3.25
15176;15228;9.5;5.5;1.25
15177;15229;3.6;3.5;1.91
15178;15230;1.91;3.6;3.5
15179;15231;1.33;4.8;7.5
15180;15232;2.8;3.5;2.25
15181;15233;3.6;3.5;1.91
15182;15234;2.15;3.6;2.9
15183;15235;1.5;4.2;5.5
15184;15236;2.75;3.3;2.38
15185;15237;1.29;5.0;8.5
15186;15238;2.0;3.6;3.2
15187;15239;4.6;3.75;1.65
15188;15240;1.17;6.5;12.0
15189;15241;1.25;5.0;10.0
15190;15242;1.8;3.6;3.8
15191;15243;4.8;4.2;1.55
15192;15244;2.25;3.4;2.8
15193;15245;3.5;3.6;1.91
15194;15246;5.0;4.0;1.57
15195;15247;2.38;3.3;2.75
15196;15248;1.5;4.2;5.5
15197;15249;1.67;3.6;4.75
15198;15250;2.5;3.3;2.6
15199;15251;1.4;4.5;6.5
15200;15252;1.6;3.8;5.0
15201;15253;2.0;3.4;3.4
15202;15254;3.0;3.2;2.25
15203;15255;2.5;3.25;2.62
15204;15256;3.4;3.4;2.0
15205;15257;1.04;11.0;26.0
15206;15258;2.3;3.5;2.7
15207;15259;3.0;3.3;2.2
15208;15260;1.7;3.8;4.2
15209;15261;2.0;3.5;3.3
15210;15262;1.18;6.0;13.0
15211;15263;2.75;3.3;2.38
15212;15264;1.53;4.2;5.0
15213;15265;1.8;3.5;4.0
15214;15266;1.29;5.0;9.0
15215;15267;1.75;3.75;4.0
15216;15268;2.6;3.25;2.5
15217;15269;3.5;3.6;1.91
15218;15270;2.0;3.3;3.5
15219;15271;1.6;3.8;5.0
15220;15272;2.62;3.3;2.45
15221;15273;1.83;3.5;3.8
15222;15274;3.6;3.75;1.83
15223;15275;2.38;3.3;2.7
15224;15276;7.0;4.5;1.36
15225;15277;1.4;4.5;6.5
15226;15278;1.2;5.5;13.0
15227;15279;1.33;4.5;8.0
15228;15280;2.3;3.4;2.75
15229;15281;1.57;4.0;5.0
15230;15282;1.22;6.0;10.0
15231;15283;2.15;3.4;3.0
15232;15284;2.15;3.3;3.1
15233;15285;2.15;3.3;3.1
15234;15286;1.62;3.8;4.75
15235;15287;2.45;3.4;2.6
15236;15288;1.75;3.75;4.0
15237;15289;8.5;5.0;1.3
15238;15290;1.53;4.2;5.0
15239;15291;4.5;4.0;1.62
15240;15292;1.33;4.6;8.0
15241;15293;2.45;3.4;2.6
15242;15294;1.75;3.75;4.0
15243;15295;1.44;4.33;6.0
15244;15296;2.5;3.5;2.6
15245;15297;3.1;3.4;2.1
15246;15298;1.73;3.6;4.33
15247;15299;2.0;3.5;3.3
15248;15300;1.33;4.8;7.5
15249;15301;1.44;4.33;6.0
15250;15302;2.9;3.6;2.15
15251;15303;3.2;3.6;2.0
15252;15304;3.1;3.6;2.05
15253;15305;3.2;3.6;2.0
15254;15306;2.2;3.3;3.0
15255;15307;1.73;3.6;4.33
15256;15308;2.3;3.6;2.88
15257;15309;2.8;3.2;2.5
15258;15310;1.5;4.33;6.0
15259;15311;1.44;4.33;7.0
15260;15312;1.83;3.6;4.0
15261;15313;2.8;3.4;2.4
15262;15314;4.0;3.6;1.83
15263;15315;2.5;3.2;2.8
15264;15316;1.95;3.5;3.8
15265;15317;1.22;6.0;9.5
15266;15318;4.0;3.75;1.73
15267;15319;1.95;3.6;3.3
15268;15320;1.55;3.8;5.5
15269;15321;3.5;3.6;1.91
15270;15322;4.0;3.75;1.73
15271;15323;4.0;3.5;1.8
15272;15324;2.15;3.4;3.0
15273;15325;2.1;3.4;3.1
15274;15326;1.75;3.75;4.0
15275;15327;1.73;3.75;4.0
15276;15328;1.29;5.5;7.5
15277;15329;1.12;7.0;15.0
15278;15330;2.0;3.4;3.3
15279;15331;1.12;7.0;15.0
15280;15332;2.4;3.4;2.6
15281;15333;1.22;6.0;9.5
15282;15334;2.6;3.4;2.4
15283;15335;3.4;3.6;1.91
15284;15336;1.73;3.8;4.0
15285;15337;2.15;3.4;3.0
15286;15338;2.4;3.4;2.6
15287;15339;5.0;4.33;1.5
15288;15340;4.0;3.75;1.73
15289;15341;2.88;3.4;2.2
15290;15342;4.0;3.75;1.73
15291;15343;1.67;4.0;4.0
15292;15344;2.05;3.6;3.1
15293;15345;1.75;3.75;4.0
15294;15346;1.6;4.0;4.6
15295;15347;2.05;3.6;3.1
15296;15348;2.75;3.4;2.3
15297;15349;1.4;4.33;6.5
15298;15350;1.25;5.5;9.0
15299;15351;2.0;3.4;3.3
15300;15352;1.2;6.0;11.0
15301;15353;2.45;3.75;2.4
15302;15354;2.15;3.6;2.88
15303;15355;8.5;6.5;1.22
15304;15356;2.6;3.5;2.38
15305;15357;4.0;4.0;1.67
15306;15358;3.4;3.6;1.95
15307;15359;1.7;4.2;3.8
15308;15360;1.25;6.0;8.0
15309;15361;6.0;4.8;1.4
15310;15362;2.05;3.4;3.2
15311;15363;2.1;3.5;3.3
15312;15364;3.2;3.6;2.1
15313;15365;2.15;3.5;3.2
15314;15366;1.73;4.2;4.0
15315;15367;1.57;4.0;5.5
15316;15368;2.5;3.5;2.62
15317;15369;4.2;3.6;1.83
15318;15370;1.91;3.6;3.75
15319;15371;1.29;5.0;12.0
15320;15372;1.3;5.0;10.0
15321;15373;2.0;3.4;3.75
15322;15374;1.4;4.5;8.0
15323;15375;4.2;3.5;1.83
15324;15376;2.15;3.3;3.4
15325;15377;2.25;3.3;3.1
15326;15378;1.4;4.5;8.0
15327;15379;2.4;3.3;2.9
15328;15380;2.0;3.5;3.6
15329;15381;2.15;3.4;3.3
15330;15382;1.75;3.75;4.5
15331;15383;1.75;3.75;4.5
15332;15384;4.5;3.75;1.75
15333;15385;2.4;3.3;2.9
15334;15386;2.62;3.1;2.8
15335;15387;1.4;4.5;8.0
15336;15388;1.95;3.5;3.75
15337;15389;4.5;3.4;1.83
15338;15390;4.5;3.4;1.83
15339;15391;1.75;3.4;5.0
15340;15392;4.5;3.4;1.83
15341;15393;2.25;3.2;3.2
15342;15394;2.7;3.1;2.7
15343;15395;1.83;3.4;4.5
15344;15396;1.4;4.5;8.0
15345;15397;3.3;3.3;2.2
15346;15398;1.5;4.4;5.0
15347;15399;2.2;3.3;3.3
15348;15400;1.6;3.8;5.5
15349;15401;2.7;3.1;2.7
15350;15402;1.8;3.5;4.5
15351;15403;1.25;5.5;12.0
15352;15404;3.1;3.4;2.25
15353;15405;1.44;4.33;7.0
15354;15406;1.4;4.5;8.0
15355;15407;3.3;3.2;2.25
15356;15408;1.5;4.33;6.0
15357;15409;2.2;3.3;3.3
15358;15410;1.33;5.0;9.0
15359;15411;2.25;3.2;3.3
15360;15412;1.91;3.5;4.0
15361;15413;2.7;3.1;2.7
15362;15414;2.8;3.2;2.5
15363;15415;1.62;3.75;5.5
15364;15416;1.5;4.2;5.5
15365;15417;1.75;3.75;4.0
15366;15418;2.15;3.4;3.0
15367;15419;4.6;4.2;1.57
15368;15420;1.4;4.5;6.5
15369;15421;2.75;3.4;2.3
15370;15422;1.83;3.6;3.8
15371;15423;2.5;3.3;2.6
15372;15424;2.8;3.5;2.25
15373;15425;2.15;3.6;2.9
15374;15426;2.15;3.3;3.1
15375;15427;3.25;3.75;1.95
15376;15428;4.2;3.8;1.7
15377;15429;1.8;3.5;4.0
15378;15430;2.3;3.5;2.7
15379;15431;2.5;3.4;2.5
15380;15432;2.25;3.4;2.88
15381;15433;1.4;4.5;6.5
15382;15434;1.8;3.5;4.0
15383;15435;2.0;3.5;3.3
15384;15436;1.2;6.0;11.0
15385;15437;4.2;3.8;1.7
15386;15438;8.0;5.5;1.29
15387;15439;4.2;3.75;1.7
15388;15440;1.7;3.8;4.2
15389;15441;2.0;3.5;3.3
15390;15442;1.83;3.6;3.75
15391;15443;2.4;3.3;2.7
15392;15444;2.0;3.6;3.2
15393;15445;1.5;4.0;5.5
15394;15446;1.8;3.5;4.0
15395;15447;2.38;3.5;2.6
15396;15448;1.33;5.0;7.0
15397;15449;2.5;3.25;2.6
15398;15450;2.15;3.3;3.1
15399;15451;1.5;4.0;5.5
15400;15452;1.91;3.5;3.5
15401;15453;2.5;3.4;2.5
15402;15454;1.18;6.0;13.0
15403;15455;5.5;4.0;1.5
15404;15456;3.2;3.4;2.05
15405;15457;1.62;4.0;4.5
15406;15458;1.33;4.8;7.5
15407;15459;2.2;3.3;3.0
15408;15460;3.4;3.5;1.95
15409;15461;1.75;3.75;4.0
15410;15462;1.6;4.0;4.6
15411;15463;5.5;4.2;1.5
15412;15464;2.0;3.5;3.3
15413;15465;1.44;4.33;6.0
15414;15466;4.6;3.75;1.65
15415;15467;1.91;3.5;3.6
15416;15468;1.91;3.6;3.5
15417;15469;1.36;5.0;6.5
15418;15470;1.73;3.8;4.0
15419;15471;2.1;3.4;3.1
15420;15472;3.5;3.6;1.91
15421;15473;2.8;3.6;2.2
15422;15474;1.29;5.0;9.0
15423;15475;1.73;3.6;4.33
15424;15476;1.33;4.8;7.5
15425;15477;2.1;3.4;3.1
15426;15478;2.88;3.4;2.25
15427;15479;1.7;3.8;4.2
15428;15480;1.7;3.8;4.2
15429;15481;2.7;3.3;2.4
15430;15482;1.1;9.5;21.0
15431;15483;2.15;3.3;3.1
15432;15484;3.8;3.6;1.83
15433;15485;2.3;3.5;2.7
15434;15486;4.6;3.75;1.65
15435;15487;2.6;3.5;2.38
15436;15488;1.35;4.8;7.5
15437;15489;1.65;3.75;4.8
15438;15490;2.05;3.5;3.25
15439;15491;1.25;6.0;9.0
15440;15492;2.1;3.6;3.1
15441;15493;1.91;3.6;3.6
15442;15494;1.83;3.75;3.75
15443;15495;4.0;3.6;1.8
15444;15496;1.11;8.0;19.0
15445;15497;2.38;3.6;2.62
15446;15498;3.75;3.75;1.83
15447;15499;2.1;3.6;3.1
15448;15500;3.0;3.4;2.2
15449;15501;2.4;3.4;2.7
15450;15502;4.8;3.75;1.65
15451;15503;2.45;3.4;2.62
15452;15504;2.4;3.4;2.7
15453;15505;2.05;3.5;3.25
15454;15506;2.2;3.3;3.1
15455;15507;1.62;4.0;4.75
15456;15508;1.55;4.0;5.5
15457;15509;1.91;3.6;3.6
15458;15510;2.05;3.5;3.25
15459;15511;3.6;3.6;1.91
15460;15512;1.73;3.8;4.2
15461;15513;1.22;6.0;11.0
15462;15514;1.8;3.6;4.0
15463;15515;1.44;4.33;6.0
15464;15516;2.7;3.3;2.4
15465;15517;1.3;5.0;8.5
15466;15518;1.6;4.0;4.6
15467;15519;3.2;3.5;2.05
15468;15520;1.3;5.0;8.0
15469;15521;3.6;3.5;1.91
15470;15522;2.3;3.5;2.7
15471;15523;2.2;3.5;2.88
15472;15524;2.0;3.4;3.4
15473;15525;1.29;5.0;9.0
15474;15526;1.44;4.33;6.0
15475;15527;2.0;3.6;3.2
15476;15528;3.0;3.4;2.15
15477;15529;7.5;4.8;1.33
15478;15530;1.44;4.33;6.0
15479;15531;3.4;3.4;2.0
15480;15532;1.33;4.8;7.5
15481;15533;2.0;3.5;3.3
15482;15534;1.29;5.0;8.5
15483;15535;1.95;3.4;3.5
15484;15536;1.08;9.0;17.0
15485;15537;2.5;3.2;2.62
15486;15538;6.5;4.33;1.4
15487;15539;2.7;3.25;2.5
15488;15540;1.29;5.0;8.5
15489;15541;2.62;3.4;2.38
15490;15542;2.5;3.25;2.6
15491;15543;1.62;3.75;5.0
15492;15544;1.91;3.5;3.5
15493;15545;2.25;3.4;2.8
15494;15546;2.05;3.4;3.2
15495;15547;1.7;3.5;4.6
15496;15548;2.7;3.3;2.4
15497;15549;1.67;3.6;4.5
15498;15550;3.8;4.0;1.73
15499;15551;3.6;3.75;1.83
15500;15552;2.7;3.3;2.38
15501;15553;1.67;3.5;4.8
15502;15554;2.4;3.5;2.6
15503;15555;1.6;4.0;4.5
15504;15556;4.0;3.5;1.8
15505;15557;3.3;3.4;2.0
15506;15558;2.5;3.25;2.6
15507;15559;5.5;3.8;1.55
15508;15560;1.95;3.4;3.3
15509;15561;1.53;4.2;5.0
15510;15562;1.83;3.6;3.8
15511;15563;1.29;5.0;9.0
15512;15564;1.53;4.2;5.0
15513;15565;1.4;4.5;6.5
15514;15566;1.6;3.8;5.0
15515;15567;1.15;6.5;15.0
15516;15568;4.0;3.75;1.75
15517;15569;2.5;3.25;2.62
15518;15570;1.7;3.8;4.2
15519;15571;3.0;3.4;2.15
15520;15572;1.29;5.5;8.0
15521;15573;1.44;4.2;6.5
15522;15574;1.8;3.5;4.0
15523;15575;2.9;3.6;2.15
15524;15576;2.15;3.4;3.0
15525;15577;1.75;3.75;4.0
15526;15578;2.4;3.3;2.7
15527;15579;1.62;4.0;4.5
15528;15580;1.36;4.75;7.0
15529;15581;5.0;4.2;1.53
15530;15582;2.3;3.5;2.7
15531;15583;2.0;3.4;3.4
15532;15584;4.0;3.5;1.8
15533;15585;3.0;3.2;2.25
15534;15586;1.33;4.8;7.5
15535;15587;2.75;3.25;2.4
15536;15588;3.4;3.4;2.0
15537;15589;1.2;7.0;11.0
15538;15590;1.83;3.6;3.75
15539;15591;2.38;3.3;2.75
15540;15592;1.65;3.75;4.6
15541;15593;1.83;3.6;3.75
15542;15594;2.38;3.3;2.75
15543;15595;1.25;5.0;10.0
15544;15596;1.35;4.6;7.5
15545;15597;1.91;3.6;3.5
15546;15598;1.22;6.0;9.5
15547;15599;2.0;3.3;3.5
15548;15600;2.5;3.25;2.6
15549;15601;2.7;3.5;2.3
15550;15602;3.0;3.3;2.2
15551;15603;2.0;3.4;3.4
15552;15604;1.95;3.4;3.5
15553;15605;3.0;3.4;2.15
15554;15606;2.0;3.4;3.4
15555;15607;3.2;3.6;2.0
15556;15608;1.29;5.0;9.0
15557;15609;2.4;3.3;2.7
15558;15610;3.3;3.3;2.05
15559;15611;2.25;3.3;2.9
15560;15612;1.83;3.4;4.0
15561;15613;1.29;5.0;9.0
15562;15614;1.67;3.8;4.4
15563;15615;1.75;3.75;4.0
15564;15616;3.75;4.0;1.75
15565;15617;4.2;3.75;1.7
15566;15618;1.95;3.5;3.4
15567;15619;2.3;3.4;2.75
15568;15620;1.95;3.5;3.4
15569;15621;2.15;3.4;3.0
15570;15622;1.62;4.0;4.5
15571;15623;1.91;3.5;3.6
15572;15624;2.5;3.3;2.6
15573;15625;8.5;5.0;1.3
15574;15626;1.62;3.8;4.8
15575;15627;1.17;6.5;13.0
15576;15628;2.9;3.6;2.15
15577;15629;1.5;4.2;5.5
15578;15630;1.67;3.75;4.5
15579;15631;3.1;3.6;2.05
15580;15632;2.4;3.5;2.6
15581;15633;1.62;3.8;4.75
15582;15634;1.33;4.8;7.5
15583;15635;1.62;4.0;4.5
15584;15636;6.5;4.5;1.4
15585;15637;1.44;4.33;6.0
15586;15638;2.15;3.3;3.1
15587;15639;1.6;3.8;5.0
15588;15640;2.75;3.4;2.3
15589;15641;2.15;3.3;3.1
15590;15642;1.29;5.0;9.0
15591;15643;1.7;4.0;4.0
15592;15644;2.9;3.6;2.15
15593;15645;2.0;3.4;3.4
15594;15646;5.0;3.8;1.6
15595;15647;1.44;4.33;6.0
15596;15648;2.5;3.25;2.6
15597;15649;4.0;3.5;1.8
15598;15650;1.85;3.75;3.6
15599;15651;1.35;4.8;7.0
15600;15652;2.88;3.5;2.2
15601;15653;1.18;6.0;13.0
15602;15654;1.04;11.0;26.0
15603;15655;2.6;3.4;2.45
15604;15656;2.0;3.5;3.3
15605;15657;2.2;3.6;2.8
15606;15658;2.0;3.4;3.4
15607;15659;3.3;3.6;2.0
15608;15660;2.25;4.0;2.6
15609;15661;1.44;4.5;6.0
15610;15662;6.0;5.0;1.4
15611;15663;13.0;6.5;1.18
15612;15664;2.75;3.4;2.38
15613;15665;1.8;3.6;4.0
15614;15666;2.05;3.75;3.1
15615;15667;3.1;3.75;2.05
15616;15668;1.73;3.6;4.2
15617;15669;2.0;3.6;3.2
15618;15670;1.83;3.6;3.75
15619;15671;1.73;3.75;4.0
15620;15672;2.3;3.5;2.7
15621;15673;1.36;4.5;7.0
15622;15674;1.83;3.6;3.75
15623;15675;1.44;4.33;6.0
15624;15676;1.73;3.75;4.0
15625;15677;3.2;3.6;2.0
15626;15678;2.1;3.3;3.2
15627;15679;4.0;3.75;1.75
15628;15680;6.0;4.33;1.44
15629;15681;1.83;3.6;3.75
15630;15682;2.1;3.6;3.0
15631;15683;1.4;4.5;6.5
15632;15684;2.2;3.6;2.8
15633;15685;2.7;3.5;2.3
15634;15686;2.38;3.3;2.7
15635;15687;2.7;3.5;2.3
15636;15688;1.95;3.5;3.4
15637;15689;4.0;4.2;1.67
15638;15690;2.38;3.3;2.75
15639;15691;4.2;3.8;1.7
15640;15692;5.0;4.2;1.53
15641;15693;1.22;6.0;9.5
15642;15694;2.0;3.6;3.2
15643;15695;2.7;3.5;2.3
15644;15696;1.5;4.0;5.5
15645;15697;1.33;5.0;7.0
15646;15698;1.91;3.75;3.3
15647;15699;1.22;6.0;9.5
15648;15700;3.25;3.3;2.05
15649;15701;1.4;4.5;6.5
15650;15702;1.73;3.5;4.33
15651;15703;1.67;3.8;4.33
15652;15704;2.0;3.75;3.0
15653;15705;2.1;3.3;3.2
15654;15706;1.91;3.5;3.5
15655;15707;2.15;3.3;3.1
15656;15708;2.7;3.5;2.3
15657;15709;7.5;4.33;1.36
15658;15710;2.0;3.5;3.3
15659;15711;1.53;4.2;5.0
15660;15712;2.15;3.5;2.9
15661;15713;2.7;3.5;2.3
15662;15714;1.8;3.5;4.0
15663;15715;3.75;3.6;1.83
15664;15716;1.67;3.8;4.4
15665;15717;1.18;6.5;11.0
15666;15718;1.83;3.6;3.75
15667;15719;3.5;3.6;1.91
15668;15720;1.55;3.8;5.5
15669;15721;2.75;3.4;2.3
15670;17642;1.29;4.2;9.0
15671;17643;1.2;5.0;11.0
15672;17644;1.91;3.1;3.6
15673;17645;3.1;3.0;2.15
15674;17646;2.15;3.0;3.1
15675;17647;5.0;3.5;1.57
15676;17648;2.3;3.0;2.8
15677;17649;2.4;2.9;2.75
15678;17650;1.2;5.0;11.0
15679;17651;1.4;3.75;7.0
15680;17652;1.25;4.5;10.0
15681;17653;2.05;3.0;3.3
15682;17654;2.4;3.0;2.7
15683;17655;1.7;3.25;4.5
15684;17656;1.7;3.25;4.5
15685;17657;2.5;3.0;2.6
15686;17658;2.25;3.0;2.9
15687;17659;3.1;3.1;2.1
15688;17660;4.5;3.3;1.67
15689;17661;2.35;3.0;2.75
15690;17662;4.4;3.4;1.67
15691;17663;1.83;3.1;3.9
15692;17664;2.2;3.0;3.0
15693;17665;3.3;3.0;2.05
15694;17666;1.33;4.0;8.0
15695;17667;1.29;4.33;8.5
15696;17668;1.36;3.75;8.0
15697;17669;2.2;3.0;3.0
15698;17670;1.7;3.2;4.5
15699;17671;1.44;3.6;6.5
15700;17672;1.67;3.3;4.5
15701;17673;2.5;2.9;2.62
15702;17674;1.66;3.3;4.6
15703;17675;2.3;2.9;2.9
15704;17676;1.57;3.4;5.2
15705;17677;2.55;2.9;2.6
15706;17678;4.2;3.3;1.72
15707;17679;4.25;3.3;1.7
15708;17680;2.55;2.9;2.6
15709;17681;6.5;3.6;1.45
15710;17682;1.14;5.5;15.0
15711;17683;1.4;3.75;7.0
15712;17684;1.62;3.3;5.0
15713;17685;1.6;3.4;4.8
15714;17686;2.5;2.9;2.62
15715;17687;2.2;2.88;3.1
15716;17688;1.8;3.25;3.8
15717;17689;2.25;2.88;3.0
15718;17690;2.0;3.0;3.4
15719;17691;4.5;3.3;1.67
15720;17692;2.0;3.0;3.4
15721;17693;3.2;3.0;2.1
15722;17694;2.15;3.0;3.1
15723;17695;4.0;3.0;1.83
15724;17696;2.5;2.9;2.62
15725;17698;1.25;4.5;10.0
15726;17699;1.75;3.25;4.1
15727;17700;5.0;3.5;1.57
15728;17701;1.45;3.6;6.5
15729;17702;2.5;2.9;2.62
15730;17703;1.9;3.1;3.65
15731;17704;2.0;3.0;3.45
15732;17705;5.5;3.5;1.53
15733;17706;2.0;3.0;3.4
15734;17707;1.62;3.3;5.0
15735;17709;2.3;3.0;2.8
15736;17710;1.95;3.0;3.6
15737;17711;2.2;3.0;3.0
15738;17712;1.73;3.2;4.33
15739;17713;2.4;3.0;2.7
15740;17714;1.2;5.0;11.0
15741;17715;1.2;5.0;11.0
15742;17716;1.75;3.2;4.2
15743;17717;4.33;3.2;1.73
15744;17718;1.7;3.25;4.4
15745;17719;2.35;2.9;2.85
15746;17720;2.25;2.88;3.0
15747;17721;2.25;2.9;3.0
15748;17722;2.38;2.88;2.8
15749;17723;1.7;3.25;4.4
15750;17724;6.5;3.6;1.44
15751;17725;2.55;2.9;2.6
15752;17726;2.1;2.9;3.3
15753;17727;1.8;3.2;3.9
15754;17728;2.4;2.9;2.75
15755;17729;3.1;2.9;2.2
15756;17730;2.38;3.0;2.7
15757;17731;2.3;3.0;2.8
15758;17732;1.75;3.2;4.2
15759;17733;3.1;3.0;2.15
15760;17738;1.91;3.1;3.6
15761;17739;1.44;3.6;6.5
15762;17740;2.15;2.9;3.2
15763;17741;1.55;3.4;5.5
15764;17742;2.05;2.9;3.45
15765;17743;1.75;3.2;4.2
15766;17744;1.65;3.3;4.7
15767;17745;2.25;2.9;3.0
15768;17746;1.2;5.0;11.0
15769;17747;1.8;3.2;3.9
15770;17748;2.75;2.9;2.4
15771;17749;2.75;2.9;2.4
15772;17750;2.9;2.9;2.3
15773;17751;4.0;3.0;1.83
15774;17752;1.85;3.2;3.7
15775;17753;5.0;3.5;1.57
15776;17754;1.2;5.0;11.0
15777;17755;1.25;4.5;10.0
15778;17756;1.33;4.0;8.0
15779;17757;2.45;2.9;2.7
15780;17758;2.15;2.9;3.2
15781;17759;1.55;3.4;5.5
15782;17760;2.25;2.9;3.0
15783;17761;2.15;2.9;3.2
15784;17762;3.8;3.15;1.85
15785;17763;1.55;3.45;5.4
15786;17764;4.9;3.4;1.6
15787;17765;2.55;2.9;2.6
15788;17766;3.1;2.9;2.2
15789;17767;3.9;3.2;1.8
15790;17768;2.15;2.88;3.25
15791;17769;2.1;2.9;3.3
15792;17770;1.2;5.5;9.5
15793;17771;1.25;4.75;9.0
15794;17772;1.25;4.75;9.0
15795;17773;2.5;2.9;2.65
15796;17774;2.05;3.0;3.3
15797;17775;1.75;3.2;4.2
15798;17776;1.7;3.2;4.5
15799;17777;2.85;2.9;2.35
15800;17778;3.7;3.2;1.85
15801;17779;1.65;3.3;4.7
15802;17780;2.1;2.88;3.3
15803;17781;2.0;3.0;3.45
15804;17782;5.5;3.4;1.55
15805;17783;2.4;2.9;2.75
15806;17784;5.2;3.4;1.57
15807;17785;2.15;2.9;3.2
15808;17786;1.15;5.75;13.0
15809;17787;1.2;5.0;11.0
15810;17788;1.45;3.6;6.5
15811;17789;2.15;2.9;3.2
15812;17790;2.55;2.9;2.6
15813;17791;1.4;3.9;6.5
15814;17792;2.35;3.0;2.75
15815;17793;1.9;3.1;3.65
15816;17794;1.9;3.15;3.6
15817;17795;5.5;3.5;1.53
15818;17796;2.2;3.0;3.0
15819;17797;2.9;3.0;2.25
15820;17798;2.15;3.0;3.1
15821;17799;3.5;3.2;1.91
15822;17800;5.5;3.5;1.53
15823;17801;2.25;3.0;2.9
15824;17802;1.36;4.0;7.0
15825;17803;1.2;5.0;11.0
15826;17804;1.17;5.5;12.0
15827;17805;1.95;3.1;3.5
15828;17806;2.2;3.0;3.0
15829;17807;2.6;3.1;2.4
15830;17808;2.1;3.0;3.2
15831;17809;1.95;3.05;3.55
15832;17810;3.8;3.25;1.8
15833;17811;2.35;3.2;2.6
15834;17812;2.45;3.0;2.6
15835;17813;2.5;3.1;2.5
15836;17814;1.7;3.2;4.5
15837;17815;1.57;3.4;5.2
15838;17816;2.0;3.0;3.45
15839;17817;4.2;3.4;1.7
15840;17818;1.29;4.5;8.0
15841;17819;1.83;3.2;3.8
15842;17820;5.0;3.5;1.57
15843;17821;2.3;3.0;2.8
15844;17822;6.5;3.6;1.44
15845;17823;3.2;3.0;2.1
15846;17824;2.25;3.0;2.9
15847;17825;2.0;3.0;3.5
15848;17826;1.4;3.9;6.5
15849;17827;1.57;3.4;5.2
15850;17828;1.65;3.5;4.35
15851;17829;2.1;3.0;3.2
15852;17830;2.4;3.4;2.4
15853;17831;1.7;2.9;5.3
15854;17832;2.2;3.0;3.0
15855;17833;2.55;3.25;2.35
15856;17834;1.17;5.5;12.0
15857;17835;2.2;3.0;3.0
15858;17836;1.9;3.15;3.6
15859;17837;2.0;3.1;3.35
15860;17838;1.57;3.4;5.2
15861;17839;1.75;3.2;4.2
15862;17840;1.7;3.3;4.25
15863;17841;2.9;3.0;2.25
15864;17842;2.4;2.9;2.75
15865;17843;2.2;3.0;3.0
15866;17844;1.75;3.25;4.0
15867;17845;2.1;3.0;3.2
15868;17846;2.1;3.0;3.2
15869;17847;4.33;3.2;1.73
15870;17848;2.4;3.0;2.7
15871;17849;2.0;3.1;3.35
15872;17850;1.22;4.8;10.0
15873;17851;1.29;4.5;8.0
15874;17852;4.8;3.4;1.6
15875;17853;1.8;3.2;3.9
15876;17854;2.45;3.0;2.6
15877;17855;1.73;3.3;4.2
15878;17856;1.85;3.2;3.7
15879;17857;2.45;3.0;2.6
15880;17858;2.9;3.2;2.15
15881;17859;2.4;3.0;2.7
15882;17860;2.3;3.0;2.8
15883;17861;4.5;3.3;1.67
15884;17862;1.7;3.3;4.2
15885;17863;1.7;3.3;4.2
15886;17864;3.0;3.0;2.2
15887;17865;5.0;3.3;1.62
15888;17866;1.36;3.75;8.0
15889;17867;1.36;3.75;8.0
15890;17868;1.22;4.8;10.0
15891;17869;2.3;3.1;2.75
15892;17870;1.91;3.2;3.5
15893;17871;1.6;3.4;4.8
15894;17872;1.67;3.25;4.5
15895;17873;2.6;3.0;2.5
15896;17874;1.6;3.4;5.5
15897;17875;2.2;2.9;3.3
15898;17876;6.0;3.7;1.45
15899;17877;3.05;2.95;2.3
15900;17878;2.15;2.85;3.5
15901;17879;1.5;3.6;6.25
15902;17880;4.6;3.35;1.7
15903;17881;3.8;3.2;1.9
15904;17882;1.67;3.2;4.8
15905;17884;1.4;3.75;7.0
15906;17885;2.15;3.1;3.0
15907;17886;1.91;3.1;3.6
15908;17887;1.95;3.1;3.5
15909;17888;3.1;3.1;2.1
15910;17889;6.5;3.6;1.44
15911;17890;3.1;3.0;2.3
15912;17891;2.45;2.9;2.95
15913;17892;1.17;6.0;14.0
15914;17893;2.05;3.1;3.55
15915;17894;2.65;2.9;2.7
15916;17895;2.25;2.9;3.3
15917;17896;4.9;3.35;1.7
15918;17897;3.75;3.2;1.95
15919;17898;1.45;3.75;7.5
15920;17899;1.85;3.15;4.3
15921;17900;2.9;3.1;2.35
15922;17901;2.75;2.9;2.6
15923;17902;1.25;5.0;11.0
15924;17903;2.8;3.0;2.5
15925;17905;1.95;3.1;2.9
15926;17906;3.75;3.2;1.95
15927;17907;5.5;3.5;1.6
15928;17908;1.2;5.5;13.0
15929;17909;2.55;2.8;2.9
15930;17910;4.5;3.2;1.8
15931;17911;2.5;2.8;3.0
15932;17912;1.6;3.5;5.5
15933;17913;1.83;3.1;4.5
15934;17914;1.35;4.1;9.0
15935;17915;1.85;3.1;4.4
15936;17916;1.4;4.0;7.5
15937;17917;7.5;4.0;1.4
15938;17918;1.12;7.0;17.0
15939;17919;2.9;3.0;2.4
15940;17920;1.8;3.2;4.5
15941;17921;2.6;2.9;2.75
15942;17922;1.85;3.15;4.3
15943;17923;3.9;3.1;1.95
15944;17924;2.3;3.1;3.0
15945;17925;1.95;3.1;3.9
15946;17926;2.1;3.0;3.5
15947;17927;4.2;3.2;1.85
15948;17928;1.95;3.1;3.9
15949;17929;3.6;3.2;2.0
15950;17930;1.67;3.35;5.1
15951;17931;1.9;3.1;4.1
15952;17932;1.3;4.5;10.0
15953;17933;2.45;3.0;2.85
15954;17934;1.25;5.0;11.0
15955;17935;2.05;3.1;3.55
15956;17936;2.25;3.0;3.2
15957;17937;5.25;3.4;1.65
15958;17938;3.8;3.15;1.95
15959;17939;1.5;3.6;6.8
15960;17940;5.25;3.4;1.65
15961;17941;2.15;3.0;3.4
15962;17942;2.3;3.0;3.1
15963;17943;2.3;3.0;3.1
15964;17944;1.45;3.7;7.5
15965;17945;1.22;5.5;12.0
15966;17946;1.3;4.75;9.0
15967;17947;2.45;2.9;2.95
15968;17948;2.4;3.0;2.9
15969;17949;1.95;3.1;3.9
15970;17950;4.2;3.2;1.85
15971;17951;2.15;3.0;3.4
15972;17952;2.4;2.9;3.0
15973;17953;2.55;2.9;2.8
15974;17954;5.5;3.4;1.61
15975;17955;1.45;3.8;7.5
15976;17956;9.0;4.75;1.3
15977;17957;2.0;3.1;3.7
15978;17958;1.95;3.1;3.9
15979;17959;1.22;5.5;11.0
15980;17960;2.55;3.0;2.7
15981;17961;1.9;3.15;4.05
15982;17962;2.65;3.0;2.6
15983;17963;1.7;3.3;5.0
15984;17964;3.6;3.2;1.95
15985;17965;1.7;3.3;5.0
15986;17966;7.5;3.8;1.45
15987;17967;1.15;6.5;15.0
15988;17968;1.5;3.6;6.9
15989;17969;2.0;3.1;3.7
15990;17970;3.8;3.25;1.8
15991;17971;2.25;3.0;2.9
15992;17972;1.67;3.3;4.5
15993;17973;2.1;3.0;3.2
15994;17974;1.3;4.2;8.5
15995;17975;2.05;3.0;3.3
15996;17976;1.8;3.1;4.0
15997;17977;1.95;3.0;3.65
15998;17978;1.8;3.2;4.3
15999;17979;2.6;3.0;2.6
16000;17980;4.0;3.1;1.9
16001;17981;1.22;5.0;9.5
16002;17982;1.65;3.4;5.0
16003;17983;2.25;2.9;3.2
16004;17984;2.1;3.1;3.3
16005;17985;2.3;2.9;3.1
16006;17986;2.6;3.0;2.65
16007;17987;1.85;3.1;4.4
16008;17988;8.0;4.0;1.4
16009;17989;1.35;4.2;9.0
16010;17990;3.3;3.0;2.2
16011;17991;1.55;3.5;6.0
16012;17992;2.65;3.0;2.6
16013;17993;2.1;3.0;3.5
16014;17994;5.25;3.4;1.65
16015;17995;2.05;3.1;3.5
16016;17996;5.5;3.5;1.6
16017;17997;1.2;5.5;13.0
16018;17998;1.73;3.2;5.0
16019;17999;2.0;3.0;3.8
16020;18000;1.95;3.1;3.9
16021;18001;1.22;5.25;12.0
16022;18002;1.57;3.4;6.0
16023;18003;2.2;3.0;3.3
16024;18004;6.5;3.5;1.53
16025;18005;2.35;3.0;3.0
16026;18006;5.0;3.4;1.67
16027;18007;1.9;3.1;4.0
16028;18008;2.25;3.0;3.2
16029;18009;1.44;3.75;7.5
16030;18010;1.62;3.6;5.0
16031;18011;1.75;3.3;4.5
16032;18012;3.75;3.25;1.91
16033;18013;2.05;3.0;3.6
16034;18014;8.0;4.2;1.36
16035;18015;2.38;2.9;3.0
16036;18016;2.62;2.88;2.75
16037;18017;2.2;3.0;3.25
16038;18018;1.67;3.3;5.0
16039;18019;2.15;3.0;3.4
16040;18020;7.5;4.0;1.4
16041;18021;2.2;3.0;3.25
16042;18022;1.73;3.2;5.0
16043;18023;1.67;3.3;5.0
16044;18024;1.25;4.5;13.0
16045;18025;1.4;4.0;7.5
16046;18026;3.7;3.1;2.0
16047;18027;2.3;3.0;3.1
16048;18028;1.67;3.4;5.0
16049;18029;1.85;3.2;4.2
16050;18030;8.0;4.0;1.4
16051;18031;1.67;3.4;5.0
16052;18032;2.35;3.0;3.0
16053;18033;2.4;3.1;2.85
16054;18034;1.29;4.5;10.0
16055;18035;1.25;4.5;13.0
16056;18036;10.0;4.2;1.33
16057;18037;2.0;3.1;3.7
16058;18038;1.25;5.0;11.0
16059;18039;1.9;3.1;4.0
16060;18040;2.15;3.0;3.4
16061;18041;2.5;3.0;2.8
16062;18042;5.0;3.3;1.7
16063;18043;2.3;3.1;3.0
16064;18044;3.6;3.2;2.0
16065;18045;1.15;6.5;15.0
16066;18046;8.0;4.0;1.4
16067;18047;1.35;4.2;9.0
16068;18048;2.5;3.0;2.8
16069;18049;1.9;3.2;3.9
16070;18050;3.0;3.4;2.0
16071;18051;1.9;3.1;4.1
16072;18052;2.4;3.1;2.85
16073;18053;2.85;3.1;2.4
16074;18054;2.0;3.1;4.2
16075;18055;1.25;5.0;11.0
16076;18056;2.4;3.1;2.85
16077;18057;1.25;5.0;11.0
16078;18058;1.5;3.5;5.8
16079;18059;4.5;3.3;1.67
16080;18060;1.2;5.0;11.0
16081;18061;2.55;3.0;2.5
16082;18062;2.15;3.0;3.1
16083;18063;6.0;3.8;1.44
16084;18064;1.62;3.4;4.8
16085;18065;2.35;3.0;2.75
16086;18066;4.0;3.3;1.85
16087;18067;2.5;3.0;2.8
16088;18068;4.8;3.4;1.7
16089;18069;2.1;3.1;3.4
16090;18070;6.5;4.0;1.45
16091;18071;2.15;3.1;3.3
16092;18072;2.0;3.1;3.7
16093;18073;1.1;7.5;21.0
16094;18074;1.62;3.4;5.5
16095;18075;2.6;2.9;2.7
16096;18076;1.25;5.0;11.0
16097;18077;2.3;3.0;3.1
16098;18078;1.22;5.0;13.0
16099;18079;6.5;3.5;1.53
16100;18080;2.6;3.0;2.9
16101;18081;2.6;2.9;2.7
16102;18082;3.5;3.0;2.1
16103;18083;2.2;3.0;3.3
16104;18084;1.25;5.0;11.0
16105;18085;6.5;4.0;1.45
16106;18086;2.7;2.9;2.62
16107;18087;1.8;3.25;4.3
16108;18088;2.4;2.9;3.05
16109;18089;2.2;2.9;3.35
16110;18090;1.9;3.25;3.8
16111;18091;2.7;3.0;2.55
16112;18092;1.2;5.0;11.0
16113;18093;3.8;3.25;1.8
16114;18094;1.83;3.2;3.75
16115;18095;2.4;3.0;2.8
16116;18096;1.65;3.4;5.2
16117;18097;2.1;3.1;3.35
16118;18098;1.3;4.5;10.0
16119;18099;2.38;2.88;2.8
16120;18100;1.33;4.4;9.0
16121;18101;6.5;3.7;1.5
16122;18102;2.25;3.0;3.2
16123;18103;2.55;2.9;2.8
16124;18104;2.25;3.0;3.2
16125;18105;7.25;3.8;1.45
16126;18106;4.0;3.3;1.83
16127;18107;2.6;3.0;2.65
16128;18108;1.25;5.0;11.0
16129;18109;2.05;3.05;3.6
16130;18110;1.2;5.75;12.0
16131;18111;2.15;3.0;3.4
16132;18112;1.8;3.2;4.5
16133;18113;3.9;3.1;1.95
16134;18114;3.45;3.2;2.05
16135;18115;2.55;2.9;2.8
16136;18116;1.4;4.0;8.0
16137;18117;2.35;2.9;3.1
16138;18118;1.17;6.0;14.0
16139;18119;2.2;2.9;3.4
16140;18120;1.5;3.6;6.8
16141;18121;2.2;2.9;3.4
16142;18122;1.17;5.5;12.0
16143;18123;1.62;3.3;5.0
16144;18124;1.3;4.33;8.0
16145;18125;2.4;2.9;2.75
16146;18126;4.0;3.4;1.73
16147;18127;2.4;2.9;2.75
16148;18128;7.0;4.0;1.36
16149;18129;2.88;3.0;2.25
16150;18130;1.8;3.25;4.33
16151;18131;1.53;3.4;6.5
16152;18132;1.91;3.1;4.0
16153;18133;1.5;3.75;6.0
16154;18134;2.25;2.75;3.2
16155;18135;2.4;3.0;2.88
16156;18136;2.62;2.9;2.7
16157;18137;3.0;3.1;2.25
16158;18138;1.12;6.5;19.0
16159;18139;1.14;6.0;17.0
16160;18140;2.38;3.1;2.88
16161;18141;2.25;3.0;3.2
16162;18142;2.0;3.2;3.5
16163;18143;2.0;3.1;3.6
16164;18144;3.1;3.25;2.15
16165;18145;2.1;3.0;3.5
16166;18146;3.4;3.2;2.05
16167;18147;2.6;3.1;2.6
16168;18148;1.67;3.4;5.0
16169;18149;2.7;3.1;2.5
16170;18150;2.25;3.2;3.0
16171;18151;6.0;3.6;1.53
16172;18152;2.6;3.1;2.6
16173;18153;2.6;3.1;2.6
16174;18154;1.17;6.0;15.0
16175;18155;1.2;5.5;12.0
16176;18156;1.73;3.2;5.0
16177;18157;2.05;3.0;3.75
16178;18158;3.2;3.0;2.25
16179;18159;1.65;3.3;5.5
16180;18160;2.0;3.1;3.6
16181;18161;6.0;3.6;1.55
16182;18162;1.2;6.0;11.0
16183;18163;1.57;3.6;5.5
16184;18164;1.67;3.4;5.0
16185;18165;5.0;3.4;1.67
16186;18166;7.5;4.0;1.4
16187;18167;2.6;3.0;2.62
16188;18168;2.8;3.0;2.5
16189;18169;2.5;3.0;2.75
16190;18170;1.18;6.0;13.0
16191;18171;1.85;3.2;4.2
16192;18172;1.5;3.75;6.5
16193;18173;2.2;3.0;3.3
16194;18174;4.6;3.5;1.7
16195;18175;1.91;3.0;4.2
16196;18176;2.3;3.0;3.1
16197;18177;2.45;2.9;3.0
16198;18178;1.12;7.5;13.0
16199;18179;1.33;4.5;8.5
16200;18180;1.73;3.2;5.0
16201;18181;1.95;3.1;3.8
16202;18182;2.5;3.0;2.8
16203;18183;1.85;3.3;4.0
16204;18184;5.5;3.6;1.57
16205;18185;4.5;3.4;1.73
16206;18186;1.25;4.75;12.0
16207;18187;4.2;3.2;1.83
16208;18188;1.36;4.33;7.5
16209;18189;2.9;2.9;2.5
16210;18190;2.05;3.2;3.4
16211;18191;7.0;4.33;1.4
16212;18192;2.05;3.2;3.4
16213;18193;2.3;3.0;3.0
16214;18194;1.14;7.0;13.0
16215;18195;1.25;5.0;11.0
16216;18196;1.91;3.25;3.8
16217;18197;2.8;3.1;2.4
16218;18198;2.25;3.0;3.2
16219;18199;8.0;4.5;1.33
16220;18200;2.25;3.1;3.0
16221;18201;2.88;3.0;2.4
16222;18202;1.3;4.75;9.0
16223;18203;3.5;3.25;2.0
16224;18204;1.95;3.1;3.8
16225;18205;2.15;3.0;3.4
16226;18206;1.83;3.2;3.75
16227;18207;1.91;3.1;4.0
16228;18208;2.6;3.0;2.7
16229;18209;4.2;3.2;1.85
16230;18210;1.17;6.0;13.0
16231;18211;1.5;3.6;6.5
16232;18212;1.67;3.25;5.5
16233;18213;2.25;3.1;3.0
16234;18214;4.5;3.4;1.73
16235;18215;5.1;3.6;1.6
16236;18216;1.85;3.25;4.0
16237;18217;2.4;3.0;2.9
16238;18218;1.2;5.5;13.0
16239;18219;3.4;3.1;2.1
16240;18220;2.05;3.0;3.6
16241;18221;1.7;3.4;4.8
16242;18222;2.5;3.1;2.7
16243;18223;2.15;3.1;3.2
16244;18224;1.95;3.1;3.8
16245;18225;2.8;3.0;2.5
16246;18226;1.25;5.5;9.5
16247;18227;1.73;3.3;4.8
16248;18228;2.05;3.0;3.75
16249;18229;1.75;3.25;4.75
16250;18230;1.8;3.2;4.5
16251;18231;3.4;3.25;2.05
16252;18232;3.4;3.25;2.05
16253;18233;7.0;4.0;1.44
16254;18234;1.29;4.8;9.5
16255;18235;1.5;3.6;7.0
16256;18236;2.0;3.1;3.8
16257;18237;4.0;3.2;1.91
16258;18238;2.45;2.88;3.0
16259;18239;1.75;3.25;4.75
16260;18240;2.2;3.0;3.3
16261;18241;3.1;3.0;2.3
16262;18242;1.11;7.5;17.0
16263;18243;1.62;3.4;5.5
16264;18244;4.0;3.1;1.91
16265;18245;7.5;4.33;1.36
16266;18246;2.75;2.9;2.62
16267;18247;1.73;3.4;4.5
16268;18248;2.4;3.1;2.8
16269;18249;3.3;3.1;2.15
16270;18250;1.18;6.0;13.0
16271;18251;1.57;3.5;6.0
16272;18252;2.0;3.1;3.8
16273;18253;1.65;3.5;5.0
16274;18254;2.75;2.9;2.62
16275;18255;4.8;3.6;1.65
16276;18256;2.25;3.0;3.2
16277;18257;3.2;3.0;2.25
16278;18258;2.4;3.0;2.88
16279;18259;3.0;3.1;2.3
16280;18260;2.0;3.2;3.5
16281;18261;2.75;3.0;2.5
16282;18262;3.4;3.1;2.1
16283;18263;2.15;3.0;3.1
16284;18264;2.0;3.2;3.5
16285;18265;2.1;3.1;3.4
16286;18266;1.5;3.6;7.0
16287;18267;2.0;3.1;3.75
16288;18268;1.75;3.25;4.75
16289;18269;2.45;2.88;3.0
16290;18270;2.25;3.0;3.2
16291;18271;2.15;3.0;3.4
16292;18272;4.8;3.6;1.65
16293;18273;7.0;4.0;1.44
16294;18274;1.57;3.6;5.5
16295;18275;1.36;4.2;8.0
16296;18276;2.25;3.0;3.1
16297;18277;1.91;3.25;3.75
16298;18278;2.1;3.1;3.4
16299;18279;2.8;3.1;2.4
16300;18280;2.2;3.0;3.25
16301;18281;2.4;3.0;2.9
16302;18282;1.36;4.33;8.0
16303;18283;1.85;3.2;4.2
16304;18284;1.4;4.0;8.0
16305;18285;5.0;3.75;1.62
16306;18286;2.5;2.9;2.9
16307;18287;2.62;2.9;2.75
16308;18288;2.25;3.0;3.2
16309;18289;4.5;3.6;1.7
16310;18290;1.29;4.6;8.0
16311;18291;1.4;4.0;6.5
16312;18292;1.83;3.1;4.0
16313;18293;3.4;3.1;2.0
16314;18294;2.7;2.88;2.5
16315;18295;1.55;3.4;5.5
16316;18296;3.5;3.0;2.0
16317;18297;2.5;3.0;2.6
16318;18298;1.22;5.0;11.0
16319;18299;1.53;3.6;6.0
16320;18300;7.0;4.0;1.4
16321;18301;1.83;3.3;4.0
16322;18302;2.55;3.0;2.7
16323;18303;2.15;3.1;3.2
16324;18304;4.2;3.3;1.8
16325;18305;2.35;3.0;3.0
16326;18306;1.29;5.0;9.0
16327;18307;4.0;3.75;1.75
16328;18308;2.5;3.0;2.8
16329;18309;2.0;3.2;3.6
16330;18310;1.7;3.4;4.8
16331;18311;3.0;3.1;2.3
16332;18312;4.2;3.25;1.83
16333;18313;3.0;3.1;2.3
16334;18314;1.62;3.6;5.0
16335;18315;1.29;4.5;10.0
16336;18316;5.0;3.4;1.67
16337;18317;2.1;3.2;3.3
16338;18318;2.88;3.1;2.38
16339;18319;2.2;3.0;3.3
16340;18320;1.91;3.1;4.0
16341;18321;2.4;3.0;2.88
16342;18322;1.83;3.2;4.33
16343;18323;1.67;3.4;5.0
16344;18324;2.6;3.1;2.6
16345;18325;3.75;3.25;1.91
16346;18326;2.4;3.0;2.88
16347;18327;6.0;3.6;1.53
16348;18328;2.25;3.0;3.2
16349;18329;2.1;3.0;3.5
16350;18330;1.2;6.0;11.0
16351;18331;1.44;3.75;7.0
16352;18332;5.5;3.25;1.67
16353;18333;1.44;3.75;7.5
16354;18334;2.0;3.1;3.75
16355;18335;2.4;3.0;2.88
16356;18336;2.5;3.1;2.7
16357;18337;2.25;3.0;3.2
16358;18338;1.67;3.4;5.0
16359;18339;5.0;3.5;1.65
16360;18340;2.5;3.0;2.75
16361;18341;2.5;3.0;2.75
16362;18342;4.0;3.25;1.85
16363;18343;1.73;3.2;5.0
16364;18344;2.6;3.0;2.62
16365;18345;1.91;3.2;3.8
16366;18346;1.18;6.0;13.0
16367;18347;1.36;4.0;9.0
16368;18348;1.91;3.25;3.75
16369;18349;1.62;3.4;5.5
16370;18350;2.9;3.0;2.4
16371;18351;1.83;3.2;4.2
16372;18353;8.0;3.6;1.44
16373;18354;1.2;5.5;13.0
16374;18355;1.57;3.4;6.0
16375;18356;5.0;3.4;1.67
16376;18357;3.75;3.25;1.91
16377;18358;2.1;3.2;3.25
16378;18359;1.83;3.2;4.2
16379;18360;6.0;3.6;1.53
16380;18361;2.25;3.1;3.1
16381;18362;2.88;3.0;2.4
16382;18363;1.85;3.1;4.4
16383;18364;1.33;4.0;8.5
16384;18365;3.1;2.9;2.2
16385;18366;2.5;3.2;2.62
16386;18367;2.4;3.0;2.9
16387;18368;7.0;3.8;1.4
16388;18369;7.0;4.0;1.44
16389;18370;2.1;3.1;3.4
16390;18371;1.85;3.25;4.0
16391;18372;10.0;4.5;1.3
16392;18373;2.62;3.2;2.5
16393;18374;2.38;3.1;2.88
16394;18375;3.2;3.25;2.1
16395;18376;1.18;6.0;12.0
16396;18377;2.3;3.1;3.0
16397;18378;2.1;3.0;3.5
16398;18379;1.8;3.3;4.2
16399;18380;1.4;4.0;7.5
16400;18381;2.75;2.9;2.62
16401;18382;2.0;3.25;3.5
16402;18383;1.62;3.4;5.5
16403;18384;2.62;3.0;2.6
16404;18385;2.25;3.2;3.0
16405;18386;9.0;4.33;1.33
16406;18387;4.5;3.4;1.73
16407;18388;2.1;3.1;3.4
16408;18389;2.1;3.1;3.4
16409;18390;1.33;4.33;9.0
16410;18391;1.22;5.5;11.0
16411;18392;2.88;3.1;2.38
16412;18393;2.2;3.1;3.2
16413;18394;4.75;3.3;1.65
16414;18395;1.18;5.5;11.0
16415;18396;1.25;4.8;9.0
16416;18397;2.3;2.88;3.0
16417;18398;1.73;3.2;4.4
16418;18399;1.8;3.2;4.0
16419;18400;4.4;3.1;1.75
16420;18401;2.2;3.0;3.0
16421;18402;4.5;3.1;1.83
16422;18403;2.15;3.1;3.3
16423;18404;1.73;3.4;4.6
16424;18405;1.6;3.5;5.5
16425;18406;1.95;3.2;3.8
16426;18407;3.0;3.2;2.25
16427;18408;11.0;5.0;1.25
16428;18409;3.1;3.0;2.3
16429;18410;2.3;3.1;3.0
16430;18411;1.12;7.0;17.0
16431;18412;1.15;6.5;15.0
16432;18413;2.25;3.0;3.2
16433;18414;1.85;3.2;4.2
16434;18415;2.3;3.0;3.1
16435;18416;3.0;3.1;2.3
16436;18417;2.38;3.1;2.88
16437;18418;1.85;3.2;3.75
16438;18419;2.7;2.9;2.5
16439;18420;1.12;6.5;13.0
16440;18421;1.25;4.75;9.0
16441;18422;1.85;3.2;3.75
16442;18423;5.0;3.4;1.6
16443;18424;1.91;3.0;3.75
16444;18425;1.35;4.2;7.0
16445;18426;9.0;4.75;1.3
16446;18427;9.5;4.6;1.3
16447;18428;1.95;3.2;3.8
16448;18429;3.3;3.1;2.15
16449;18430;2.15;3.1;3.3
16450;18431;1.3;4.5;10.0
16451;18432;2.15;3.2;3.2
16452;18433;2.6;3.0;2.7
16453;18434;2.05;3.1;3.6
16454;18435;2.9;3.0;2.45
16455;18436;1.2;6.0;11.0
16456;18437;1.15;6.5;15.0
16457;18438;3.6;3.2;2.0
16458;18439;2.3;3.0;3.1
16459;18440;2.1;3.1;3.4
16460;18441;1.22;5.5;11.0
16461;18442;2.5;3.0;2.8
16462;18443;4.0;3.4;1.83
16463;18444;6.0;3.6;1.55
16464;18445;2.0;3.2;3.6
16465;18446;2.62;2.9;2.75
16466;18447;1.4;4.2;7.5
16467;18448;2.3;3.0;3.1
16468;18449;9.5;4.8;1.29
16469;18450;2.25;2.8;3.1
16470;18451;4.0;3.2;1.8
16471;18452;1.18;5.5;11.0
16472;18453;1.18;6.0;13.0
16473;18454;2.05;3.1;3.5
16474;18455;2.1;2.9;3.3
16475;18456;2.0;2.9;3.6
16476;18457;1.55;3.4;5.5
16477;18458;7.0;4.0;1.44
16478;18459;1.95;3.2;3.8
16479;18460;1.08;8.5;21.0
16480;18461;1.55;3.6;6.0
16481;18462;2.3;3.0;3.1
16482;18463;2.25;3.0;3.2
16483;18464;1.65;3.5;5.0
16484;18465;1.44;3.8;7.5
16485;18466;2.5;3.25;2.6
16486;18467;2.38;3.0;3.0
16487;18468;2.2;3.1;3.2
16488;18469;2.25;3.1;3.1
16489;18470;3.5;3.2;2.0
16490;18471;2.1;3.2;3.3
16491;18472;2.5;3.0;2.75
16492;18473;5.5;3.4;1.62
16493;18474;2.4;3.0;2.9
16494;18475;1.12;7.0;15.0
16495;18476;1.5;3.5;7.0
16496;18477;2.4;3.1;2.8
16497;18478;7.0;3.8;1.44
16498;18479;2.0;3.1;3.75
16499;18480;1.2;6.0;11.0
16500;18481;1.67;3.4;5.0
16501;18482;2.38;3.0;2.9
16502;18483;1.12;7.0;17.0
16503;18484;7.0;3.8;1.44
16504;18485;3.8;3.2;1.91
16505;18486;1.73;3.3;4.8
16506;18487;7.5;4.0;1.4
16507;18488;2.9;3.0;2.4
16508;18489;3.1;3.2;2.2
16509;18490;2.8;3.1;2.4
16510;18491;1.67;3.4;5.0
16511;18492;8.0;3.6;1.44
16512;18493;8.0;4.2;1.36
16513;18494;2.4;3.1;2.8
16514;18495;1.3;4.2;11.0
16515;18496;1.29;4.5;11.0
16516;18497;2.1;3.1;3.4
16517;18498;3.1;3.1;2.25
16518;18499;1.8;3.3;4.2
16519;18500;1.17;6.0;15.0
16520;18501;2.3;3.0;3.1
16521;18502;1.91;3.2;3.8
16522;18503;1.8;3.2;4.33
16523;18504;2.0;3.2;3.5
16524;18505;5.0;3.3;1.7
16525;18506;2.3;3.0;3.1
16526;18507;1.95;3.2;3.8
16527;18508;2.25;3.1;3.1
16528;18509;1.75;3.3;4.6
16529;18510;3.0;3.2;2.25
16530;18511;3.6;3.2;2.0
16531;18512;2.45;3.0;2.88
16532;18513;3.0;3.1;2.3
16533;18514;2.1;3.1;3.4
16534;18515;1.25;5.0;11.0
16535;18516;1.12;7.0;17.0
16536;18517;2.38;3.0;3.0
16537;18518;2.1;3.2;3.3
16538;18519;1.62;3.4;5.5
16539;18520;3.0;3.1;2.3
16540;18521;6.0;3.5;1.57
16541;18522;2.3;3.1;3.0
16542;18523;2.5;3.1;2.75
16543;18524;6.0;3.75;1.5
16544;18525;6.0;3.6;1.53
16545;18526;1.29;4.5;11.0
16546;18527;1.5;4.0;5.5
16547;18528;2.5;3.0;2.75
16548;18529;2.5;3.1;2.7
16549;18530;1.73;3.4;4.6
16550;18532;1.67;3.6;4.5
16551;18533;2.38;3.2;2.8
16552;18534;1.83;3.4;4.0
16553;18535;2.6;3.1;2.6
16554;18536;2.6;3.0;2.7
16555;18537;1.25;5.5;9.5
16556;18538;2.75;2.8;2.7
16557;18539;2.45;2.9;3.0
16558;18540;1.95;3.1;4.0
16559;18541;5.0;3.75;1.6
16560;18542;2.15;2.9;3.6
16561;18543;1.44;4.0;7.0
16562;18544;10.0;4.5;1.25
16563;18545;3.6;3.1;2.05
16564;18546;2.5;3.0;2.8
16565;18547;3.2;3.2;2.15
16566;18548;2.8;3.1;2.45
16567;18549;1.8;3.3;4.33
16568;18550;7.0;4.0;1.44
16569;18551;2.15;3.1;3.3
16570;18553;7.0;4.33;1.4
16571;18554;2.38;3.1;2.88
16572;18555;2.2;3.1;3.2
16573;18556;1.29;4.5;11.0
16574;18557;1.14;6.5;19.0
16575;18558;2.0;3.1;3.6
16576;18559;1.91;3.1;4.0
16577;18560;4.0;3.25;1.85
16578;18561;1.4;4.2;7.0
16579;18562;1.18;6.0;13.0
16580;18563;13.0;5.5;1.2
16581;18564;2.2;3.0;3.3
16582;18565;3.0;3.1;2.3
16583;18566;2.2;3.0;3.3
16584;18567;3.8;3.2;1.95
16585;18568;2.8;3.0;2.5
16586;18569;2.38;2.9;3.1
16587;18570;2.0;3.2;3.6
16588;18571;2.38;3.0;2.9
16589;18572;1.83;3.3;4.0
16590;18573;2.38;3.0;3.0
16591;18574;2.2;3.1;3.1
16592;18575;2.4;3.0;2.9
16593;18576;1.55;3.6;6.0
16594;18577;1.36;4.33;8.0
16595;18578;7.5;4.33;1.36
16596;18579;1.14;6.5;15.0
16597;18580;2.88;3.1;2.38
16598;18581;2.0;3.2;3.6
16599;18582;4.0;3.3;1.83
16600;18583;2.0;3.1;3.75
16601;18584;5.0;3.4;1.67
16602;18585;2.38;3.2;2.75
16603;18586;8.5;4.5;1.33
16604;18587;1.17;6.0;15.0
16605;18588;1.7;3.3;5.0
16606;18589;2.8;3.0;2.5
16607;18590;2.45;3.0;2.88
16608;18591;2.0;3.1;3.8
16609;18592;1.4;4.0;8.0
16610;18593;1.33;4.6;8.0
16611;18594;3.8;3.2;1.95
16612;18595;1.17;6.0;15.0
16613;18596;1.12;7.0;17.0
16614;18597;7.0;4.0;1.44
16615;18598;2.9;3.1;2.38
16616;18599;1.95;3.2;3.8
16617;18600;2.1;2.88;3.75
16618;18601;2.15;3.1;3.3
16619;18602;2.75;2.9;2.62
16620;18603;1.7;3.4;4.8
16621;18604;1.75;3.5;4.33
16622;18605;2.05;3.1;3.6
16623;18606;2.5;2.9;2.9
16624;18607;2.45;2.9;3.0
16625;18608;3.6;3.1;2.05
16626;18609;8.5;4.5;1.33
16627;18610;2.7;2.9;2.7
16628;18611;1.91;3.3;3.8
16629;18612;1.18;6.0;13.0
16630;18613;2.6;3.0;2.7
16631;18614;2.25;3.0;3.2
16632;18615;2.15;3.1;3.3
16633;18616;3.4;3.25;2.05
16634;18617;4.0;3.3;1.85
16635;18618;2.25;3.1;3.1
16636;18619;2.38;3.2;2.8
16637;18620;3.6;3.2;2.0
16638;18621;2.0;3.2;3.6
16639;18622;1.12;7.0;17.0
16640;18623;3.6;3.2;2.0
16641;18624;2.15;3.2;3.2
16642;18625;1.95;3.2;3.8
16643;18626;11.0;5.0;1.25
16644;18627;2.88;3.25;2.3
16645;18628;1.2;6.0;11.0
16646;18629;2.1;3.1;3.4
16647;18630;2.88;3.0;2.45
16648;18631;2.15;3.1;3.3
16649;18632;1.44;4.2;6.5
16650;18633;2.3;3.1;3.0
16651;18634;1.83;3.25;4.2
16652;18635;2.0;3.2;3.6
16653;18636;1.7;3.4;4.8
16654;18637;7.5;4.5;1.36
16655;18638;1.2;6.0;11.0
16656;18639;2.0;3.2;3.6
16657;18640;1.33;4.6;8.0
16658;18641;2.45;3.1;2.8
16659;18642;2.3;3.0;3.1
16660;18643;3.4;3.4;2.0
16661;18644;2.38;3.1;2.88
16662;18645;2.0;3.2;3.6
16663;18646;2.45;3.0;2.88
16664;18647;3.6;3.2;2.0
16665;18648;2.45;3.0;2.88
16666;18649;2.5;3.0;2.8
16667;18650;2.05;3.1;3.6
16668;18651;2.0;3.1;3.75
16669;18652;1.44;3.8;7.5
16670;18653;2.0;3.2;3.6
16671;18654;1.18;6.0;13.0
16672;18655;2.45;3.2;2.7
16673;18656;1.3;4.8;9.0
16674;18657;9.0;5.0;1.29
16675;18658;2.5;3.0;2.8
16676;18659;3.0;3.2;2.25
16677;18660;3.4;3.4;2.0
16678;18661;3.8;3.1;2.0
16679;18662;2.0;3.2;3.6
16680;18663;1.95;3.2;3.8
16681;18664;1.44;4.0;7.0
16682;18665;1.15;6.5;15.0
16683;18666;1.08;8.5;21.0
16684;18667;2.45;3.0;2.88
16685;18668;3.2;3.0;2.25
16686;18669;2.0;3.2;3.6
16687;18670;8.5;4.5;1.33
16688;18671;2.5;3.1;2.7
16689;18672;4.6;3.4;1.73
16690;18673;1.65;3.6;4.8
16691;18674;6.0;4.33;1.44
16692;18675;2.45;3.1;2.8
16693;18676;1.62;3.5;5.5
16694;18677;1.65;3.6;4.8
16695;18678;2.45;3.2;2.7
16696;18679;1.1;8.0;17.0
16697;18680;2.05;3.25;3.4
16698;18681;2.25;3.2;3.0
16699;18682;1.95;3.25;3.75
16700;18683;2.05;3.25;3.4
16701;18684;3.4;3.1;2.1
16702;18685;2.15;3.1;3.3
16703;18686;9.0;5.0;1.29
16704;18687;1.2;6.0;11.0
16705;18688;3.25;3.4;2.05
16706;18689;1.95;3.25;3.75
16707;18690;7.5;4.6;1.35
16708;18691;1.8;3.3;4.33
16709;18692;1.4;4.2;7.5
16710;18693;2.3;3.0;3.1
16711;18694;1.29;4.8;9.5
16712;18695;2.05;3.1;3.6
16713;18696;1.35;4.2;9.0
16714;18697;3.0;3.0;2.38
16715;18698;1.2;5.5;13.0
16716;18699;2.38;3.1;2.88
16717;18700;3.0;3.1;2.38
16718;18701;1.25;5.0;11.0
16719;18702;2.25;3.1;3.1
16720;18703;1.75;3.4;4.5
16721;18704;1.5;4.0;5.5
16722;18705;2.45;3.0;2.88
16723;18706;1.65;3.5;5.0
16724;18707;2.8;3.2;2.38
16725;18708;11.0;5.0;1.25
16726;18709;2.0;3.2;3.6
16727;18710;5.0;3.5;1.67
16728;18711;2.45;3.0;2.88
16729;18712;4.5;3.75;1.67
16730;18713;1.8;3.3;4.33
16731;18714;2.05;3.4;3.25
16732;18715;1.55;3.8;5.5
16733;18716;3.0;3.1;2.3
16734;18717;1.25;5.0;11.0
16735;18718;1.55;3.6;6.0
16736;18719;2.15;3.1;3.3
16737;18720;2.3;3.1;3.0
16738;18721;1.18;6.0;13.0
16739;18722;1.44;4.0;7.0
16740;18723;2.8;3.1;2.45
16741;18724;8.5;4.2;1.36
16742;18725;3.2;3.0;2.25
16743;18726;8.0;4.0;1.4
16744;18727;1.91;3.2;4.0
16745;18728;5.0;3.75;1.62
16746;18729;1.8;3.25;4.4
16747;18730;1.17;6.5;13.0
16748;18731;2.8;3.1;2.45
16749;18732;1.83;3.4;4.0
16750;18733;2.8;3.0;2.5
16751;18734;8.5;4.5;1.33
16752;18735;2.3;3.1;3.0
16753;18736;1.83;3.2;3.75
16754;18737;1.73;3.4;4.6
16755;18738;1.8;3.3;4.2
16756;18739;2.2;3.1;3.1
16757;18740;10.0;4.8;1.29
16758;18741;2.38;3.1;2.9
16759;18742;2.05;3.2;3.4
16760;18743;2.3;3.1;3.0
16761;18744;1.4;4.0;7.5
16762;18745;1.57;3.6;5.5
16763;18746;2.05;3.25;3.4
16764;18747;2.2;3.3;3.0
16765;18748;1.4;4.33;7.0
16766;18749;2.8;3.4;2.3
16767;18750;10.0;4.8;1.29
16768;18751;1.44;4.0;7.0
16769;18752;2.45;3.2;2.7
16770;18753;2.3;3.1;3.0
16771;18754;1.12;7.0;15.0
16772;18755;1.73;3.4;4.5
16773;18756;6.0;4.2;1.44
16774;18757;2.9;3.3;2.25
16775;18758;2.0;3.3;3.5
16776;18759;2.2;3.3;3.0
16777;18760;2.88;3.3;2.25
16778;18761;2.1;3.2;3.3
16779;18762;2.5;3.1;2.7
16780;18763;2.38;3.25;2.8
16781;18764;2.3;3.2;2.88
16782;18765;1.17;6.5;13.0
16783;18766;8.0;4.33;1.36
16784;18767;2.3;3.1;3.0
16785;18768;4.5;3.3;1.75
16786;18769;1.95;3.25;3.75
16787;18770;2.1;3.1;3.4
16788;18771;1.44;4.0;6.5
16789;18772;1.95;3.25;3.75
16790;18773;2.8;3.1;2.4
16791;18774;1.75;3.3;4.5
16792;18775;1.53;3.8;5.5
16793;18776;1.95;3.25;3.75
16794;18777;2.15;3.1;3.25
16795;18778;2.25;3.0;3.2
16796;18779;3.0;3.1;2.3
16797;18780;1.2;6.0;11.0
16798;18781;3.8;3.5;1.85
16799;18782;2.45;3.0;2.88
16800;18783;7.5;4.5;1.36
16801;18784;1.85;3.1;4.4
16802;18785;1.85;3.2;4.2
16803;18786;1.83;3.4;4.0
16804;18787;1.83;3.4;4.0
16805;18788;2.7;3.2;2.45
16806;18789;2.3;3.25;2.88
16807;18790;9.5;4.8;1.29
16808;18791;2.0;3.4;3.4
16809;18792;3.1;3.3;2.15
16810;18793;1.17;7.0;11.0
16811;18794;2.6;3.0;2.7
16812;18795;2.0;3.2;3.6
16813;18796;1.44;3.75;7.5
16814;18797;2.7;2.9;2.7
16815;18798;1.17;6.0;15.0
16816;18799;7.0;4.0;1.44
16817;18800;1.5;3.75;6.5
16818;18801;2.25;3.1;3.1
16819;18802;8.5;4.5;1.33
16820;18803;2.0;3.1;3.75
16821;18804;1.5;3.75;6.5
16822;18805;6.5;4.0;1.44
16823;18806;2.15;3.1;3.3
16824;18807;2.3;3.1;3.0
16825;18808;3.1;3.1;2.25
16826;18809;2.25;3.0;3.2
16827;18810;2.7;3.0;2.6
16828;18811;1.95;3.25;3.75
16829;18812;1.17;6.0;15.0
16830;18813;2.25;3.0;3.2
16831;18814;1.55;3.6;6.0
16832;18815;2.25;3.0;3.2
16833;18816;1.4;4.2;7.5
16834;18817;2.6;3.0;2.7
16835;18818;2.3;3.1;3.0
16836;18819;3.1;3.1;2.25
16837;18820;1.5;3.75;6.5
16838;18821;8.5;4.5;1.33
16839;18822;2.6;3.0;2.7
16840;18823;2.3;3.0;3.1
16841;18824;1.75;3.25;4.75
16842;18825;6.5;4.2;1.44
16843;18826;5.5;3.5;1.6
16844;18827;1.7;3.5;4.6
16845;18828;1.25;5.5;9.5
16846;18829;2.0;3.2;3.6
16847;18830;1.18;6.0;13.0
16848;18831;2.15;3.1;3.3
16849;18832;1.44;4.0;7.0
16850;18833;2.45;3.0;2.88
16851;18834;6.5;3.8;1.5
16852;18835;1.73;3.3;4.8
16853;18836;2.3;3.1;3.0
16854;18837;2.1;3.1;3.4
16855;18838;1.15;6.5;15.0
16856;18839;2.0;3.2;3.6
16857;18840;2.25;3.2;3.0
16858;18841;2.5;3.0;2.8
16859;18842;2.6;3.0;2.7
16860;18843;2.25;3.2;2.75
16861;18844;2.45;3.0;2.9
16862;18845;1.67;3.4;4.33
16863;18846;8.0;4.0;1.4
16864;18847;3.6;3.2;2.0
16865;18848;1.4;4.2;7.5
16866;18849;11.0;5.0;1.25
16867;18850;1.5;4.2;5.5
16868;18851;1.22;6.0;9.5
16869;18852;4.0;3.3;1.85
16870;18853;2.25;3.2;3.0
16871;18854;2.9;2.9;2.5
16872;18855;2.0;3.2;3.6
16873;18856;2.6;3.1;2.6
16874;18857;2.38;3.1;2.88
16875;18858;9.0;4.4;1.33
16876;18859;2.7;3.0;2.6
16877;18860;2.05;3.1;3.6
16878;18861;1.85;3.2;4.2
16879;18862;1.73;3.5;4.4
16880;18863;6.0;3.6;1.55
16881;18864;1.25;5.0;11.0
16882;18865;1.35;4.6;7.5
16883;18866;1.17;6.0;15.0
16884;18867;1.6;3.75;5.0
16885;18868;5.0;3.75;1.6
16886;18869;1.95;3.2;3.8
16887;18870;2.38;3.2;2.8
16888;18871;3.4;3.0;2.15
16889;18872;2.8;3.2;2.38
16890;18873;2.7;3.0;2.6
16891;18874;2.38;3.1;2.9
16892;18875;3.1;3.0;2.3
16893;18876;1.6;3.5;5.5
16894;18877;2.05;3.25;3.4
16895;18878;11.0;5.0;1.25
16896;18879;6.0;3.6;1.55
16897;18880;1.29;4.8;9.5
16898;18881;1.36;4.5;7.5
16899;18882;3.1;3.1;2.25
16900;18883;1.1;8.0;17.0
16901;18884;2.3;3.1;3.0
16902;18885;1.85;3.2;4.2
16903;18886;3.5;3.3;2.0
16904;18887;2.15;3.1;3.3
16905;18888;1.4;4.33;7.0
16906;18889;8.0;4.6;1.33
16907;18890;2.3;3.0;3.1
16908;18891;2.45;2.9;3.0
16909;18892;2.38;3.1;2.88
16910;18893;3.0;3.2;2.25
16911;18894;1.8;3.3;4.33
16912;18895;2.8;3.0;2.5
16913;18896;2.25;3.2;3.0
16914;18897;1.73;3.4;4.6
16915;18898;2.0;3.1;3.75
16916;18899;6.0;3.6;1.55
16917;18900;1.2;6.0;11.0
16918;18901;1.11;7.5;17.0
16919;18902;2.8;3.2;2.38
16920;18903;3.8;3.2;1.95
16921;18904;2.0;3.1;3.75
16922;18905;1.44;4.0;6.5
16923;18906;4.6;3.3;1.75
16924;18907;1.44;4.0;6.5
16925;18908;9.0;4.75;1.3
16926;18909;2.0;3.2;3.6
16927;18910;7.0;4.0;1.44
16928;18911;1.65;3.5;5.0
16929;18912;1.29;4.8;10.0
16930;18913;2.8;3.0;2.5
16931;18914;4.0;3.1;1.95
16932;18915;1.65;3.5;5.0
16933;18916;1.18;6.0;13.0
16934;18917;1.91;3.2;4.0
16935;18918;3.6;3.2;2.0
16936;18919;1.85;3.2;4.2
16937;18920;1.29;4.75;10.0
16938;18921;3.3;3.1;2.15
16939;18922;2.88;3.0;2.45
16940;18923;2.45;2.88;3.0
16941;18924;2.8;3.1;2.45
16942;18925;11.0;5.0;1.25
16943;18926;2.15;3.1;3.3
16944;18927;1.85;3.3;4.0
16945;18928;7.5;4.2;1.4
16946;18929;1.18;6.0;13.0
16947;18930;4.2;3.2;1.85
16948;18931;3.1;3.1;2.25
16949;18932;1.18;6.0;13.0
16950;18933;1.18;6.0;13.0
16951;18934;2.05;3.25;3.4
16952;18935;2.7;3.0;2.6
16953;18936;1.73;3.4;4.6
16954;18937;1.33;4.5;8.5
16955;18938;2.6;3.0;2.7
16956;18939;1.2;5.5;13.0
16957;18940;1.44;4.0;6.5
16958;18941;2.0;3.2;3.6
16959;18942;2.8;3.0;2.5
16960;18943;4.5;3.4;1.75
16961;18944;1.4;4.2;7.5
16962;18945;2.7;3.0;2.6
16963;18946;2.38;2.8;3.2
16964;18947;8.5;4.5;1.33
16965;18948;1.25;5.0;11.0
16966;18949;2.25;3.0;3.2
16967;18950;7.0;4.0;1.44
16968;18951;2.0;3.2;3.6
16969;18952;2.45;3.1;2.8
16970;18953;2.0;3.3;3.5
16971;18954;1.44;4.0;7.0
16972;18955;1.17;6.0;15.0
16973;18956;2.45;3.0;2.88
16974;18957;2.7;2.8;2.75
16975;18958;1.73;3.4;4.6
16976;18959;2.0;2.9;4.0
16977;18960;1.6;3.75;5.0
16978;18961;5.0;3.75;1.6
16979;18962;3.3;3.0;2.2
16980;18963;1.95;3.1;4.0
16981;18964;2.45;2.9;3.0
16982;18965;1.73;3.4;4.6
16983;18966;3.2;3.0;2.25
16984;18967;1.95;3.2;3.8
16985;18968;5.0;3.75;1.6
16986;18969;3.0;3.2;2.25
16987;18970;1.17;6.0;15.0
16988;18971;1.18;6.0;13.0
16989;18972;1.8;3.25;4.4
16990;18973;4.33;3.3;1.8
16991;18974;4.5;3.2;1.8
16992;18975;2.0;3.1;3.75
16993;18976;3.0;3.1;2.3
16994;18977;4.2;3.2;1.85
16995;18978;1.67;3.25;5.5
16996;18979;2.15;3.1;3.3
16997;18980;2.45;3.0;2.88
16998;18981;1.73;3.3;4.8
16999;18982;2.7;3.0;2.6
17000;18983;6.0;3.6;1.55
17001;18984;3.8;3.3;1.91
17002;18985;1.4;4.2;7.5
17003;18986;1.25;5.0;11.0
17004;18987;1.25;4.8;12.0
17005;18988;2.3;3.0;3.1
17006;18989;2.8;3.0;2.5
17007;18990;1.95;3.2;3.8
17008;18991;5.0;3.5;1.65
17009;18992;4.33;3.5;1.75
17010;18993;2.9;3.1;2.38
17011;18994;2.05;3.1;3.6
17012;18995;9.0;4.2;1.35
17013;18996;2.8;3.0;2.5
17014;18997;1.73;3.4;4.6
17015;18998;2.15;3.1;3.3
17016;18999;1.65;3.3;5.5
17017;19000;4.33;3.3;1.8
17018;19001;1.25;5.0;11.0
17019;19002;5.0;3.3;1.7
17020;19004;1.25;5.0;11.0
17021;19005;4.2;3.25;1.83
17022;19006;2.3;3.0;3.1
17023;19007;2.0;3.1;3.8
17024;19008;2.38;3.2;2.8
17025;19009;3.2;3.2;2.15
17026;19010;2.25;3.0;3.2
17027;19011;2.25;3.0;3.2
17028;19012;1.2;6.0;11.0
17029;19013;2.1;3.1;3.4
17030;19014;3.5;3.4;1.95
17031;19015;4.8;3.8;1.62
17032;19016;3.2;3.0;2.25
17033;19017;1.83;3.4;4.0
17034;19018;3.25;3.25;2.1
17035;19019;2.7;3.2;2.45
17036;19020;1.6;3.5;5.5
17037;19021;4.0;3.5;1.8
17038;19022;1.8;3.4;4.0
17039;19023;1.73;3.3;4.8
17040;19024;11.0;5.0;1.25
17041;19025;2.6;3.2;2.5
17042;19026;1.55;3.6;6.0
17043;19027;1.7;3.5;4.6
17044;19028;2.7;3.2;2.45
17045;19029;2.8;3.1;2.45
17046;19030;2.0;3.2;3.6
17047;19031;1.6;3.5;5.5
17048;19032;1.55;3.8;5.5
17049;19033;2.62;3.25;2.5
17050;19034;2.1;3.1;3.4
17051;19035;1.29;5.0;9.0
17052;19036;1.17;6.0;15.0
17053;19037;1.67;3.6;4.75
17054;19038;6.5;3.75;1.5
17055;19039;1.83;3.4;4.0
17056;19040;1.6;3.75;5.0
17057;19041;2.8;3.1;2.45
17058;19042;4.6;3.4;1.73
17059;19043;2.8;3.2;2.37
17060;19044;6.5;4.2;1.44
17061;19045;1.95;3.2;3.8
17062;19046;7.0;4.0;1.44
17063;19047;1.91;3.3;3.75
17064;19048;1.73;3.4;4.5
17065;19049;1.36;4.33;8.0
17066;19050;2.1;3.1;3.4
17067;19051;1.17;6.0;15.0
17068;19052;1.18;6.0;13.0
17069;19053;2.0;3.2;3.6
17070;19054;3.6;3.2;2.0
17071;19055;2.1;3.25;3.25
17072;19056;2.38;3.2;2.8
17073;19057;2.15;3.1;3.3
17074;19058;3.0;3.1;2.3
17075;19059;11.0;5.0;1.25
17076;19060;2.0;3.1;3.75
17077;19061;4.6;3.75;1.65
17078;19062;3.1;3.1;2.25
17079;19063;2.25;3.1;3.1
17080;19064;3.5;3.3;2.0
17081;19065;1.33;4.5;8.5
17082;19066;1.25;5.5;9.5
17083;19067;1.62;3.8;4.8
17084;19068;2.7;3.2;2.45
17085;19069;2.45;2.9;3.0
17086;19070;2.25;3.1;3.1
17087;19071;1.75;3.3;4.6
17088;19072;1.4;4.2;7.5
17089;19073;2.45;3.2;2.7
17090;19074;7.5;4.2;1.4
17091;19075;2.8;3.0;2.5
17092;19076;10.0;4.75;1.29
17093;19077;1.6;3.75;5.0
17094;19078;2.6;3.0;2.7
17095;19079;1.65;3.5;5.0
17096;19080;1.73;3.3;4.8
17097;19081;1.44;4.0;7.0
17098;19082;4.8;3.3;1.73
17099;19083;3.3;3.1;2.15
17100;19084;1.25;5.0;11.0
17101;19085;2.7;3.0;2.6
17102;19086;2.15;3.0;3.4
17103;19087;2.15;3.0;3.4
17104;19088;1.35;4.33;8.5
17105;19089;1.18;6.0;13.0
17106;19090;1.95;3.2;3.8
17107;19091;3.2;3.0;2.25
17108;19092;2.45;2.9;3.0
17109;19093;1.4;4.33;7.0
17110;19094;7.5;4.2;1.4
17111;19095;1.83;3.1;4.5
17112;19096;2.2;3.0;3.3
17113;19097;5.0;3.5;1.65
17114;19098;1.44;4.0;6.5
17115;19099;2.7;3.0;2.6
17116;19100;6.5;3.75;1.5
17117;19101;3.3;3.1;2.15
17118;19102;1.85;3.2;4.2
17119;19103;1.25;5.0;11.0
17120;19104;1.95;3.2;3.8
17121;19105;1.55;3.6;6.0
17122;19106;6.0;3.5;1.57
17123;19107;2.45;3.0;2.88
17124;19108;1.2;5.5;13.0
17125;19109;11.0;4.6;1.28
17126;19110;1.85;3.2;4.2
17127;19111;11.0;5.0;1.25
17128;19112;1.75;3.5;4.33
17129;19113;1.65;3.5;5.0
17130;19114;1.25;5.0;11.0
17131;19115;2.7;3.0;2.6
17132;19116;1.57;3.5;6.0
17133;19117;2.25;3.0;3.2
17134;19118;3.8;3.2;1.95
17135;19119;2.1;3.1;3.4
17136;19120;3.6;3.1;2.05
17137;19121;2.5;3.0;2.8
17138;19122;1.73;3.4;4.6
17139;19123;1.8;3.3;4.33
17140;19124;1.85;3.2;4.2
17141;19125;2.45;3.0;2.88
17142;19126;1.33;4.5;8.5
17143;19127;1.83;3.2;4.33
17144;19128;3.0;3.1;2.3
17145;19129;1.12;7.0;17.0
17146;19130;1.8;3.25;4.4
17147;19131;2.15;3.2;3.2
17148;19132;5.0;3.5;1.65
17149;19133;1.08;8.5;21.0
17150;19134;1.85;3.2;4.2
17151;19135;1.57;3.5;6.0
17152;19136;2.15;3.1;3.3
17153;19137;2.0;3.1;3.8
17154;19138;9.5;5.0;1.3
17155;19139;3.2;3.2;2.15
17156;19140;2.7;2.8;2.7
17157;19141;2.1;3.3;3.3
17158;19142;13.0;6.0;1.18
17159;19143;2.6;3.0;2.7
17160;19144;1.6;3.75;5.0
17161;19145;2.05;3.1;3.6
17162;19146;1.85;3.1;4.4
17163;19147;1.7;3.4;4.8
17164;19148;2.8;3.0;2.5
17165;19149;1.33;4.5;8.5
17166;19150;2.8;3.2;2.38
17167;19151;2.15;3.1;3.3
17168;19152;1.18;6.0;13.0
17169;19153;2.1;3.1;3.4
17170;19154;2.0;3.2;3.6
17171;19155;2.0;3.1;3.8
17172;19156;1.4;4.33;7.0
17173;19157;3.6;3.0;2.1
17174;19158;1.62;3.5;5.5
17175;19159;4.0;3.4;1.83
17176;19160;1.85;3.2;4.2
17177;19161;15.0;6.5;1.15
17178;19162;5.0;3.75;1.6
17179;19163;1.2;5.5;13.0
17180;19164;1.44;4.0;6.5
17181;19165;4.8;3.4;1.7
17182;19166;1.65;3.3;5.5
17183;19167;6.5;3.8;1.5
17184;19168;3.0;3.1;2.3
17185;19169;1.73;3.4;4.6
17186;19170;7.0;4.33;1.4
17187;19171;2.25;3.0;3.2
17188;19172;2.45;3.0;2.88
17189;19173;2.9;3.0;2.45
17190;19174;1.6;3.5;5.5
17191;19175;1.85;3.2;4.2
17192;19176;4.2;3.2;1.85
17193;19177;1.17;6.0;15.0
17194;19178;1.17;6.0;15.0
17195;19179;6.5;3.75;1.5
17196;19180;2.45;2.9;3.0
17197;19181;2.62;2.9;2.75
17198;19182;1.85;3.2;4.2
17199;19183;9.0;4.75;1.3
17200;19184;1.73;3.3;4.8
17201;19185;2.25;3.0;3.2
17202;19186;1.29;4.6;11.0
17203;19187;13.0;5.5;1.2
17204;19188;4.0;3.4;1.83
17205;19189;2.25;3.0;3.2
17206;19190;2.45;3.2;2.7
17207;19191;2.75;2.9;2.62
17208;19192;2.05;3.1;3.6
17209;19193;12.0;4.75;1.25
17210;19194;1.6;3.5;5.5
17211;19195;2.8;3.0;2.5
17212;19196;1.55;3.6;6.0
17213;19197;3.1;3.0;2.3
17214;19198;1.44;3.8;7.5
17215;19199;1.4;4.0;8.0
17216;19200;2.25;3.1;3.1
17217;19201;1.18;6.0;13.0
17218;19202;2.0;2.9;4.0
17219;19203;3.0;3.2;2.25
17220;19204;2.0;3.2;3.6
17221;19205;1.15;6.5;15.0
17222;19206;3.1;3.0;2.3
17223;19207;7.0;4.0;1.44
17224;19208;2.0;3.1;3.8
17225;19209;2.0;3.2;3.6
17226;19210;1.6;3.5;5.5
17227;19211;8.5;4.33;1.35
17228;19212;1.73;3.2;5.0
17229;19213;1.18;6.0;13.0
17230;19214;2.9;3.1;2.38
17231;19216;2.6;3.0;2.7
17232;19217;2.25;3.0;3.2
17233;19218;2.2;3.0;3.3
17234;19219;2.45;2.9;3.0
17235;19220;1.73;3.4;4.6
17236;19221;1.65;3.5;5.0
17237;19222;3.6;3.1;2.05
17238;19223;1.22;5.5;11.0
17239;19225;2.8;3.0;2.5
17240;19226;1.95;2.9;4.33
17241;19227;1.18;6.0;13.0
17242;19228;3.8;3.2;1.95
17243;19229;2.5;2.9;2.9
17244;19230;2.25;3.1;3.1
17245;19231;4.0;3.2;1.83
17246;19232;2.38;3.2;2.8
17247;19233;13.0;5.5;1.2
17248;19234;1.7;3.4;4.8
17249;19235;1.8;3.3;4.33
17250;19236;2.9;3.0;2.45
17251;19237;1.44;4.2;6.5
17252;19238;2.5;3.0;2.8
17253;19239;5.5;3.5;1.6
17254;19240;3.4;3.0;2.15
17255;19241;1.75;3.4;4.5
17256;19242;1.1;7.5;21.0
17257;19243;2.5;2.9;2.9
17258;19244;8.5;4.33;1.35
17259;19245;2.3;3.0;3.1
17260;19246;8.5;4.33;1.35
17261;19247;1.4;4.0;8.0
17262;19248;2.62;3.0;2.62
17263;19249;2.2;3.0;3.3
17264;19250;2.45;2.9;3.0
17265;19251;1.4;4.33;7.0
17266;19252;1.57;3.5;6.0
17267;19253;2.5;3.0;2.8
17268;19254;1.18;6.0;13.0
17269;19255;2.5;3.0;2.8
17270;19256;1.2;5.0;15.0
17271;19257;5.0;3.5;1.65
17272;19258;1.62;3.6;5.0
17273;19259;1.85;3.2;4.2
17274;19260;5.5;3.3;1.65
17275;19261;2.25;2.9;3.2
17276;19262;2.38;2.88;3.1
17277;19263;2.3;3.1;3.0
17278;19264;2.8;3.0;2.5
17279;19265;2.45;3.0;2.88
17280;19266;6.5;4.0;1.44
17281;19267;1.12;7.0;17.0
17282;19268;1.6;3.5;5.5
17283;19269;8.0;4.33;1.36
17284;19270;1.25;5.0;11.0
17285;19271;1.07;8.5;26.0
17286;19272;3.6;3.2;2.0
17287;19273;13.0;5.0;1.22
17288;19274;2.0;3.2;3.6
17289;19275;2.45;3.1;2.8
17290;19276;1.18;6.0;13.0
17291;19277;2.8;3.0;2.5
17292;19278;2.7;2.9;2.7
17293;19279;2.88;3.0;2.45
17294;19280;2.3;2.9;3.2
17295;19281;2.45;2.9;3.0
17296;19282;1.75;3.4;4.8
17297;19283;1.8;3.3;4.33
17298;19284;2.62;2.9;2.75
17299;19285;1.83;3.1;4.5
17300;19286;1.5;3.75;6.5
17301;19287;2.8;3.0;2.5
17302;19288;1.17;6.0;15.0
17303;19289;2.3;3.0;3.1
17304;19290;2.6;3.0;2.7
17305;19291;2.6;3.0;2.7
17306;19292;2.0;3.2;3.6
17307;19293;1.4;4.0;8.0
17308;19294;1.6;3.75;5.0
17309;19295;2.05;3.1;3.6
17310;19296;2.38;3.1;2.88
17311;19297;6.0;3.6;1.55
17312;19298;15.0;6.0;1.17
17313;19299;1.3;4.75;9.0
17314;19300;2.3;3.0;3.1
17315;19301;2.62;2.9;2.75
17316;19302;2.0;3.1;3.75
17317;19303;1.75;3.25;4.75
17318;19304;2.9;3.0;2.45
17319;19305;3.4;3.1;2.1
17320;19306;15.0;6.0;1.17
17321;19307;2.4;3.0;2.88
17322;19308;2.38;2.9;3.1
17323;19309;1.44;4.0;7.0
17324;19310;1.06;9.5;23.0
17325;19311;2.25;3.2;3.0
17326;19312;1.85;3.2;4.2
17327;19313;1.06;9.5;23.0
17328;19314;4.6;3.5;1.7
17329;19315;2.05;3.1;3.6
17330;19316;2.15;3.1;3.3
17331;19317;2.38;3.1;2.9
17332;19318;2.7;3.1;2.5
17333;19319;1.85;3.2;4.2
17334;19320;1.75;3.5;4.33
17335;19321;13.0;6.0;1.18
17336;19322;9.5;5.5;1.25
17337;19323;3.2;3.2;2.15
17338;19324;2.15;3.1;3.3
17339;19325;2.15;3.2;3.2
17340;19326;2.3;3.2;2.8
17341;19327;4.33;3.5;1.7
17342;19328;5.0;3.75;1.6
17343;19329;1.83;3.4;4.0
17344;19330;1.02;12.0;29.0
17345;19331;3.0;3.2;2.2
17346;19332;1.17;6.0;12.0
17347;19333;1.33;4.75;7.5
17348;19334;3.75;3.1;2.0
17349;19335;2.05;3.1;3.6
17350;19336;1.83;3.1;4.5
17351;19337;6.0;3.5;1.57
17352;19338;1.65;3.3;5.5
17353;19339;2.6;3.0;2.7
17354;19340;2.9;3.0;2.45
17355;19341;1.4;4.0;8.0
17356;19342;6.5;3.75;1.5
17357;19343;2.9;2.9;2.5
17358;19344;2.6;2.8;2.88
17359;19345;1.18;6.0;13.0
17360;19346;6.0;3.6;1.55
17361;19347;2.45;2.9;3.0
17362;19348;1.65;3.3;5.5
17363;19349;1.12;7.0;17.0
17364;19350;2.8;3.0;2.5
17365;19351;1.95;3.1;4.0
17366;19352;2.5;2.9;2.9
17367;19353;1.8;3.4;4.0
17368;19354;2.38;2.8;3.2
17369;19355;2.0;3.1;3.8
17370;19356;4.8;3.5;1.67
17371;19357;2.3;3.0;3.1
17372;19358;1.91;3.0;4.33
17373;19359;2.7;3.0;2.6
17374;19360;2.7;3.2;2.4
17375;19361;2.38;2.88;3.1
17376;19362;2.1;3.1;3.4
17377;19363;2.3;3.1;3.0
17378;19364;8.0;4.0;1.4
17379;19365;2.1;3.1;3.4
17380;19366;1.18;6.0;13.0
17381;19367;1.6;3.5;5.5
17382;19368;1.5;3.75;6.5
17383;19369;3.4;3.25;2.05
17384;19370;9.0;4.4;1.33
17385;19371;3.5;3.0;2.15
17386;19372;1.7;3.6;4.8
17387;19373;1.75;3.25;4.75
17388;19374;4.33;3.3;1.8
17389;19375;1.85;3.2;4.2
17390;19376;2.8;3.0;2.5
17391;19377;1.44;4.0;7.0
17392;19378;1.73;3.2;5.0
17393;19379;3.6;3.1;2.05
17394;19380;1.75;3.3;4.6
17395;19381;1.33;5.0;9.0
17396;19382;1.85;3.2;4.2
17397;19383;4.0;3.2;1.91
17398;19384;2.0;3.1;3.75
17399;19385;2.38;3.1;2.9
17400;19386;4.4;3.25;1.8
17401;19387;1.29;5.0;9.0
17402;19388;2.4;2.9;3.0
17403;19389;1.3;4.75;9.0
17404;19390;1.7;3.4;4.8
17405;19391;1.85;3.2;4.2
17406;19392;2.2;3.0;3.3
17407;19393;2.25;3.0;3.2
17408;19394;1.18;6.0;13.0
17409;19395;2.8;3.0;2.5
17410;19396;10.0;4.5;1.3
17411;19397;8.0;4.33;1.36
17412;19398;1.83;3.1;4.5
17413;19399;1.2;5.5;13.0
17414;19400;2.15;3.1;3.3
17415;19401;2.1;3.1;3.4
17416;19402;1.17;6.0;15.0
17417;19403;1.73;3.3;4.8
17418;19404;4.33;3.3;1.8
17419;19405;2.62;2.9;2.75
17420;19406;2.6;2.8;2.88
17421;19407;2.5;2.8;3.0
17422;19408;1.83;3.1;4.5
17423;19409;1.18;6.0;13.0
17424;19410;3.1;3.1;2.25
17425;19411;2.15;3.0;3.4
17426;19412;2.5;3.0;2.8
17427;19413;1.8;3.1;4.75
17428;19414;15.0;6.0;1.17
17429;19415;2.1;2.88;3.75
17430;19416;2.25;3.0;3.2
17431;19417;2.25;3.0;3.2
17432;19418;2.25;3.0;3.2
17433;19419;5.5;3.8;1.55
17434;19420;1.12;7.0;17.0
17435;19421;5.0;3.3;1.7
17436;19422;1.18;6.0;13.0
17437;19423;2.25;3.0;3.2
17438;19424;2.6;2.8;2.88
17439;19425;2.5;2.8;3.0
17440;19426;1.83;3.1;4.5
17441;19427;2.3;3.0;3.1
17442;19428;8.5;4.5;1.33
17443;19429;2.0;3.1;3.8
17444;19430;8.0;4.0;1.4
17445;19431;6.0;3.6;1.55
17446;19432;1.17;6.0;15.0
17447;19433;2.6;3.0;2.7
17448;19434;2.25;2.9;3.3
17449;19435;1.29;4.75;10.0
17450;19436;1.65;3.3;5.5
17451;19437;2.3;3.0;3.1
17452;19438;2.45;2.9;3.0
17453;19439;1.12;7.0;17.0
17454;19440;2.8;3.0;2.5
17455;19441;11.0;4.4;1.29
17456;19442;2.38;2.88;3.1
17457;19443;2.5;2.8;3.0
17458;19444;1.57;3.5;6.0
17459;19445;2.05;3.1;3.6
17460;19446;1.85;3.2;4.2
17461;19447;6.0;3.75;1.53
17462;19448;4.2;3.2;1.85
17463;19449;1.95;3.2;3.8
17464;19450;2.5;3.0;2.8
17465;19451;2.38;2.88;3.1
17466;19452;2.38;3.0;3.0
17467;19453;1.33;4.5;8.5
17468;19454;1.2;5.5;13.0
17469;19455;6.5;4.0;1.44
17470;19456;1.3;4.5;10.0
17471;19457;2.25;2.88;3.4
17472;19458;3.3;3.1;2.15
17473;19459;2.6;2.8;2.88
17474;19460;2.0;2.9;4.0
17475;19461;11.0;4.6;1.29
17476;19462;1.83;3.25;4.2
17477;19463;2.0;3.2;3.6
17478;19464;1.8;3.2;4.5
17479;19465;2.0;3.1;3.75
17480;19466;2.15;2.88;3.6
17481;19467;5.0;3.75;1.62
17482;19468;1.55;3.6;6.0
17483;19469;1.8;3.3;4.33
17484;19470;6.5;3.75;1.5
17485;19471;3.8;3.2;1.95
17486;19472;3.0;3.1;2.3
17487;19473;2.05;3.1;3.6
17488;19474;2.5;3.0;2.8
17489;19475;7.5;4.2;1.4
17490;19476;1.67;3.6;4.8
17491;19477;1.08;8.0;23.0
17492;19478;2.25;3.0;3.2
17493;19479;1.17;6.0;15.0
17494;19480;2.5;2.9;2.9
17495;19481;2.25;3.0;3.2
17496;19482;1.18;6.0;13.0
17497;19483;2.8;3.0;2.5
17498;19484;2.45;3.0;2.88
17499;19485;1.55;3.75;5.5
17500;19486;5.5;4.0;1.53
17501;19487;2.25;2.9;3.3
17502;19488;9.0;4.2;1.35
17503;19489;2.0;3.1;3.8
17504;19490;1.73;3.2;5.0
17505;19491;8.0;4.0;1.4
17506;19492;1.85;3.2;4.2
17507;19493;1.85;3.2;4.2
17508;19494;3.1;3.1;2.25
17509;19495;1.3;4.5;10.0
17510;19496;1.12;7.0;17.0
17511;19497;1.91;3.3;3.8
17512;19498;9.0;4.5;1.33
17513;19499;2.6;3.0;2.7
17514;19500;5.0;3.5;1.67
17515;19501;9.5;4.33;1.33
17516;19502;1.67;3.5;5.0
17517;19503;1.67;3.5;5.0
17518;19504;1.91;3.3;3.8
17519;19505;1.12;7.0;17.0
17520;19506;2.0;3.1;3.8
17521;19507;3.4;3.1;2.1
17522;19508;2.62;3.1;2.6
17523;19509;2.3;3.0;3.1
17524;19510;1.22;5.5;11.0
17525;19511;2.7;3.0;2.6
17526;19512;7.5;4.6;1.35
17527;19513;1.44;4.0;6.5
17528;19514;2.0;3.1;3.75
17529;19515;2.25;3.2;3.0
17530;19516;3.75;3.25;1.95
17531;19517;2.0;3.2;3.6
17532;19518;1.75;3.3;4.6
17533;19519;2.3;3.0;3.1
17534;19520;1.8;3.3;4.33
17535;19521;1.8;3.3;4.33
17536;19522;7.0;4.0;1.44
17537;19523;2.25;3.2;3.0
17538;19524;8.5;4.33;1.35
17539;19525;1.2;5.5;13.0
17540;19526;2.6;2.88;2.8
17541;19527;2.88;3.0;2.45
17542;19528;1.17;6.0;15.0
17543;19529;2.62;3.1;2.6
17544;19530;2.7;3.0;2.6
17545;19531;1.6;3.75;5.0
17546;19532;1.85;3.2;4.2
17547;19533;2.15;3.1;3.3
17548;19534;3.4;3.1;2.1
17549;19535;7.0;4.33;1.4
17550;19536;1.12;7.0;17.0
17551;19537;2.62;2.9;2.75
17552;19538;2.2;3.1;3.2
17553;19539;6.5;4.0;1.44
17554;19540;1.83;3.4;4.0
17555;19541;2.8;3.1;2.45
17556;19542;2.88;3.0;2.45
17557;19543;2.5;3.0;2.8
17558;19544;2.0;3.2;3.6
17559;19545;2.38;3.2;2.8
17560;19546;2.8;3.1;2.45
17561;19547;2.5;2.9;2.9
17562;19548;3.8;3.3;1.91
17563;19549;2.5;3.25;2.62
17564;19550;2.15;3.1;3.3
17565;19551;1.95;3.1;4.0
17566;19552;2.0;3.2;3.6
17567;19553;2.0;3.2;3.6
17568;19554;3.75;3.25;1.95
17569;19555;1.1;8.0;17.0
17570;19556;6.5;3.8;1.5
17571;19557;2.25;3.2;3.0
17572;19558;1.12;7.0;17.0
17573;19559;1.25;5.0;11.0
17574;19560;3.0;3.2;2.25
17575;19561;11.0;5.0;1.25
17576;19562;2.15;3.2;3.2
17577;19563;1.91;3.3;3.8
17578;19564;9.0;4.75;1.3
17579;19565;2.45;3.0;2.88
17580;19566;1.33;4.5;8.5
17581;19567;2.0;3.2;3.6
17582;19568;1.95;3.2;3.8
17583;19569;2.0;3.1;3.75
17584;19570;2.25;3.0;3.2
17585;19571;8.5;4.5;1.33
17586;19572;1.55;3.8;5.5
17587;19573;2.15;3.1;3.3
17588;19574;2.3;3.25;2.88
17589;19575;2.8;3.1;2.45
17590;19576;1.08;8.5;21.0
17591;19577;2.38;2.88;3.1
17592;19578;2.38;3.2;2.8
17593;19579;2.15;3.2;3.2
17594;19580;2.0;3.2;3.6
17595;19581;1.2;6.0;11.0
17596;19582;9.5;4.6;1.3
17597;19583;1.4;4.2;7.5
17598;19584;7.5;4.2;1.4
17599;19585;2.38;3.1;2.9
17600;19586;8.0;4.0;1.4
17601;19587;2.38;2.88;3.1
17602;19588;1.17;6.0;15.0
17603;19589;2.15;2.9;3.6
17604;19590;1.53;3.5;6.5
17605;19591;1.15;6.5;15.0
17606;19592;3.0;2.8;2.5
17607;19593;2.8;2.88;2.6
17608;19594;2.38;2.8;3.2
17609;19595;2.0;3.2;3.6
17610;19596;2.2;3.0;3.3
17611;19597;2.6;3.0;2.7
17612;19598;2.25;3.2;3.0
17613;19599;1.22;5.5;11.0
17614;19600;2.5;3.0;2.8
17615;19601;1.12;7.0;17.0
17616;19602;1.36;4.5;7.5
17617;19603;11.0;5.0;1.25
17618;19604;2.38;3.2;2.8
17619;19605;2.05;3.1;3.6
17620;19606;8.0;4.33;1.36
17621;19607;3.75;3.25;1.95
17622;19608;2.3;3.1;3.0
17623;19609;1.95;3.25;3.75
17624;19610;8.0;4.33;1.36
17625;19611;2.05;3.25;3.4
17626;19612;1.08;9.0;17.0
17627;19613;2.38;3.2;2.8
17628;19614;2.45;2.9;3.0
17629;19615;3.0;3.1;2.3
17630;19616;1.83;3.25;4.2
17631;19617;2.45;3.1;2.8
17632;19618;1.12;7.0;17.0
17633;19619;1.44;4.2;6.5
17634;19620;2.05;3.25;3.4
17635;19621;3.0;3.1;2.3
17636;19622;2.45;3.0;2.88
17637;19623;2.05;3.4;3.25
17638;19624;8.0;4.6;1.33
17639;19625;4.0;3.4;1.83
17640;19626;1.08;8.5;21.0
17641;19627;3.4;3.25;2.05
17642;19628;2.45;2.9;3.0
17643;19629;1.6;3.75;5.0
17644;19630;1.95;3.25;3.75
17645;19631;1.57;4.0;5.0
17646;19632;1.33;4.5;8.5
17647;19633;2.3;3.25;2.87
17648;19634;2.15;3.3;3.1
17649;19635;2.3;3.1;3.0
17650;19636;2.4;3.25;2.75
17651;19637;3.0;3.3;2.2
17652;19638;1.12;7.5;15.0
17653;19639;5.0;4.2;1.53
17654;19640;9.0;4.2;1.35
17655;19641;2.75;2.8;2.7
17656;19642;1.91;3.0;4.2
17657;19643;1.8;3.2;4.5
17658;19644;2.3;3.0;3.1
17659;19645;6.5;3.75;1.5
17660;19646;1.67;3.25;5.5
17661;19647;1.2;5.5;13.0
17662;19648;2.9;2.9;2.5
17663;19649;2.75;2.8;2.7
17664;19650;2.15;3.0;3.4
17665;19651;1.73;3.4;4.6
17666;19652;2.0;3.1;3.8
17667;19653;2.6;2.8;2.88
17668;19654;1.95;3.2;3.8
17669;19655;2.8;3.0;2.5
17670;19656;2.5;3.0;2.8
17671;19657;1.29;4.8;9.5
17672;19658;2.45;2.88;3.0
17673;19659;1.29;4.8;10.0
17674;19660;8.5;4.33;1.35
17675;19661;1.83;3.1;4.5
17676;19662;1.83;3.1;4.5
17677;19663;11.0;5.0;1.25
17678;19664;1.85;3.2;4.2
17679;19665;1.65;3.3;5.5
17680;19666;3.2;3.0;2.25
17681;19667;3.6;3.1;2.05
17682;19668;2.25;3.0;3.2
17683;19669;1.55;3.6;6.0
17684;19670;1.18;6.0;13.0
17685;19671;8.5;4.33;1.35
17686;19672;1.91;3.0;4.33
17687;19673;2.5;3.1;2.7
17688;19674;1.3;4.75;9.0
17689;19675;2.45;2.88;3.0
17690;19676;1.85;3.0;4.6
17691;19677;1.91;3.0;4.33
17692;19678;2.2;3.2;3.4
17693;19679;2.15;3.0;3.4
17694;19680;2.45;2.9;3.0
17695;19681;1.73;3.3;4.8
17696;19682;1.83;3.1;4.5
17697;19683;1.33;4.5;11.0
17698;19684;1.95;3.25;3.75
17699;19685;2.5;2.8;3.3
17700;19686;2.7;3.0;2.8
17701;19687;2.05;3.1;4.0
17702;19688;2.2;3.1;3.5
17703;19689;1.53;3.8;7.0
17704;19690;13.0;5.5;1.25
17705;19691;1.22;6.0;13.0
17706;19692;2.3;3.2;3.2
17707;19693;11.0;5.0;1.25
17708;19694;6.0;3.75;1.44
17709;19695;1.91;3.2;3.5
17710;19696;2.5;3.1;2.5
17711;19697;1.67;3.4;4.33
17712;19698;1.14;5.5;15.0
17713;19699;3.0;3.2;2.1
17714;19700;1.29;4.5;8.0
17715;19701;1.7;3.3;4.33
17716;19702;1.91;3.2;3.5
17717;19703;1.83;3.3;3.6
17718;19704;2.25;3.2;2.75
17719;19705;8.0;4.5;1.29
17720;19706;1.2;5.0;11.0
17721;19707;1.7;3.3;4.33
17722;19708;5.5;3.5;1.53
17723;19709;2.1;3.2;3.0
17724;19710;2.5;3.1;2.5
17725;19711;2.4;3.1;2.6
17726;19712;1.25;4.5;10.0
17727;19713;2.0;3.2;3.2
17728;19714;1.62;3.5;4.5
17729;19715;6.0;3.75;1.44
17730;19716;2.62;3.1;2.38
17731;19717;2.5;3.1;2.5
17732;19718;1.2;5.0;11.0
17733;19719;1.91;3.2;3.5
17734;19720;5.5;3.6;1.5
17735;19721;1.5;3.4;6.0
17736;19722;1.7;3.3;4.33
17737;19723;2.2;3.2;2.8
17738;19724;1.17;5.5;12.0
17739;19725;2.2;3.2;2.8
17740;19726;2.8;3.2;2.2
17741;19727;2.6;3.1;2.4
17742;19728;2.4;3.1;2.6
17743;19729;8.5;4.8;1.25
17744;19730;1.3;4.5;9.0
17745;19731;1.5;3.6;6.25
17746;19732;2.15;3.2;3.1
17747;19733;1.75;3.4;4.2
17748;19734;1.9;3.25;3.75
17749;19735;9.0;4.5;1.3
17750;19736;1.17;5.5;12.0
17751;19737;5.0;3.5;1.57
17752;19738;2.0;3.2;3.2
17753;19739;2.62;3.2;2.3
17754;19740;2.3;3.2;2.62
17755;19741;2.5;3.1;2.5
17756;19742;1.14;5.5;15.0
17757;19743;2.5;3.1;2.5
17758;19744;5.5;3.5;1.53
17759;19745;2.5;3.1;2.5
17760;19746;2.62;3.2;2.3
17761;19747;1.83;3.2;3.75
17762;19748;1.33;4.0;8.0
17763;19749;4.2;3.25;1.73
17764;19750;2.1;3.2;3.0
17765;19751;1.5;3.6;5.5
17766;19752;1.8;3.3;3.75
17767;19753;2.25;3.2;2.75
17768;19754;1.33;4.0;8.0
17769;19755;2.1;3.2;3.0
17770;19756;1.91;3.25;3.4
17771;19757;2.5;3.1;2.5
17772;19758;7.0;4.0;1.36
17773;19759;2.5;3.1;2.5
17774;19760;1.36;4.0;7.0
17775;19761;5.5;3.5;1.53
17776;19762;2.1;3.2;3.0
17777;19763;1.83;3.2;3.75
17778;19764;1.73;3.4;4.0
17779;19765;2.25;3.2;2.75
17780;19766;2.3;3.2;3.2
17781;19767;1.73;3.5;5.0
17782;19768;1.95;3.3;4.0
17783;19769;1.85;3.5;4.2
17784;19770;2.25;3.4;3.1
17785;19771;1.91;3.4;4.0
17786;19772;1.4;4.33;8.5
17787;19773;2.05;3.2;3.8
17788;19774;8.5;4.33;1.4
17789;19775;2.4;3.3;2.9
17790;19776;2.5;3.3;2.8
17791;19777;3.4;3.3;2.15
17792;19778;1.17;5.5;12.0
17793;19779;1.67;3.4;4.33
17794;19780;1.8;3.25;3.8
17795;19781;2.5;3.1;2.5
17796;19782;5.0;3.5;1.57
17797;19783;2.1;3.2;3.0
17798;19784;1.29;4.5;8.0
17799;19785;1.67;3.4;4.33
17800;19786;1.83;3.2;3.75
17801;19787;1.53;3.5;5.5
17802;19788;1.83;3.2;3.75
17803;19789;4.33;3.4;1.67
17804;19790;1.4;3.75;7.0
17805;19791;2.1;3.2;3.0
17806;19792;8.0;4.5;1.29
17807;19793;2.15;3.2;2.9
17808;19794;2.9;3.2;2.15
17809;19795;2.75;3.2;2.25
17810;19796;2.25;3.25;3.25
17811;19797;1.53;3.5;5.5
17812;19798;1.95;3.25;3.3
17813;19799;2.15;3.2;2.9
17814;19800;2.3;3.2;2.62
17815;19801;2.0;3.2;3.2
17816;19802;1.2;5.0;11.0
17817;19803;5.5;3.5;1.53
17818;19804;1.57;3.5;5.0
17819;19805;2.2;3.2;2.8
17820;19806;2.5;3.1;2.5
17821;19807;2.1;3.2;3.0
17822;19808;1.2;5.0;11.0
17823;19809;2.15;3.2;2.9
17824;19810;1.83;3.2;3.75
17825;19811;1.7;3.3;4.33
17826;19812;2.3;3.2;2.62
17827;19813;7.0;3.75;1.4
17828;19814;1.2;6.0;15.0
17829;19815;2.0;3.2;4.0
17830;19816;7.5;4.2;1.44
17831;19817;3.0;3.2;2.4
17832;19818;2.7;3.2;2.6
17833;19819;2.4;3.2;3.0
17834;19820;1.2;6.0;17.0
17835;19821;2.38;3.1;2.62
17836;19822;2.5;3.1;2.5
17837;19823;1.6;3.4;4.8
17838;19824;2.2;3.2;2.8
17839;19825;7.0;4.0;1.5
17840;19826;1.2;5.0;11.0
17841;19827;2.3;3.2;2.62
17842;19828;1.62;3.5;4.5
17843;19829;1.91;3.2;3.5
17844;19830;4.5;3.3;1.67
17845;19831;2.38;3.1;2.62
17846;19832;1.33;4.0;8.0
17847;19833;5.0;3.5;1.57
17848;19834;2.38;3.1;2.62
17849;19835;2.38;3.1;2.62
17850;19836;2.3;3.2;2.62
17851;19837;2.3;3.2;2.62
17852;19838;1.17;5.5;12.0
17853;19839;1.91;3.2;3.5
17854;19840;2.1;3.2;3.0
17855;19841;1.53;3.5;5.5
17856;19842;2.05;3.2;3.1
17857;19843;7.0;4.0;1.36
17858;19844;1.36;4.5;9.5
17859;19845;5.0;3.4;1.75
17860;19846;2.25;3.3;3.2
17861;19847;1.85;3.3;4.5
17862;19848;2.62;3.3;2.62
17863;19849;3.0;3.25;2.38
17864;19850;1.29;4.5;8.0
17865;19851;1.62;3.5;4.5
17866;19852;1.67;3.4;4.33
17867;19853;5.0;3.5;1.57
17868;19854;1.8;3.4;3.6
17869;19855;2.75;3.25;2.2
17870;19856;5.0;3.5;1.57
17871;19857;2.3;3.2;2.62
17872;19858;2.3;3.2;2.62
17873;19859;2.3;3.2;2.62
17874;19860;2.25;3.2;2.75
17875;19861;1.36;4.0;7.0
17876;19862;1.8;3.5;4.5
17877;19863;2.3;3.3;3.1
17878;19864;2.1;3.3;3.5
17879;19865;2.05;3.3;3.0
17880;19866;2.3;3.2;2.62
17881;19867;1.95;3.25;3.3
17882;19868;1.3;5.0;11.0
17883;19869;2.15;3.3;3.4
17884;19870;2.1;3.3;3.5
17885;19871;2.3;3.3;3.1
17886;19872;2.3;3.2;3.2
17887;19873;6.0;3.8;1.57
17888;19874;1.25;4.5;10.0
17889;19875;2.1;3.2;3.0
17890;19876;2.1;3.2;3.0
17891;19877;2.38;3.1;2.62
17892;19878;2.05;3.2;3.1
17893;19879;6.0;3.75;1.44
17894;19880;2.0;3.2;4.0
17895;19881;2.0;3.2;4.0
17896;19882;2.25;3.2;3.3
17897;19883;1.8;3.5;4.5
17898;19884;1.25;6.0;10.0
17899;19885;6.0;4.2;1.53
17900;19886;2.0;3.2;3.2
17901;19887;1.8;3.3;3.75
17902;19888;2.05;3.2;3.1
17903;19889;2.62;3.1;2.38
17904;19890;2.15;3.2;2.9
17905;19891;3.0;3.2;2.1
17906;19892;1.22;4.8;10.0
17907;19893;4.8;3.6;1.57
17908;19894;2.25;3.2;2.75
17909;19895;1.66;3.4;4.33
17910;19896;1.83;3.3;3.6
17911;19897;2.75;3.25;2.2
17912;19898;1.73;3.25;4.2
17913;19899;5.5;3.6;1.5
17914;19900;2.1;3.2;3.0
17915;19901;2.2;3.2;2.8
17916;19902;2.5;3.1;2.5
17917;19903;1.29;4.5;8.0
17918;19904;1.29;4.5;8.0
17919;19905;2.25;3.2;2.75
17920;19906;1.8;3.3;3.75
17921;19907;4.5;3.5;1.62
17922;19908;2.25;3.2;2.75
17923;19909;2.05;3.2;3.1
17924;19910;1.14;5.5;15.0
17925;19911;1.8;3.25;3.8
17926;19912;1.8;3.25;3.8
17927;19913;2.1;3.2;3.0
17928;19914;8.0;4.0;1.33
17929;19915;1.91;3.2;3.5
17930;19916;1.28;5.25;11.0
17931;19917;2.25;3.1;2.8
17932;19918;2.15;3.2;2.9
17933;19919;7.0;4.0;1.36
17934;19920;2.38;3.1;2.62
17935;19921;2.25;3.1;2.8
17936;19922;1.2;5.0;11.0
17937;19923;2.3;3.2;2.62
17938;19924;5.0;3.5;1.57
17939;19925;1.91;3.2;3.5
17940;19926;1.7;3.3;4.33
17941;19927;2.5;3.1;2.5
17942;19928;3.8;3.4;1.95
17943;19929;1.83;3.2;3.75
17944;19930;1.95;3.25;3.3
17945;19931;2.3;3.2;2.62
17946;19932;2.1;3.2;3.0
17947;19933;1.2;5.0;11.0
17948;19934;1.28;4.5;8.0
17949;19935;2.75;3.2;2.25
17950;19936;2.37;3.1;2.62
17951;19937;1.91;3.2;3.5
17952;19938;2.8;3.2;2.2
17953;19939;8.0;4.5;1.28
17954;19940;1.2;5.0;11.0
17955;19941;3.75;3.3;1.8
17956;19942;2.1;3.3;2.87
17957;19943;1.8;3.4;3.6
17958;19944;2.2;3.2;2.8
17959;19945;2.8;3.2;2.2
17960;19946;2.5;3.1;2.5
17961;19947;2.5;3.1;2.5
17962;19948;1.5;3.6;5.5
17963;19949;1.2;5.0;11.0
17964;19950;4.0;3.4;1.73
17965;19951;1.73;3.4;4.0
17966;19952;1.57;3.5;5.0
17967;19953;6.5;4.0;1.4
17968;19954;1.91;3.2;3.5
17969;19955;2.0;3.2;3.2
17970;19956;2.8;3.2;2.2
17971;19957;1.33;4.0;8.0
17972;19958;2.62;3.2;2.3
17973;19959;2.0;3.2;3.2
17974;19960;1.67;3.4;4.33
17975;19961;2.62;3.2;2.3
17976;19962;5.0;3.6;1.53
17977;19963;1.22;4.8;10.0
17978;19964;2.5;3.1;2.5
17979;19965;2.7;3.25;2.25
17980;19966;5.0;3.5;1.57
17981;19967;1.91;3.25;3.4
17982;19968;1.22;5.0;9.0
17983;19969;2.05;3.2;3.1
17984;19970;2.75;3.25;2.2
17985;19971;1.61;3.5;4.5
17986;19972;2.4;3.25;2.5
17987;19973;1.14;6.0;12.0
17988;19974;1.91;3.25;3.4
17989;19975;3.75;3.3;1.8
17990;19976;1.36;4.5;9.0
17991;19977;3.1;3.3;2.3
17992;19978;7.0;4.0;1.36
17993;19979;2.05;3.4;3.5
17994;19980;2.2;3.2;2.8
17995;19981;1.67;3.5;4.2
17996;19982;2.5;3.1;2.5
17997;19983;1.8;3.3;3.75
17998;19984;2.1;3.3;3.5
17999;19985;2.38;3.25;3.0
18000;19986;2.4;3.4;2.8
18001;19987;2.05;3.3;3.6
18002;19988;2.38;3.1;2.62
18003;19989;1.17;5.5;12.0
18004;19990;2.75;3.2;2.25
18005;19991;2.75;3.2;2.25
18006;19992;1.95;3.25;3.3
18007;19993;4.5;3.3;1.67
18008;19994;2.3;3.2;2.62
18009;19995;8.0;4.0;1.33
18010;19996;1.7;3.4;4.2
18011;19997;2.3;3.2;2.62
18012;19998;2.3;3.3;3.1
18013;19999;1.17;5.5;12.0
18014;20000;6.5;4.0;1.4
18015;20001;1.3;4.33;8.0
18016;20002;1.73;3.4;4.0
18017;20003;3.1;3.2;2.05
18018;20004;1.57;3.5;5.0
18019;20005;1.91;3.25;3.4
18020;20006;1.33;4.2;7.5
18021;20007;1.61;3.3;5.0
18022;20008;2.5;3.3;2.37
18023;20009;2.25;3.2;2.75
18024;20010;7.5;4.2;1.33
18025;20011;1.73;3.25;4.2
18026;20012;2.7;3.25;2.25
18027;20013;1.17;5.5;12.0
18028;20014;2.4;3.1;2.6
18029;20015;1.6;3.4;5.0
18030;20016;2.0;3.2;3.2
18031;20017;7.0;4.33;1.33
18032;20018;1.57;3.75;6.5
18033;20019;2.3;3.3;3.1
18034;20020;2.4;3.3;2.9
18035;20021;1.8;3.4;4.8
18036;20022;7.0;4.0;1.5
18037;20023;1.33;4.5;10.0
18038;20024;2.6;3.1;2.4
18039;20025;1.67;3.4;4.33
18040;20026;2.3;3.2;2.62
18041;20027;2.75;3.2;2.25
18042;20028;1.4;4.0;6.5
18043;20029;5.0;3.6;1.53
18044;20030;2.3;3.25;2.8
18045;20031;1.35;4.2;8.0
18046;20032;2.65;3.25;2.4
18047;20033;1.73;3.4;4.33
18048;20034;1.95;3.25;3.6
18049;20035;8.0;4.5;1.4
18050;20036;1.8;3.25;3.8
18051;20037;1.8;3.25;3.75
18052;20038;1.57;3.5;5.0
18053;20039;2.0;3.2;3.2
18054;20040;2.1;3.2;3.0
18055;20041;2.37;3.3;2.9
18056;20042;2.38;3.0;2.7
18057;20043;1.17;5.5;12.0
18058;20044;2.5;3.1;2.5
18059;20045;1.73;3.4;4.0
18060;20046;8.0;4.33;1.3
18061;20047;1.91;3.2;3.5
18062;20048;1.95;3.2;3.4
18063;20049;2.38;3.1;2.62
18064;20050;2.5;3.25;2.4
18065;20051;7.0;4.33;1.33
18066;20052;1.22;4.8;10.0
18067;20053;2.6;3.1;2.4
18068;20054;1.91;3.2;3.5
18069;20055;1.8;3.3;3.75
18070;20056;1.57;3.5;5.0
18071;20057;5.5;3.6;1.5
18072;20058;1.14;6.0;12.0
18073;20059;3.0;3.2;2.1
18074;20060;2.5;3.2;2.88
18075;20061;1.91;3.2;3.5
18076;20062;2.05;3.2;3.1
18077;20063;1.22;6.0;12.0
18078;20064;1.67;3.4;4.33
18079;20065;8.0;4.0;1.33
18080;20066;2.38;3.1;2.62
18081;20067;6.0;3.4;1.5
18082;20068;1.17;5.5;12.0
18083;20069;2.75;3.25;2.2
18084;20070;1.91;3.2;3.5
18085;20071;1.91;3.2;3.5
18086;20072;1.14;6.0;12.0
18087;20073;3.0;3.2;2.4
18088;20074;2.5;3.1;2.5
18089;20075;1.67;3.4;4.33
18090;20076;2.4;3.1;2.6
18091;20077;4.33;3.4;1.67
18092;20078;1.36;4.0;7.0
18093;20079;2.3;3.2;2.62
18094;20080;2.2;3.2;2.8
18095;20081;3.75;3.3;1.8
18096;20082;1.83;3.2;3.75
18097;20083;2.62;3.2;2.3
18098;20084;1.33;4.33;7.0
18099;20085;2.5;3.1;2.5
18100;20086;1.25;4.8;8.5
18101;20087;2.0;3.2;3.2
18102;20088;2.0;3.2;3.2
18103;20089;1.83;3.3;3.6
18104;20090;2.1;3.2;3.0
18105;20091;3.25;3.4;1.91
18106;20092;4.5;3.5;1.62
18107;20093;2.2;3.25;2.75
18108;20094;2.05;3.2;3.1
18109;20095;2.1;3.2;3.0
18110;20096;1.25;4.8;8.5
18111;20097;3.4;3.25;1.91
18112;20098;2.0;3.2;3.2
18113;20099;2.0;3.2;3.2
18114;20100;2.2;3.2;2.8
18115;20101;2.3;3.2;2.62
18116;20102;2.25;3.3;3.2
18117;20103;2.5;3.2;2.88
18118;20104;2.2;3.25;3.3
18119;20105;2.25;3.3;3.2
18120;20106;2.05;3.25;3.75
18121;20107;2.1;3.3;3.5
18122;20108;2.1;3.2;3.0
18123;20109;2.05;3.2;3.1
18124;20110;2.1;3.4;2.8
18125;20111;1.91;3.4;3.25
18126;20112;4.2;3.5;1.67
18127;20113;1.29;4.5;8.0
18128;20114;2.8;3.2;2.2
18129;20115;1.22;4.8;10.0
18130;20116;2.0;3.2;3.2
18131;20117;5.5;3.6;1.5
18132;20118;1.73;3.4;4.0
18133;20119;3.2;3.2;2.0
18134;20120;1.62;3.5;4.5
18135;20121;6.0;3.75;1.44
18136;20122;1.3;4.33;8.0
18137;20123;2.15;3.25;2.88
18138;20124;1.67;3.4;4.33
18139;20125;1.8;3.3;3.75
18140;20126;1.5;3.6;5.5
18141;20127;1.29;4.5;8.0
18142;20128;2.8;3.2;2.2
18143;20129;2.3;3.2;2.62
18144;20130;8.0;4.33;1.3
18145;20131;2.25;3.2;2.75
18146;20132;1.67;3.4;4.33
18147;20133;2.25;3.2;2.75
18148;20134;2.25;3.2;2.75
18149;20135;2.75;3.2;2.25
18150;20136;2.2;3.2;2.8
18151;20137;2.4;3.1;2.6
18152;20138;6.0;3.75;1.44
18153;20139;1.73;3.4;4.0
18154;20140;1.44;3.75;6.0
18155;20141;2.4;3.1;2.6
18156;20142;2.25;3.2;2.75
18157;20143;1.22;4.8;10.0
18158;20144;2.25;3.2;2.75
18159;20145;8.0;4.5;1.29
18160;20146;1.53;3.5;5.5
18161;20147;1.95;3.25;3.3
18162;20148;2.5;3.1;2.5
18163;20149;1.29;4.5;8.0
18164;20150;2.05;3.3;3.6
18165;20151;1.91;3.4;4.0
18166;20152;8.0;4.5;1.4
18167;20153;2.4;3.2;3.0
18168;20154;1.2;6.0;15.0
18169;20155;3.3;3.2;2.25
18170;20156;1.22;5.5;15.0
18171;20157;2.05;3.3;3.6
18172;20158;1.73;3.6;4.75
18173;20159;1.73;3.5;5.0
18174;20160;7.0;4.33;1.44
18175;20161;2.9;3.3;2.38
18176;20162;1.2;6.0;15.0
18177;20163;2.8;3.1;2.6
18178;20164;2.2;3.2;3.3
18179;20165;2.8;3.1;2.6
18180;20166;9.0;4.5;1.36
18181;20167;2.6;3.4;2.62
18182;20168;1.22;5.5;15.0
18183;20169;1.57;4.0;5.5
18184;20170;1.83;3.5;4.33
18185;20171;6.0;3.75;1.57
18186;20172;2.1;3.3;3.5
18187;20173;2.5;3.25;2.8
18188;20174;1.2;6.0;15.0
18189;20175;1.95;3.5;3.75
18190;20176;2.8;3.1;2.6
18191;20177;2.9;3.1;2.5
18192;20178;9.0;5.5;1.3
18193;20179;2.7;3.1;2.7
18194;20180;1.29;5.5;9.5
18195;20181;1.53;4.0;6.0
18196;20182;6.0;4.0;1.55
18197;20183;2.3;3.3;3.1
18198;20184;2.25;3.3;3.2
18199;20185;3.2;3.3;2.25
18200;20186;1.22;6.0;12.0
18201;20187;5.0;3.6;1.7
18202;20188;2.7;3.25;2.6
18203;20189;2.05;3.4;3.6
18204;20190;1.8;3.6;4.4
18205;20191;2.15;3.3;3.4
18206;20192;1.53;4.0;6.0
18207;20193;2.3;3.3;3.1
18208;20194;2.0;3.4;3.75
18209;20195;1.83;3.3;4.5
18210;20196;7.0;4.0;1.5
18211;20197;2.8;3.2;2.5
18212;20198;1.22;6.0;13.0
18213;20199;2.1;3.3;3.5
18214;20200;1.5;4.0;7.0
18215;20201;6.0;4.0;1.53
18216;20202;2.7;3.1;2.7
18217;20203;3.0;3.25;2.38
18218;20204;1.17;5.5;12.0
18219;20205;1.73;3.75;4.5
18220;20206;2.5;3.1;2.9
18221;20207;2.1;3.4;3.4
18222;20208;2.15;3.25;3.5
18223;20209;11.0;5.0;1.3
18224;20210;1.2;6.0;15.0
18225;20211;1.5;4.0;6.5
18226;20212;5.5;4.0;1.57
18227;20213;1.83;3.4;4.5
18228;20214;2.8;3.2;2.5
18229;20215;1.73;3.6;4.8
18230;20216;1.2;6.0;15.0
18231;20217;4.5;3.5;1.8
18232;20218;2.4;3.2;3.0
18233;20219;2.7;3.2;2.62
18234;20220;2.75;3.2;2.6
18235;20221;1.73;3.5;5.0
18236;20222;1.33;4.5;11.0
18237;20223;2.6;3.1;2.8
18238;20224;8.0;4.0;1.44
18239;20225;2.25;3.1;3.4
18240;20226;4.0;3.4;1.91
18241;20227;2.5;3.2;2.88
18242;20228;2.05;3.4;3.5
18243;20229;1.62;3.8;5.5
18244;20230;2.5;3.2;2.88
18245;20231;2.88;3.2;2.5
18246;20232;3.2;3.2;2.3
18247;20233;3.0;3.25;2.38
18248;20234;1.17;6.5;17.0
18249;20235;2.62;3.1;2.8
18250;20236;2.05;3.4;3.5
18251;20237;7.0;4.4;1.44
18252;20238;1.91;3.5;4.0
18253;20239;1.91;3.5;4.0
18254;20240;1.29;5.5;10.0
18255;20241;2.05;3.2;3.75
18256;20242;3.75;3.3;2.0
18257;20243;1.83;3.5;4.2
18258;20244;2.4;3.2;3.0
18259;20245;2.0;3.2;4.0
18260;20246;1.5;4.0;7.0
18261;20247;7.0;4.0;1.5
18262;20248;2.5;3.2;2.8
18263;20249;2.3;3.4;3.0
18264;20250;3.1;3.25;2.3
18265;20251;2.8;3.2;2.5
18266;20252;1.2;6.0;15.0
18267;20253;1.75;3.5;5.0
18268;20254;1.73;3.5;5.0
18269;20255;1.62;3.6;6.0
18270;20256;7.5;4.2;1.44
18271;20257;1.73;3.5;5.0
18272;20258;1.2;5.0;11.0
18273;20259;2.5;3.1;2.5
18274;20260;2.5;3.1;2.9
18275;20261;2.5;3.1;2.5
18276;20262;4.0;3.4;1.73
18277;20263;5.0;3.5;1.57
18278;20264;2.15;3.1;3.6
18279;20265;1.83;3.25;4.8
18280;20266;1.83;3.25;4.8
18281;20267;2.7;3.1;2.7
18282;20268;2.5;3.2;2.8
18283;20269;2.7;3.1;2.7
18284;20270;1.25;5.0;15.0
18285;20271;7.5;3.8;1.5
18286;20272;2.25;3.2;3.2
18287;20273;1.75;3.4;5.0
18288;20274;3.2;3.2;2.25
18289;20275;3.6;3.2;2.1
18290;20276;1.14;7.5;17.0
18291;20277;2.1;3.2;3.75
18292;20278;1.8;3.4;4.75
18293;20279;2.5;3.1;2.9
18294;20280;2.62;3.1;2.75
18295;20281;8.0;4.5;1.4
18296;20282;1.2;6.0;15.0
18297;20283;6.0;3.8;1.57
18298;20284;1.91;3.4;4.0
18299;20285;1.91;3.4;4.0
18300;20286;3.0;3.25;2.38
18301;20287;2.2;3.3;3.3
18302;20288;1.29;5.5;9.5
18303;20289;1.8;3.4;4.75
18304;20290;1.55;3.8;6.5
18305;20291;2.25;3.2;3.3
18306;20292;5.5;3.75;1.5
18307;20293;2.75;3.0;2.75
18308;20294;1.36;4.5;9.0
18309;20295;2.38;3.2;3.0
18310;20296;2.8;3.1;2.6
18311;20297;2.7;3.1;2.7
18312;20298;10.0;5.0;1.3
18313;20299;2.3;3.1;3.3
18314;20300;1.18;6.0;19.0
18315;20301;1.73;3.3;5.5
18316;20302;1.83;3.25;4.8
18317;20303;2.1;3.2;3.6
18318;20304;2.5;3.1;2.9
18319;20305;10.0;5.0;1.25
18320;20306;1.33;4.5;11.0
18321;20307;2.62;3.1;2.8
18322;20308;1.57;3.5;5.0
18323;20309;9.0;4.5;1.36
18324;20310;2.8;3.2;2.2
18325;20311;2.62;3.1;2.75
18326;20312;2.6;3.2;2.75
18327;20313;2.05;3.2;3.75
18328;20314;1.83;3.25;4.8
18329;20315;1.83;3.25;4.8
18330;20316;2.6;3.25;2.7
18331;20317;2.8;3.1;2.62
18332;20318;2.8;3.2;2.5
18333;20319;6.0;4.33;1.5
18334;20320;1.3;5.5;9.5
18335;20321;2.3;3.2;3.2
18336;20322;2.05;3.25;3.8
18337;20323;2.1;3.25;3.6
18338;20324;1.95;3.3;4.0
18339;20325;1.33;4.8;10.0
18340;20326;2.3;3.1;3.3
18341;20327;2.7;3.1;2.7
18342;20328;2.2;3.2;3.4
18343;20329;9.0;4.5;1.36
18344;20330;1.22;6.0;12.0
18345;20331;2.2;3.25;3.25
18346;20332;2.2;3.2;3.4
18347;20333;7.0;4.5;1.44
18348;20334;2.15;3.1;3.0
18349;20335;2.1;3.4;3.4
18350;20336;2.6;3.2;2.75
18351;20337;2.3;3.2;3.2
18352;20338;2.5;3.1;3.0
18353;20339;1.2;6.0;15.0
18354;20340;2.38;3.2;3.0
18355;20341;9.0;5.5;1.3
18356;20342;1.33;4.8;9.0
18357;20343;2.1;3.25;3.6
18358;20344;1.83;3.4;4.5
18359;20345;2.4;3.3;2.9
18360;20346;2.15;3.2;3.5
18361;20347;8.0;4.5;1.4
18362;20348;1.36;4.8;8.0
18363;20349;2.15;3.3;3.4
18364;20350;1.91;3.4;4.0
18365;20351;2.1;3.2;3.6
18366;20352;8.0;4.5;1.4
18367;20353;2.6;3.2;2.7
18368;20354;1.3;5.0;11.0
18369;20355;2.0;3.2;4.0
18370;20356;2.2;3.2;3.4
18371;20357;5.5;3.75;1.62
18372;20358;2.5;3.1;2.9
18373;20359;2.4;3.2;3.0
18374;20360;1.17;6.5;17.0
18375;20361;1.67;3.5;5.5
18376;20362;5.5;3.75;1.62
18377;20363;2.38;3.3;2.9
18378;20364;2.9;3.3;2.38
18379;20365;2.38;3.3;2.9
18380;20366;1.36;4.5;9.0
18381;20367;4.5;3.75;1.73
18382;20368;2.05;3.2;3.75
18383;20369;2.5;3.1;2.9
18384;20370;2.3;3.2;3.1
18385;20371;2.5;3.1;2.9
18386;20372;2.38;3.1;3.5
18387;20373;2.5;3.0;3.0
18388;20374;1.67;3.5;5.5
18389;20375;2.4;3.2;3.0
18390;20376;2.5;3.0;3.0
18391;20377;2.6;3.0;2.9
18392;20378;2.0;3.0;3.5
18393;20379;2.1;3.0;3.25
18394;20380;6.5;4.0;1.4
18395;20381;2.1;3.1;3.1
18396;20382;1.33;4.2;7.5
18397;20383;1.91;3.2;3.5
18398;20384;1.85;3.4;4.4
18399;20385;2.15;3.4;3.3
18400;20386;4.8;3.75;1.7
18401;20387;2.45;3.1;3.0
18402;20388;2.25;3.2;3.3
18403;20389;1.22;6.0;13.0
18404;20390;2.4;3.1;2.6
18405;20391;3.2;3.2;2.0
18406;20392;2.5;3.1;2.5
18407;20393;7.0;4.0;1.36
18408;20394;1.17;5.5;12.0
18409;20395;1.83;3.2;3.75
18410;20396;1.29;4.5;8.0
18411;20397;2.1;3.1;3.1
18412;20398;4.2;3.5;1.67
18413;20399;1.91;3.3;3.3
18414;20400;1.73;3.4;4.0
18415;20401;2.2;3.1;2.88
18416;20402;6.0;3.8;1.57
18417;20403;1.25;5.5;12.0
18418;20404;3.2;3.2;2.3
18419;20405;1.8;3.25;5.0
18420;20406;2.8;3.1;2.6
18421;20407;2.4;3.1;3.1
18422;20408;1.83;3.4;4.5
18423;20409;2.15;3.3;3.4
18424;20410;6.0;3.6;1.62
18425;20411;1.3;5.0;10.0
18426;20412;2.25;3.1;3.4
18427;20413;2.8;3.1;2.62
18428;20414;2.5;3.2;2.88
18429;20415;2.5;3.2;2.88
18430;20416;2.45;3.4;2.8
18431;20417;6.0;4.4;1.5
18432;20418;1.3;5.0;10.0
18433;20419;1.8;3.6;4.4
18434;20420;1.2;5.0;11.0
18435;20421;2.8;3.1;2.25
18436;20422;1.73;3.4;4.0
18437;20423;7.0;4.0;1.36
18438;20424;2.0;3.2;3.2
18439;20425;2.0;3.2;3.2
18440;20426;5.5;3.8;1.62
18441;20427;1.95;3.3;4.0
18442;20428;2.25;3.2;3.2
18443;20429;1.73;3.5;5.0
18444;20430;1.17;7.0;15.0
18445;20431;2.05;3.4;3.6
18446;20432;2.15;3.2;3.2
18447;20433;1.25;5.0;11.0
18448;20434;3.3;3.4;2.15
18449;20435;6.0;3.8;1.5
18450;20436;2.62;3.2;2.5
18451;20437;2.4;3.1;2.8
18452;20438;2.15;3.1;3.0
18453;20439;1.53;3.75;4.8
18454;20440;2.2;3.1;2.88
18455;20441;1.73;3.25;4.2
18456;20442;1.17;5.5;12.0
18457;20443;7.0;3.75;1.4
18458;20444;1.17;7.0;15.0
18459;20445;2.38;3.1;3.1
18460;20446;2.5;3.1;2.9
18461;20447;6.0;3.75;1.57
18462;20448;2.7;3.1;2.7
18463;20449;2.05;3.1;4.0
18464;20450;1.22;5.5;15.0
18465;20451;1.83;3.5;4.33
18466;20452;3.4;3.2;2.2
18467;20453;2.2;3.2;3.3
18468;20454;2.5;3.1;2.9
18469;20455;7.0;4.33;1.44
18470;20456;2.75;3.2;2.6
18471;20457;1.95;3.3;4.0
18472;20458;2.38;3.3;2.9
18473;20459;1.67;3.4;6.0
18474;20460;2.38;3.2;3.0
18475;20461;2.88;3.3;2.4
18476;20462;2.05;3.4;3.6
18477;20463;11.0;6.0;1.25
18478;20464;3.3;3.2;2.25
18479;20465;2.6;3.1;2.8
18480;20466;2.2;3.3;3.3
18481;20467;1.33;4.75;10.0
18482;20468;2.2;3.2;3.4
18483;20469;1.25;5.5;12.0
18484;20470;3.0;3.2;2.4
18485;20471;1.75;3.4;5.0
18486;20472;2.0;3.3;3.75
18487;20473;6.0;3.75;1.57
18488;20474;2.2;3.2;3.3
18489;20475;2.75;3.1;2.62
18490;20476;2.9;3.1;2.5
18491;20477;1.62;3.75;5.5
18492;20478;1.36;4.8;8.0
18493;20479;8.0;4.5;1.4
18494;20480;1.62;3.5;4.5
18495;20481;1.83;3.4;4.5
18496;20482;5.0;3.5;1.73
18497;20483;2.1;3.1;3.1
18498;20484;2.1;3.1;3.1
18499;20485;1.2;5.0;11.0
18500;20486;1.25;5.5;13.0
18501;20487;9.0;4.5;1.36
18502;20488;2.5;3.2;2.88
18503;20489;2.88;3.2;2.5
18504;20490;2.62;3.25;2.7
18505;20491;2.5;3.2;2.88
18506;20492;2.38;3.2;3.0
18507;20493;1.83;3.5;4.33
18508;20494;3.6;3.3;2.05
18509;20495;9.0;4.2;1.4
18510;20496;2.62;3.3;2.62
18511;20497;1.4;4.5;8.0
18512;20498;1.3;4.4;8.0
18513;20499;2.25;3.2;2.75
18514;20500;5.0;3.5;1.57
18515;20501;1.8;3.3;3.75
18516;20502;1.67;3.3;4.5
18517;20503;2.3;3.0;2.88
18518;20504;6.0;3.8;1.57
18519;20505;1.65;3.5;4.4
18520;20506;4.5;3.4;1.83
18521;20507;2.25;3.1;3.3
18522;20508;2.9;3.1;2.5
18523;20509;1.75;3.4;5.0
18524;20510;9.0;4.5;1.36
18525;20511;1.8;3.5;4.5
18526;20512;2.62;3.1;2.75
18527;20513;2.4;3.2;3.0
18528;20514;1.22;6.0;13.0
18529;20515;2.62;3.3;2.62
18530;20516;1.12;8.0;21.0
18531;20517;2.5;3.5;2.62
18532;20518;1.91;3.2;4.5
18533;20519;2.1;3.2;3.6
18534;20520;2.2;3.2;3.3
18535;20521;2.62;3.1;2.8
18536;20522;2.2;3.25;3.3
18537;20523;3.4;3.2;2.2
18538;20524;3.6;3.2;2.1
18539;20525;3.2;3.2;2.3
18540;20526;3.8;3.3;2.0
18541;20527;2.5;3.2;2.8
18542;20528;1.4;4.4;8.5
18543;20529;1.4;4.5;8.0
18544;20530;2.15;3.2;3.6
18545;20531;2.15;3.3;3.4
18546;20532;2.9;3.4;2.3
18547;20533;2.45;3.0;3.1
18548;20534;3.2;3.1;2.3
18549;20535;4.5;3.4;1.83
18550;20536;3.0;3.25;2.38
18551;20537;6.0;3.75;1.57
18552;20538;1.4;4.33;8.0
18553;20539;2.0;3.4;3.75
18554;20540;3.3;3.2;2.25
18555;20541;3.0;3.25;2.38
18556;20542;5.5;3.75;1.62
18557;20543;2.45;3.25;2.9
18558;20544;1.73;3.6;4.8
18559;20545;2.25;3.3;3.2
18560;20546;2.0;3.3;3.75
18561;20547;2.1;3.25;3.5
18562;20548;3.4;3.25;2.15
18563;20549;2.3;3.25;3.1
18564;20550;1.8;3.5;4.5
18565;20551;2.3;3.25;3.1
18566;20552;2.25;3.25;3.2
18567;20553;1.67;3.6;5.5
18568;20554;2.25;3.3;3.1
18569;20555;1.85;3.5;4.0
18570;20556;2.25;3.3;3.2
18571;20557;1.36;4.5;9.0
18572;20558;1.62;3.75;5.5
18573;20559;2.5;3.1;2.9
18574;20560;2.4;3.1;3.1
18575;20561;4.33;3.2;1.91
18576;20562;2.1;3.1;3.75
18577;20563;1.91;3.2;4.33
18578;20564;2.2;3.2;3.4
18579;20565;2.62;3.2;2.3
18580;20566;2.15;3.2;3.5
18581;20567;1.36;4.5;9.0
18582;20568;2.5;3.25;2.8
18583;20569;4.2;3.2;1.95
18584;20570;1.3;4.8;12.0
18585;20571;1.8;3.5;4.5
18586;20572;8.0;4.0;1.44
18587;20573;2.4;3.2;3.0
18588;20574;2.0;3.2;4.0
18589;20575;2.7;3.1;2.7
18590;20576;2.2;3.1;2.88
18591;20577;1.73;3.25;4.2
18592;20578;2.0;3.1;3.3
18593;20579;2.4;3.1;2.6
18594;20580;5.0;3.6;1.53
18595;20581;1.17;5.5;12.0
18596;20582;2.7;3.2;2.62
18597;20583;1.85;3.1;5.0
18598;20584;2.4;3.2;3.0
18599;20585;1.29;5.0;12.0
18600;20586;2.7;3.1;2.7
18601;20587;8.0;4.0;1.44
18602;20588;1.25;4.8;9.0
18603;20589;6.5;3.8;1.53
18604;20590;2.8;2.9;2.38
18605;20591;1.8;3.2;4.0
18606;20592;2.38;2.9;2.8
18607;20593;2.25;2.9;3.0
18608;20594;2.5;3.2;2.8
18609;20595;1.83;3.3;4.5
18610;20596;2.6;3.1;2.8
18611;20597;1.83;3.3;4.5
18612;20598;2.0;3.2;4.0
18613;20599;2.5;3.0;3.0
18614;20600;1.22;6.0;13.0
18615;20601;9.0;4.5;1.36
18616;20602;2.8;3.2;2.5
18617;20603;2.2;3.2;3.3
18618;20604;3.2;3.2;2.3
18619;20605;2.5;3.2;2.8
18620;20606;1.3;5.0;11.0
18621;20607;2.1;3.25;3.6
18622;20608;1.83;3.2;3.75
18623;20609;2.75;3.3;2.5
18624;20610;2.3;3.3;3.1
18625;20611;1.67;3.8;5.0
18626;20612;3.3;3.3;2.2
18627;20613;2.25;3.2;3.3
18628;20614;2.3;3.2;3.2
18629;20615;2.6;3.2;2.75
18630;20616;2.1;3.3;3.6
18631;20617;7.0;4.0;1.5
18632;20618;1.4;3.75;7.5
18633;20619;1.17;5.5;12.0
18634;20620;1.73;3.5;3.8
18635;20621;2.2;3.1;2.88
18636;20622;1.91;3.2;3.5
18637;20623;2.6;3.1;2.4
18638;20624;4.8;3.4;1.8
18639;20625;5.5;3.75;1.62
18640;20626;2.2;3.3;3.3
18641;20627;2.62;3.1;2.75
18642;20628;3.1;3.1;2.4
18643;20629;2.62;3.1;2.75
18644;20630;1.25;6.0;10.0
18645;20631;2.75;3.0;2.75
18646;20632;2.62;3.1;2.75
18647;20633;2.5;3.1;2.9
18648;20634;1.53;3.75;7.0
18649;20635;3.1;3.1;2.4
18650;20636;6.0;3.8;1.57
18651;20637;3.8;3.5;1.95
18652;20638;1.91;3.4;4.2
18653;20639;1.95;3.4;4.0
18654;20640;2.4;3.4;2.8
18655;20641;2.05;3.3;3.75
18656;20642;1.25;5.5;12.0
18657;20643;2.7;3.1;2.7
18658;20644;2.6;3.2;2.7
18659;20645;2.7;3.1;2.7
18660;20646;3.3;3.2;2.25
18661;20647;1.91;3.3;4.2
18662;20648;2.0;3.25;4.0
18663;20649;3.1;3.1;2.4
18664;20650;2.25;3.2;3.2
18665;20651;5.5;3.5;1.67
18666;20652;2.5;3.1;2.9
18667;20653;2.25;3.2;3.3
18668;20654;4.5;3.5;1.75
18669;20655;2.5;3.2;2.8
18670;20656;2.3;3.3;3.1
18671;20657;6.5;4.5;1.44
18672;20658;2.1;3.2;3.6
18673;20659;2.75;3.1;2.62
18674;20660;1.91;3.4;3.75
18675;20661;1.2;6.0;12.0
18676;20662;2.1;3.3;3.3
18677;20663;2.7;3.1;2.7
18678;20664;1.83;3.4;4.0
18679;20665;2.62;3.2;2.75
18680;20666;2.3;3.1;3.3
18681;20667;1.2;5.5;21.0
18682;20668;2.3;3.1;3.3
18683;20669;1.57;3.8;6.0
18684;20670;2.3;3.1;3.3
18685;20671;3.3;3.3;2.2
18686;20672;2.0;3.1;4.2
18687;20673;1.3;5.0;10.0
18688;20674;2.62;3.1;2.8
18689;20675;3.3;3.1;2.3
18690;20676;2.38;3.2;3.0
18691;20677;2.25;3.2;3.3
18692;20678;15.0;5.5;1.22
18693;20679;2.2;3.2;3.4
18694;20680;1.95;3.1;4.33
18695;20681;1.91;3.1;4.5
18696;20682;2.7;3.1;2.7
18697;20683;2.4;3.1;3.1
18698;20684;4.2;3.3;1.91
18699;20685;2.0;3.3;3.8
18700;20686;8.5;4.33;1.4
18701;20687;2.0;3.2;4.0
18702;20688;2.88;3.0;2.3
18703;20689;2.62;3.1;2.8
18704;20690;2.5;3.2;2.88
18705;20691;1.4;4.5;8.0
18706;20692;2.15;3.25;3.4
18707;20693;2.8;3.1;2.62
18708;20694;1.62;4.0;5.0
18709;20695;2.62;3.25;2.62
18710;20696;1.33;4.5;11.0
18711;20697;1.73;3.5;5.0
18712;20698;2.62;3.1;2.8
18713;20699;3.0;3.2;2.4
18714;20700;2.15;3.2;3.5
18715;20701;2.25;3.2;3.3
18716;20702;2.15;3.2;3.5
18717;20703;3.5;3.1;2.2
18718;20704;1.91;3.3;4.2
18719;20705;2.62;3.1;2.8
18720;20706;1.85;3.6;4.0
18721;20707;7.5;4.2;1.44
18722;20708;1.22;5.5;15.0
18723;20709;1.67;3.4;6.0
18724;20710;2.1;3.4;3.4
18725;20711;2.5;3.2;2.8
18726;20712;2.5;3.2;2.88
18727;20713;3.0;3.2;2.4
18728;20714;2.1;3.3;3.5
18729;20715;2.88;3.2;2.38
18730;20716;2.6;3.2;2.75
18731;20717;2.62;3.1;2.75
18732;20718;5.0;4.2;1.53
18733;20719;3.1;3.1;2.38
18734;20720;1.5;3.75;6.5
18735;20721;1.36;4.5;9.0
18736;20722;1.91;3.4;4.0
18737;20723;2.3;3.2;3.2
18738;20724;2.88;3.1;2.5
18739;20725;2.3;3.2;3.2
18740;20726;1.14;7.0;21.0
18741;20727;2.0;3.3;3.8
18742;20728;2.3;3.2;3.1
18743;20729;2.9;3.1;2.5
18744;20730;3.1;3.1;2.4
18745;20731;2.3;3.1;3.2
18746;20732;2.2;3.2;3.4
18747;20733;4.0;3.4;1.91
18748;20734;2.3;3.2;3.2
18749;20735;2.4;3.3;2.9
18750;20736;6.0;3.8;1.57
18751;20737;2.8;3.1;2.62
18752;20738;1.5;4.0;7.0
18753;20739;1.91;3.4;4.0
18754;20740;2.62;3.25;2.7
18755;20741;8.0;4.2;1.44
18756;20742;2.2;3.1;3.5
18757;20743;2.3;3.2;3.2
18758;20744;2.62;3.1;2.8
18759;20745;4.0;3.1;2.05
18760;20746;2.7;3.1;2.7
18761;20747;8.0;4.0;1.44
18762;20748;2.05;3.1;4.0
18763;20749;2.7;3.1;2.7
18764;20750;1.33;4.5;11.0
18765;20751;1.67;3.2;6.5
18766;20752;2.5;3.2;2.88
18767;20753;2.4;3.1;3.1
18768;20754;2.45;3.4;2.8
18769;20755;1.8;3.3;3.75
18770;20756;2.6;3.1;2.8
18771;20757;3.75;3.6;1.91
18772;20758;2.6;3.1;2.8
18773;20759;2.25;3.1;3.4
18774;20760;2.6;3.1;2.8
18775;20761;7.5;3.75;1.5
18776;20762;1.3;5.0;11.0
18777;20763;2.4;3.4;2.88
18778;20764;2.38;3.1;3.1
18779;20765;2.2;3.1;2.88
18780;20766;1.73;3.5;5.0
18781;20767;2.0;3.2;4.0
18782;20768;2.6;3.4;2.5
18783;20769;3.0;3.1;2.5
18784;20770;1.75;3.4;5.0
18785;20771;1.4;4.5;8.0
18786;20772;2.3;3.2;3.2
18787;20773;2.8;3.1;2.62
18788;20774;2.38;3.1;2.62
18789;20775;1.95;3.3;4.0
18790;20776;3.75;3.1;2.1
18791;20777;2.4;3.1;3.1
18792;20778;2.4;3.1;3.1
18793;20779;4.2;3.6;1.83
18794;20780;2.7;3.0;2.8
18795;20781;2.2;3.1;3.5
18796;20782;2.9;3.4;2.38
18797;20783;3.5;3.2;2.15
18798;20784;2.62;3.1;2.8
18799;20785;4.8;3.3;1.8
18800;20786;1.53;4.0;6.0
18801;20787;2.7;3.1;2.7
18802;20788;2.05;3.3;3.75
18803;20789;2.7;3.1;2.7
18804;20790;2.2;3.1;3.5
18805;20791;2.05;3.3;3.6
18806;20792;2.2;3.2;3.4
18807;20793;1.83;3.5;4.33
18808;20794;2.5;3.2;2.8
18809;20795;5.0;3.5;1.73
18810;20796;2.75;3.1;2.62
18811;20797;2.4;3.1;3.1
18812;20798;2.6;3.1;2.4
18813;20799;2.4;3.1;2.6
18814;20800;5.5;3.6;1.5
18815;20801;3.3;3.1;2.0
18816;20802;1.83;3.2;3.75
18817;20803;2.4;2.9;2.8
18818;20804;2.15;3.2;3.6
18819;20805;1.22;6.0;13.0
18820;20806;2.25;3.3;3.2
18821;20807;2.1;3.25;3.6
18822;20808;3.6;3.4;2.05
18823;20809;1.5;4.0;7.0
18824;20810;3.4;3.25;2.1
18825;20811;1.6;3.75;6.0
18826;20812;2.2;3.1;3.3
18827;20813;2.5;3.25;2.62
18828;20814;7.5;4.0;1.44
18829;20815;2.75;3.1;2.5
18830;20816;2.5;3.0;3.0
18831;20817;1.2;5.5;19.0
18832;20818;2.1;3.1;3.75
18833;20819;2.3;3.1;3.3
18834;20820;2.5;3.0;3.0
18835;20821;2.5;3.0;3.0
18836;20822;2.15;3.2;3.5
18837;20823;3.2;3.2;2.3
18838;20824;2.05;3.2;3.75
18839;20825;3.1;3.1;2.4
18840;20826;5.5;3.5;1.67
18841;20827;2.38;3.1;3.2
18842;20828;1.33;4.5;11.0
18843;20829;1.8;3.2;5.0
18844;20830;2.3;3.3;3.1
18845;20831;2.7;3.1;2.7
18846;20832;2.45;3.3;2.7
18847;20833;2.6;3.1;3.0
18848;20834;1.95;3.2;3.4
18849;20835;1.25;4.8;9.0
18850;20836;1.91;3.4;3.3
18851;20837;2.7;3.2;2.3
18852;20838;2.0;3.1;3.4
18853;20839;2.7;3.2;2.3
18854;20840;2.3;3.1;3.2
18855;20841;8.0;4.5;1.4
18856;20842;1.95;3.3;4.0
18857;20843;2.6;3.1;2.8
18858;20844;1.75;3.6;4.8
18859;20845;3.6;3.1;2.15
18860;20846;1.75;3.4;5.0
18861;20847;3.1;3.1;2.4
18862;20848;2.3;3.2;3.2
18863;20849;8.0;4.0;1.44
18864;20850;3.3;3.3;2.2
18865;20851;2.62;3.1;2.8
18866;20852;1.91;3.3;4.2
18867;20853;1.4;4.5;8.0
18868;20854;3.3;3.2;2.25
18869;20855;1.83;3.1;5.0
18870;20856;1.91;3.3;4.2
18871;20857;2.4;3.2;3.0
18872;20858;1.5;3.75;6.5
18873;20859;3.0;3.2;2.25
18874;20860;2.25;3.2;3.0
18875;20861;1.95;3.25;3.75
18876;20862;7.5;4.5;1.36
18877;20863;1.75;3.5;4.33
18878;20864;1.44;4.0;8.0
18879;20865;1.75;3.4;5.0
18880;20866;2.25;3.2;3.3
18881;20867;2.3;3.2;3.2
18882;20868;3.1;3.1;2.4
18883;20869;2.7;3.1;2.7
18884;20870;1.44;4.0;8.0
18885;20871;2.2;3.3;3.3
18886;20872;6.0;4.33;1.5
18887;20873;2.7;3.1;2.7
18888;20874;2.7;3.1;2.7
18889;20875;3.3;3.3;2.2
18890;20876;1.73;3.5;5.0
18891;20877;1.25;5.0;15.0
18892;20878;4.5;3.3;1.85
18893;20879;4.5;3.1;1.91
18894;20880;2.8;3.2;2.5
18895;20881;2.9;3.1;2.5
18896;20882;1.14;7.0;21.0
18897;20883;1.4;4.8;7.0
18898;20884;2.9;3.1;2.5
18899;20885;2.6;3.1;2.8
18900;20886;2.62;3.1;2.75
18901;20887;1.95;3.3;4.0
18902;20888;1.83;3.5;4.2
18903;20889;3.0;3.2;2.37
18904;20890;3.1;3.1;2.4
18905;20891;2.7;3.1;2.7
18906;20892;8.0;4.0;1.44
18907;20893;4.2;3.6;1.83
18908;20894;1.44;4.0;8.0
18909;20895;2.25;3.2;3.3
18910;20896;7.0;4.0;1.5
18911;20897;3.1;3.25;2.3
18912;20898;3.1;3.3;2.3
18913;20899;1.7;3.6;5.0
18914;20900;1.17;6.5;17.0
18915;20901;2.4;3.1;3.1
18916;20902;2.3;3.1;3.0
18917;20903;2.8;3.2;2.38
18918;20904;2.15;3.1;3.6
18919;20905;2.38;3.1;2.88
18920;20906;1.14;7.5;17.0
18921;20907;2.3;3.2;3.2
18922;20908;1.75;3.4;5.0
18923;20909;1.57;3.75;6.0
18924;20910;2.25;3.4;3.1
18925;20911;2.3;3.4;3.0
18926;20912;1.91;3.4;4.0
18927;20913;3.2;3.2;2.3
18928;20914;4.0;3.2;2.0
18929;20915;2.05;3.25;3.75
18930;20916;2.9;3.4;2.38
18931;20917;9.5;4.8;1.33
18932;20918;1.8;3.5;4.5
18933;20919;1.2;6.0;15.0
18934;20920;7.0;4.0;1.5
18935;20921;2.62;3.1;2.8
18936;20922;2.05;3.3;3.6
18937;20923;1.85;3.3;4.5
18938;20924;1.91;3.4;4.0
18939;20925;1.33;5.0;9.0
18940;20926;1.85;3.3;4.5
18941;20927;2.3;3.2;3.2
18942;20928;3.5;3.3;2.1
18943;20929;1.36;4.5;9.0
18944;20930;1.91;3.25;4.33
18945;20931;8.0;4.5;1.4
18946;20932;3.1;3.1;2.4
18947;20933;2.8;3.1;2.62
18948;20934;1.62;3.75;5.5
18949;20935;2.5;3.2;2.8
18950;20936;6.0;3.8;1.57
18951;20937;3.2;3.2;2.3
18952;20938;2.1;3.3;3.5
18953;20939;2.4;3.1;3.1
18954;20940;3.3;3.3;2.2
18955;20941;2.3;3.3;3.1
18956;20942;1.3;5.5;9.5
18957;20943;1.73;3.5;5.0
18958;20944;2.0;3.25;4.0
18959;20945;1.44;4.2;7.5
18960;20946;1.91;3.3;4.33
18961;20947;5.0;3.5;1.75
18962;20948;1.83;3.75;4.0
18963;20949;15.0;5.5;1.22
18964;20950;2.8;3.2;2.5
18965;20951;4.0;3.4;1.95
18966;20952;2.25;3.1;3.4
18967;20953;2.5;3.2;2.8
18968;20954;1.75;3.4;5.0
18969;20955;1.33;5.0;9.0
18970;20956;2.8;3.3;2.5
18971;20957;1.53;3.8;6.5
18972;20958;2.5;3.2;2.8
18973;20959;2.6;3.0;2.9
18974;20960;1.62;3.6;6.0
18975;20961;6.5;4.0;1.53
18976;20962;2.5;3.3;2.8
18977;20963;9.0;5.5;1.3
18978;20964;2.62;3.1;2.8
18979;20965;1.75;3.4;5.0
18980;20966;3.6;3.4;1.91
18981;20967;2.7;3.1;2.5
18982;20968;2.5;3.2;2.6
18983;20969;2.25;3.1;3.4
18984;20970;1.85;3.2;4.2
18985;20971;2.3;3.2;2.88
18986;20972;1.53;3.75;7.0
18987;20973;1.17;7.0;15.0
18988;20974;5.0;3.75;1.62
18989;20975;2.3;3.2;3.2
18990;20976;1.85;3.6;4.0
18991;20977;2.25;3.1;3.3
18992;20978;1.83;3.4;4.5
18993;20979;2.75;3.0;2.75
18994;20980;1.83;3.5;4.2
18995;20981;10.0;5.0;1.3
18996;20982;4.33;3.5;1.83
18997;20983;2.9;3.2;2.5
18998;20984;2.2;3.1;3.5
18999;20985;1.17;7.0;15.0
19000;20986;3.5;3.1;2.2
19001;20987;1.8;3.5;4.5
19002;20988;1.8;3.5;4.5
19003;20989;2.1;3.1;3.75
19004;20990;5.0;3.8;1.67
19005;20991;3.8;3.25;2.05
19006;20992;2.7;3.1;2.7
19007;20993;1.7;3.6;5.0
19008;20994;2.5;3.1;3.0
19009;20995;3.2;3.2;2.3
19010;20996;3.1;3.3;2.3
19011;20997;5.0;4.2;1.62
19012;20998;2.8;3.3;2.5
19013;20999;2.6;3.4;2.62
19014;21000;2.6;3.4;2.62
19015;21001;2.45;3.25;2.9
19016;21002;2.1;3.4;3.4
19017;21003;1.85;3.25;4.8
19018;21004;1.91;3.3;4.2
19019;21005;2.3;3.2;3.2
19020;21006;1.95;3.2;4.2
19021;21007;1.3;5.0;11.0
19022;21008;1.44;4.0;8.0
19023;21009;2.62;3.1;2.8
19024;21010;3.2;3.2;2.3
19025;21011;2.4;3.1;3.1
19026;21012;2.1;3.1;3.1
19027;21013;2.62;3.1;2.8
19028;21014;2.4;3.4;2.8
19029;21015;2.7;3.25;2.6
19030;21016;2.7;3.3;2.6
19031;21017;2.5;3.4;2.7
19032;21018;2.1;3.4;3.5
19033;21019;7.0;4.5;1.44
19034;21020;2.25;3.1;3.3
19035;21021;2.15;3.4;3.3
19036;21022;2.25;3.5;3.0
19037;21023;2.05;3.25;3.75
19038;21024;1.33;4.8;10.0
19039;21025;2.5;3.1;2.9
19040;21026;1.44;4.33;7.0
19041;21027;2.3;3.1;2.75
19042;21028;3.0;3.1;2.15
19043;21029;2.3;3.1;2.75
19044;21030;1.8;3.25;3.75
19045;21031;2.3;3.1;2.75
19046;21032;2.05;3.25;3.4
19047;21033;5.5;3.8;1.55
19048;21034;2.38;3.2;2.8
19049;21035;1.75;3.5;4.33
19050;21036;1.91;3.3;3.8
19051;21037;2.45;3.1;2.8
19052;21038;8.0;4.5;1.44
19053;21039;3.75;3.1;2.1
19054;21040;2.75;3.0;2.75
19055;21041;2.38;3.25;3.0
19056;21042;1.91;3.1;4.5
19057;21043;3.4;3.1;2.25
19058;21044;2.62;3.1;2.8
19059;21045;1.44;4.0;8.0
19060;21046;2.7;3.1;2.7
19061;21047;2.25;3.2;3.3
19062;21048;2.2;3.2;3.4
19063;21049;2.2;3.2;3.4
19064;21050;3.2;3.2;2.3
19065;21051;1.85;3.5;4.2
19066;21052;9.0;4.8;1.4
19067;21053;1.85;3.5;4.2
19068;21054;2.05;3.3;3.6
19069;21055;3.8;3.3;2.0
19070;21056;1.44;4.0;8.0
19071;21057;1.8;3.6;4.33
19072;21058;2.3;3.2;3.2
19073;21059;2.5;3.25;3.1
19074;21060;3.3;3.3;2.2
19075;21061;2.7;3.1;2.7
19076;21062;2.2;3.3;3.3
19077;21063;1.2;6.0;15.0
19078;21064;2.4;3.1;3.1
19079;21065;3.1;3.1;2.4
19080;21066;1.83;3.5;4.2
19081;21067;3.1;3.1;2.4
19082;21068;1.75;3.4;5.0
19083;21069;2.8;3.3;2.5
19084;21070;2.7;3.1;2.7
19085;21071;9.0;4.8;1.33
19086;21072;2.25;3.2;3.3
19087;21073;3.3;3.1;2.25
19088;21074;1.4;4.75;7.5
19089;21075;1.22;6.0;13.0
19090;21076;2.75;3.2;2.4
19091;21077;2.4;3.2;2.75
19092;21078;2.6;3.2;2.75
19093;21079;1.83;3.5;3.75
19094;21080;1.33;5.0;9.0
19095;21081;1.83;3.4;4.5
19096;21082;1.85;3.5;4.2
19097;21083;2.4;3.1;3.1
19098;21084;5.5;3.5;1.67
19099;21085;1.91;3.4;4.0
19100;21086;4.33;3.5;1.83
19101;21087;2.62;3.1;2.8
19102;21088;2.1;3.2;3.6
19103;21089;1.83;3.5;4.33
19104;21090;3.6;3.75;1.95
19105;21091;2.5;3.2;2.8
19106;21092;1.25;5.5;12.0
19107;21093;1.8;3.6;4.33
19108;21094;1.95;3.3;4.0
19109;21095;1.65;4.0;5.0
19110;21096;3.75;3.1;2.1
19111;21097;1.91;3.2;4.33
19112;21098;1.83;3.4;4.5
19113;21099;3.1;3.1;2.4
19114;21100;9.0;5.0;1.33
19115;21101;2.3;3.2;3.2
19116;21102;4.2;3.75;1.8
19117;21103;3.1;3.1;2.4
19118;21104;1.14;7.0;21.0
19119;21105;2.8;3.1;2.62
19120;21106;2.2;3.3;3.3
19121;21107;1.7;3.4;5.5
19122;21108;2.7;3.1;2.7
19123;21109;2.3;3.3;3.1
19124;21110;1.44;4.0;8.0
19125;21111;6.0;4.0;1.53
19126;21112;2.3;3.2;3.1
19127;21113;3.2;3.2;2.3
19128;21114;2.8;3.2;2.5
19129;21115;2.4;3.1;3.1
19130;21116;1.12;8.5;13.0
19131;21117;1.91;3.4;4.0
19132;21118;2.8;3.2;2.5
19133;21119;2.9;3.1;2.5
19134;21120;2.8;3.2;2.5
19135;21121;3.1;3.1;2.4
19136;21122;1.67;3.6;5.5
19137;21123;1.83;3.6;4.2
19138;21124;1.67;3.6;5.5
19139;21125;9.5;5.5;1.3
19140;21126;3.75;3.4;2.0
19141;21127;2.5;3.2;2.87
19142;21128;2.0;3.4;3.75
19143;21129;1.95;3.3;4.0
19144;21130;4.0;3.4;1.95
19145;21131;2.1;3.25;3.6
19146;21132;7.0;4.0;1.5
19147;21133;2.15;3.4;3.3
19148;21134;2.0;3.4;3.8
19149;21135;1.61;3.8;5.5
19150;21136;9.5;5.5;1.3
19151;21137;5.5;3.6;1.67
19152;21138;3.3;3.2;2.25
19153;21139;2.5;3.1;3.0
19154;21140;1.22;6.0;13.0
19155;21141;1.85;3.5;4.33
19156;21142;2.5;3.2;2.9
19157;21143;3.75;3.2;2.1
19158;21144;2.8;3.1;2.62
19159;21145;6.0;3.75;1.6
19160;21146;1.5;3.75;8.0
19161;21147;2.75;3.2;2.62
19162;21148;7.0;4.5;1.44
19163;21149;3.1;3.1;2.4
19164;21150;2.5;3.2;2.9
19165;21151;2.3;3.2;3.2
19166;21152;1.36;4.5;9.0
19167;21153;1.11;9.0;21.0
19168;21154;2.05;3.4;3.6
19169;21155;1.8;3.4;4.75
19170;21156;2.9;3.2;2.5
19171;21157;4.2;3.4;1.85
19172;21158;1.4;4.5;8.0
19173;21159;2.8;3.1;2.62
19174;21160;2.7;3.1;2.7
19175;21161;13.0;6.0;1.22
19176;21162;4.0;3.4;1.73
19177;21163;2.8;3.1;2.62
19178;21164;1.57;3.8;6.0
19179;21165;1.14;7.5;19.0
19180;21166;2.62;3.1;2.8
19181;21167;1.5;4.0;7.0
19182;21168;4.0;3.1;2.05
19183;21169;1.91;3.5;4.0
19184;21170;2.3;3.2;3.2
19185;21171;4.5;3.4;1.83
19186;21172;4.0;3.2;2.0
19187;21173;2.1;3.3;3.5
19188;21174;10.0;4.33;1.36
19189;21175;3.8;3.25;2.05
19190;21176;1.36;4.5;9.0
19191;21177;1.22;5.5;17.0
19192;21178;1.8;3.6;4.4
19193;21179;1.62;3.3;7.0
19194;21180;3.75;3.1;2.1
19195;21181;2.0;3.1;4.2
19196;21182;1.62;3.8;5.5
19197;21183;2.15;3.5;3.2
19198;21184;5.5;4.0;1.62
19199;21185;2.8;3.1;2.6
19200;21186;2.0;3.2;4.0
19201;21187;2.7;3.1;2.7
19202;21188;1.25;5.5;13.0
19203;21189;11.0;6.0;1.25
19204;21190;2.5;3.1;3.0
19205;21191;1.95;3.4;4.0
19206;21192;2.5;3.1;3.0
19207;21193;2.5;3.2;2.9
19208;21194;1.62;3.6;6.0
19209;21195;1.44;4.33;7.0
19210;21196;2.5;3.2;2.8
19211;21197;2.9;3.0;2.62
19212;21198;2.5;3.2;2.8
19213;21199;2.3;3.2;3.2
19214;21200;1.22;5.0;9.5
19215;21201;4.0;3.4;1.73
19216;21202;3.1;3.2;2.37
19217;21203;3.25;3.25;2.25
19218;21204;2.25;3.1;2.88
19219;21205;2.1;3.4;3.5
19220;21206;1.53;4.0;6.5
19221;21207;2.15;3.2;3.5
19222;21208;2.9;3.0;2.6
19223;21209;1.8;3.6;4.4
19224;21210;2.3;3.2;3.2
19225;21211;15.0;6.0;1.2
19226;21212;1.83;3.4;4.5
19227;21213;2.7;3.1;2.7
19228;21214;1.91;3.4;4.2
19229;21215;2.2;3.3;3.3
19230;21216;2.62;3.1;2.8
19231;21217;1.17;7.0;17.0
19232;21218;1.91;3.5;4.0
19233;21219;6.5;4.0;1.53
19234;21220;6.0;3.4;1.67
19235;21221;2.1;3.3;3.6
19236;21222;2.3;3.2;3.2
19237;21223;3.1;3.3;2.3
19238;21224;2.25;3.3;3.2
19239;21225;2.7;3.1;2.7
19240;21226;3.0;3.2;2.38
19241;21227;2.5;3.2;2.8
19242;21228;3.0;3.2;2.38
19243;21229;8.0;4.5;1.4
19244;21230;1.14;5.5;15.0
19245;21231;3.8;3.5;1.95
19246;21232;2.5;3.2;2.9
19247;21233;2.7;3.1;2.7
19248;21234;1.67;3.6;5.5
19249;21235;2.9;3.2;2.5
19250;21236;2.15;3.5;3.25
19251;21237;3.3;3.3;2.2
19252;21238;2.9;3.2;2.5
19253;21239;1.62;3.8;5.5
19254;21240;2.3;3.2;3.2
19255;21241;4.5;3.5;1.8
19256;21242;9.0;4.6;1.36
19257;21243;5.0;3.3;1.8
19258;21244;1.91;3.5;4.0
19259;21245;2.0;3.4;3.8
19260;21246;3.8;3.3;2.0
19261;21247;2.0;3.4;3.8
19262;21248;1.75;3.5;5.0
19263;21249;3.1;3.1;2.4
19264;21250;3.1;3.1;2.4
19265;21251;2.0;3.2;4.0
19266;21252;1.29;5.5;10.0
19267;21253;2.0;3.4;3.8
19268;21254;1.53;4.0;6.0
19269;21255;6.0;4.0;1.53
19270;21256;2.7;3.1;2.7
19271;21257;2.1;3.3;3.5
19272;21258;2.8;3.2;2.5
19273;21259;2.7;3.1;2.7
19274;21260;1.67;3.5;5.5
19275;21261;8.0;4.5;1.4
19276;21262;2.0;3.1;4.2
19277;21263;1.83;3.2;4.8
19278;21264;2.9;3.1;2.5
19279;21265;4.5;3.1;1.91
19280;21266;1.5;4.0;7.0
19281;21267;1.75;3.4;5.0
19282;21268;2.3;3.2;3.2
19283;21269;2.8;3.1;2.62
19284;21270;2.8;3.2;2.5
19285;21271;2.1;3.2;3.6
19286;21272;1.5;4.0;7.0
19287;21273;1.3;5.0;11.0
19288;21274;2.8;3.2;2.5
19289;21275;2.1;3.3;3.5
19290;21276;2.1;3.3;3.5
19291;21277;2.2;3.3;3.3
19292;21278;2.25;3.1;3.3
19293;21279;1.95;3.2;4.2
19294;21280;2.5;3.2;2.8
19295;21281;2.7;3.1;2.7
19296;21282;3.2;3.2;2.3
19297;21283;9.0;4.5;1.36
19298;21284;1.29;5.0;12.0
19299;21285;3.3;3.2;2.25
19300;21286;1.6;3.6;6.0
19301;21287;3.3;3.5;2.1
19302;21288;2.15;3.25;3.4
19303;21289;1.95;3.2;4.2
19304;21290;1.22;6.0;13.0
19305;21291;3.75;3.2;2.05
19306;21292;2.7;3.1;2.7
19307;21293;2.2;3.2;3.4
19308;21294;1.73;3.4;4.6
19309;21295;2.7;3.1;2.7
19310;21296;1.67;3.4;6.0
19311;21297;2.2;3.3;3.3
19312;21298;12.0;4.33;1.33
19313;21299;1.53;3.75;7.0
19314;21300;2.6;3.1;2.8
19315;21301;2.25;3.3;3.2
19316;21302;2.8;3.3;2.5
19317;21303;2.25;3.25;3.25
19318;21304;4.0;3.4;1.95
19319;21305;11.0;5.0;1.3
19320;21306;3.8;3.4;2.0
19321;21307;2.15;3.2;3.6
19322;21308;1.44;3.8;9.0
19323;21309;1.22;6.0;12.0
19324;21310;1.91;3.2;4.33
19325;21311;2.3;3.1;3.3
19326;21312;2.5;3.1;2.9
19327;21313;2.5;3.1;2.9
19328;21314;1.44;4.5;7.0
19329;21315;2.8;3.1;2.62
19330;21316;2.4;3.1;3.1
19331;21317;2.15;3.25;3.5
19332;21318;2.8;3.1;2.62
19333;21319;2.7;3.1;2.7
19334;21320;1.53;4.0;6.0
19335;21321;2.5;3.1;2.9
19336;21322;2.05;3.2;3.8
19337;21323;2.7;3.1;2.7
19338;21324;9.0;4.5;1.36
19339;21325;1.75;3.6;4.5
19340;21326;1.12;7.5;26.0
19341;21327;3.0;3.4;2.3
19342;21328;4.0;3.4;1.95
19343;21329;1.83;3.5;4.33
19344;21330;2.4;3.2;3.0
19345;21331;1.91;3.5;4.0
19346;21332;1.73;3.8;4.5
19347;21333;2.8;3.3;2.5
19348;21334;11.0;5.0;1.3
19349;21335;2.9;3.3;2.4
19350;21336;3.4;3.3;2.15
19351;21337;1.91;3.5;4.0
19352;21338;1.17;7.0;15.0
19353;21339;4.0;3.3;1.95
19354;21340;1.91;3.5;4.0
19355;21341;2.5;3.4;2.7
19356;21342;2.1;3.3;3.5
19357;21343;2.3;3.2;3.1
19358;21344;1.95;3.6;3.75
19359;21345;2.5;3.3;2.8
19360;21346;2.5;3.3;2.8
19361;21347;1.75;3.8;4.33
19362;21348;2.5;3.3;2.8
19363;21349;10.0;4.5;1.36
19364;21350;1.14;8.0;17.0
19365;21351;2.62;3.2;2.75
19366;21352;2.1;3.5;3.3
19367;21353;5.5;3.8;1.62
19368;21354;2.7;3.1;2.7
19369;21355;2.7;3.1;2.7
19370;21356;1.4;4.2;9.0
19371;21357;2.7;3.1;2.7
19372;21358;2.7;3.1;2.7
19373;21359;8.0;5.0;1.36
19374;21360;2.2;3.25;3.4
19375;21361;2.5;3.1;3.0
19376;21362;1.57;3.75;6.5
19377;21363;2.05;3.5;3.5
19378;21364;1.83;3.4;4.5
19379;21365;6.0;3.75;1.6
19380;21366;2.3;3.2;3.2
19381;21367;2.0;3.2;4.0
19382;21368;1.53;3.8;7.0
19383;21369;7.5;5.0;1.36
19384;21370;2.3;3.3;3.1
19385;21371;1.83;3.6;4.2
19386;21372;2.9;3.25;2.4
19387;21373;1.62;4.2;5.0
19388;21374;1.22;6.5;12.0
19389;21375;2.3;3.2;3.2
19390;21376;2.7;3.3;2.6
19391;21377;4.4;3.6;1.8
19392;21378;2.3;3.4;3.0
19393;21379;3.5;3.4;2.1
19394;21380;11.0;4.8;1.3
19395;21381;1.75;3.5;4.8
19396;21382;3.3;3.1;2.3
19397;21383;2.2;3.1;3.5
19398;21384;3.3;3.1;2.3
19399;21385;1.95;3.5;3.8
19400;21386;3.75;3.3;2.05
19401;21387;2.4;3.1;3.1
19402;21388;2.9;3.2;2.5
19403;21389;1.5;4.2;6.5
19404;21390;1.25;5.5;13.0
19405;21391;2.1;3.2;3.75
19406;21392;4.33;3.6;1.8
19407;21393;2.4;3.2;3.0
19408;21394;2.5;3.25;2.62
19409;21395;2.3;3.3;3.1
19410;21396;2.3;3.3;3.1
19411;21397;2.3;3.4;3.0
19412;21398;1.29;5.0;12.0
19413;21399;2.6;3.2;2.75
19414;21400;2.8;3.3;2.5
19415;21401;1.83;3.4;4.5
19416;21402;4.0;3.4;1.91
19417;21403;1.83;3.5;4.33
19418;21404;1.22;6.0;13.0
19419;21405;3.2;3.3;2.25
19420;21406;3.1;3.1;2.4
19421;21407;3.3;3.0;2.2
19422;21408;1.83;3.6;4.2
19423;21409;2.0;3.6;3.5
19424;21410;1.6;3.75;6.0
19425;21411;2.6;3.2;2.75
19426;21412;13.0;6.0;1.22
19427;21413;1.6;4.0;5.5
19428;21414;2.5;3.2;2.88
19429;21415;2.0;3.6;3.6
19430;21416;1.17;7.0;17.0
19431;21417;3.6;3.4;2.05
19432;21418;2.45;3.25;2.9
19433;21419;2.6;3.2;2.75
19434;21420;3.5;3.3;2.1
19435;21421;2.3;3.2;3.2
19436;21422;1.4;4.5;8.0
19437;21423;2.25;3.2;3.3
19438;21424;1.75;3.5;5.0
19439;21425;2.0;3.25;4.0
19440;21426;13.0;5.5;1.25
19441;21427;1.91;3.2;4.5
19442;21428;1.36;4.5;10.0
19443;21429;2.88;3.2;2.5
19444;21430;2.15;3.2;3.6
19445;21431;2.4;3.4;2.8
19446;21432;8.0;4.5;1.4
19447;21433;2.5;3.3;2.8
19448;21434;2.4;3.1;3.1
19449;21435;2.8;2.9;2.8
19450;21436;1.85;3.4;4.5
19451;21437;15.0;5.0;1.25
19452;21438;5.0;3.75;1.7
19453;21439;2.15;3.25;3.5
19454;21440;1.44;4.33;7.0
19455;21441;1.3;5.0;11.0
19456;21442;2.38;3.4;2.9
19457;21443;2.38;3.1;3.2
19458;21444;1.91;3.3;4.2
19459;21445;2.25;3.2;3.3
19460;21446;2.15;3.2;3.2
19461;21447;2.88;3.25;2.3
19462;21448;3.25;3.25;2.1
19463;21449;3.0;3.1;2.3
19464;21450;7.5;4.8;1.33
19465;21451;2.25;3.2;3.0
19466;21452;4.0;3.5;1.91
19467;21453;3.1;3.1;2.4
19468;21454;2.4;3.1;3.1
19469;21455;2.1;3.4;3.4
19470;21456;1.22;6.0;13.0
19471;21457;2.1;3.4;3.4
19472;21458;5.0;4.2;1.62
19473;21459;1.55;4.0;6.0
19474;21460;2.1;3.2;3.75
19475;21461;2.4;3.1;3.1
19476;21462;2.3;3.1;3.3
19477;21463;2.5;3.1;2.9
19478;21464;1.7;3.8;4.8
19479;21465;1.95;3.3;4.0
19480;21466;1.91;3.3;4.2
19481;21467;2.6;3.1;2.8
19482;21468;2.7;3.1;2.7
19483;21469;1.53;4.0;6.0
19484;21470;2.5;3.4;2.75
19485;21471;6.0;4.4;1.5
19486;21472;2.05;3.5;3.5
19487;21473;2.8;3.3;2.5
19488;21474;2.25;3.4;3.1
19489;21475;2.05;3.6;3.4
19490;21476;2.1;3.3;3.5
19491;21477;2.6;3.1;2.8
19492;21478;2.4;3.1;3.1
19493;21479;1.62;4.2;5.0
19494;21480;1.25;6.0;11.0
19495;21481;2.0;3.4;3.75
19496;21482;1.22;5.5;15.0
19497;21483;2.3;3.2;3.2
19498;21484;2.7;3.1;2.7
19499;21485;4.5;3.5;1.8
19500;21486;1.83;3.4;4.5
19501;21487;2.7;3.1;2.7
19502;21488;1.57;3.75;6.5
19503;21489;8.5;4.8;1.36
19504;21490;2.0;3.2;4.0
19505;21491;2.25;3.2;3.3
19506;21492;3.1;3.1;2.4
19507;21493;2.15;3.2;3.5
19508;21494;1.2;6.5;13.0
19509;21495;2.2;3.1;3.5
19510;21496;3.2;3.2;2.3
19511;21497;1.91;3.5;4.0
19512;21498;5.0;3.5;1.75
19513;21499;2.15;3.25;3.5
19514;21500;4.33;3.2;1.95
19515;21501;1.8;3.4;4.8
19516;21502;2.9;3.25;2.4
19517;21503;2.7;3.1;2.7
19518;21504;2.62;3.0;2.88
19519;21505;2.25;3.0;3.5
19520;21506;1.25;5.5;12.0
19521;21507;2.4;3.2;3.0
19522;21508;2.38;3.3;3.0
19523;21509;3.4;3.2;2.2
19524;21510;3.6;3.4;2.05
19525;21511;2.0;3.3;3.8
19526;21512;1.25;5.5;12.0
19527;21513;2.5;3.2;2.9
19528;21514;4.2;3.3;1.91
19529;21515;3.3;3.3;2.2
19530;21516;2.5;3.2;2.9
19531;21517;2.2;3.3;3.3
19532;21518;1.67;3.3;4.5
19533;21519;2.62;3.2;2.3
19534;21520;3.3;3.25;1.95
19535;21521;7.0;3.75;1.4
19536;21522;2.75;3.2;2.25
19537;21523;2.4;3.1;2.6
19538;21524;1.8;3.25;3.8
19539;21525;1.83;3.2;3.75
19540;21526;1.91;3.2;3.5
19541;21527;1.4;3.75;7.0
19542;21528;1.36;3.75;8.0
19543;21529;1.95;3.1;3.5
19544;21530;2.5;3.1;2.5
19545;21531;2.0;3.2;3.2
19546;21532;3.0;3.3;2.05
19547;21533;1.4;3.75;7.0
19548;21534;1.22;4.8;10.0
19549;21535;1.14;5.5;15.0
19550;21536;2.8;3.2;2.2
19551;21537;1.91;3.2;3.5
19552;21538;1.91;3.2;3.5
19553;21539;1.33;4.2;7.5
19554;21540;1.67;3.3;4.5
19555;21541;1.6;3.4;4.8
19556;21542;2.0;3.2;3.2
19557;21543;1.91;3.2;3.5
19558;21544;2.9;3.2;2.15
19559;21545;3.3;3.25;1.95
19560;21546;2.62;3.1;2.38
19561;21547;8.0;4.5;1.29
19562;21548;2.1;3.2;3.2
19563;21549;1.4;4.0;7.5
19564;21550;1.17;6.0;13.0
19565;21551;2.1;3.2;3.2
19566;21552;2.3;3.1;2.9
19567;21553;1.8;3.25;4.2
19568;21554;2.05;3.2;3.3
19569;21555;1.22;5.5;10.0
19570;21556;3.2;3.2;2.1
19571;21557;2.3;3.1;2.9
19572;21558;2.0;3.2;3.2
19573;21559;3.2;3.2;2.0
19574;21560;2.05;3.2;3.1
19575;21561;1.57;3.5;5.0
19576;21562;1.73;3.25;4.2
19577;21563;1.91;3.2;3.5
19578;21564;2.88;3.1;2.2
19579;21565;2.1;3.2;3.0
19580;21566;3.0;3.2;2.1
19581;21567;1.8;3.25;3.8
19582;21568;1.83;3.2;3.75
19583;21569;2.15;3.2;2.9
19584;21570;1.8;3.25;3.8
19585;21571;1.7;3.3;4.33
19586;21572;1.5;3.4;6.0
19587;21573;2.25;3.2;2.75
19588;21574;2.05;3.1;3.2
19589;21575;1.67;3.4;4.33
19590;21576;2.05;3.2;3.1
19591;21577;2.9;3.2;2.15
19592;21578;1.5;3.6;5.5
19593;21579;2.0;3.2;3.2
19594;21580;1.67;3.4;4.33
19595;21581;2.15;3.2;2.9
19596;21582;2.15;3.2;2.9
19597;21583;2.25;3.2;2.75
19598;21584;1.8;3.25;3.8
19599;21585;1.91;3.2;3.5
19600;21586;1.53;3.5;5.5
19601;21587;1.83;3.2;3.75
19602;21588;2.05;3.2;3.1
19603;21589;2.2;3.1;2.88
19604;21590;2.0;3.2;3.2
19605;21591;1.67;3.3;4.5
19606;21592;3.75;3.2;1.83
19607;21593;4.2;3.25;1.73
19608;21594;1.91;3.25;3.4
19609;21595;2.9;3.2;2.15
19610;21596;2.4;3.1;2.6
19611;21597;2.38;3.1;2.62
19612;21598;2.2;3.2;3.4
19613;21599;1.91;3.3;4.2
19614;21600;2.05;3.3;3.6
19615;21601;2.1;3.3;3.5
19616;21602;1.36;4.6;9.0
19617;21603;1.17;7.0;17.0
19618;21604;1.8;3.5;4.5
19619;21605;2.15;3.3;3.4
19620;21606;1.85;3.4;4.33
19621;21607;2.38;3.25;3.0
19622;21608;2.25;3.2;2.75
19623;21609;1.91;3.2;3.5
19624;21610;1.57;3.5;5.0
19625;21611;2.0;3.2;3.2
19626;21612;1.8;3.25;3.8
19627;21613;2.38;3.1;2.62
19628;21614;7.0;4.0;1.36
19629;21615;4.33;3.4;1.67
19630;21616;1.91;3.1;3.6
19631;21617;2.4;3.1;2.6
19632;21618;2.8;3.1;2.25
19633;21619;2.75;3.1;2.3
19634;21620;2.0;3.1;3.3
19635;21621;2.0;3.1;3.3
19636;21622;2.15;3.1;3.0
19637;21623;2.1;3.1;3.1
19638;21624;1.3;4.33;8.0
19639;21625;1.25;4.5;10.0
19640;21626;1.29;4.5;8.0
19641;21627;1.44;3.6;6.5
19642;21628;1.8;3.3;3.75
19643;21629;1.22;4.8;10.0
19644;21630;1.29;4.5;8.0
19645;21632;2.0;3.2;3.2
19646;21633;2.2;3.2;2.8
19647;21634;2.9;3.2;2.15
19648;21635;2.38;3.1;2.62
19649;21636;2.62;3.2;2.3
19650;21637;2.1;3.2;3.0
19651;21638;1.14;5.5;15.0
19652;21639;1.33;4.0;8.0
19653;21640;1.5;3.4;6.0
19654;21641;3.1;3.2;2.05
19655;21642;1.5;3.4;6.0
19656;21643;1.95;3.1;3.5
19657;21644;2.38;3.1;2.62
19658;21645;2.0;3.2;3.2
19659;21646;2.5;3.1;2.5
19660;21647;2.3;3.1;2.75
19661;21648;6.0;3.4;1.5
19662;21649;5.5;3.5;1.53
19663;21650;2.4;3.1;2.6
19664;21651;1.91;3.2;3.5
19665;21652;3.3;3.25;1.95
19666;21653;2.05;3.2;3.1
19667;21654;2.05;3.2;3.1
19668;21655;1.53;3.5;5.5
19669;21656;1.91;3.2;3.5
19670;21657;1.53;3.5;5.5
19671;21658;2.4;3.1;2.6
19672;21659;1.5;3.4;6.0
19673;21660;1.4;3.75;7.0
19674;21661;1.12;6.0;15.0
19675;21662;1.73;3.2;4.33
19676;21663;1.83;3.2;3.75
19677;21664;2.6;3.1;2.4
19678;21665;2.15;3.2;2.9
19679;21666;1.95;3.25;3.3
19680;21667;2.5;3.1;2.5
19681;21668;5.5;3.6;1.5
19682;21669;1.7;3.3;4.33
19683;21670;5.0;3.5;1.57
19684;21671;1.67;3.3;4.5
19685;21672;2.1;3.2;3.0
19686;21673;1.67;3.3;4.5
19687;21674;2.75;3.2;2.25
19688;21675;2.3;3.1;2.75
19689;21676;2.15;3.2;2.9
19690;21677;2.0;3.2;3.2
19691;21678;1.22;4.8;10.0
19692;21679;2.0;3.2;3.2
19693;21680;2.25;3.2;2.75
19694;21681;1.67;3.3;4.5
19695;21682;2.38;3.1;2.62
19696;21683;1.5;3.4;6.0
19697;21684;1.44;3.6;6.5
19698;21685;1.95;3.25;3.3
19699;21686;2.05;3.2;3.1
19700;21687;2.0;3.25;3.9
19701;21688;1.7;3.3;4.33
19702;21689;2.15;3.2;2.9
19703;21690;2.5;3.1;2.5
19704;21691;3.6;3.3;1.83
19705;21692;3.75;3.3;1.8
19706;21693;2.4;3.1;2.6
19707;21694;2.2;3.2;2.8
19708;21695;2.25;3.2;2.75
19709;21696;2.5;3.1;2.5
19710;21697;1.73;3.25;4.2
19711;21698;3.75;3.4;2.0
19712;21699;1.67;3.5;5.5
19713;21700;2.3;3.2;3.2
19714;21701;1.8;3.5;4.5
19715;21702;1.73;3.6;4.8
19716;21703;1.29;5.0;12.0
19717;21704;1.7;3.4;5.5
19718;21705;2.15;3.3;3.4
19719;21706;2.4;3.2;3.0
19720;21707;2.2;3.2;3.4
19721;21708;2.4;3.1;2.6
19722;21709;2.0;3.2;3.2
19723;21710;2.05;3.2;3.1
19724;21711;2.0;3.2;3.2
19725;21712;4.8;3.4;1.6
19726;21713;2.6;3.1;2.4
19727;21714;1.95;3.25;3.3
19728;21715;1.83;3.2;3.75
19729;21716;3.2;3.2;2.0
19730;21717;1.7;3.3;4.33
19731;21718;2.3;3.2;2.62
19732;21719;1.6;3.4;4.8
19733;21720;2.0;3.2;3.2
19734;21721;2.25;3.2;2.75
19735;21722;2.0;3.2;3.2
19736;21723;2.0;3.2;3.2
19737;21724;1.2;5.0;11.0
19738;21725;2.75;3.2;2.25
19739;21726;1.67;3.3;4.5
19740;21727;1.29;4.5;8.0
19741;21728;1.62;3.5;4.5
19742;21729;2.38;3.1;2.62
19743;21730;1.57;3.5;5.0
19744;21731;2.25;3.2;2.75
19745;21732;1.73;3.4;4.0
19746;21733;2.4;3.1;2.6
19747;21734;4.0;3.4;1.73
19748;21735;6.5;4.0;1.4
19749;21736;2.0;3.2;3.2
19750;21737;3.2;3.2;2.0
19751;21738;6.5;3.6;1.44
19752;21739;2.9;3.2;2.15
19753;21740;1.8;3.25;3.8
19754;21741;1.62;3.5;4.5
19755;21742;2.8;3.1;2.25
19756;21743;2.15;3.2;2.9
19757;21744;3.1;3.2;2.05
19758;21745;1.73;3.25;4.2
19759;21746;2.05;3.2;3.1
19760;21747;1.5;3.4;6.0
19761;21748;2.62;3.3;2.62
19762;21749;2.0;3.3;3.8
19763;21750;3.4;3.3;2.15
19764;21751;2.5;3.3;2.8
19765;21752;2.1;3.25;3.6
19766;21753;2.1;3.3;3.5
19767;21754;2.15;3.3;3.4
19768;21755;1.29;5.25;10.5
19769;21756;1.14;7.5;19.0
19770;21757;1.53;3.75;7.0
19771;21758;1.62;3.5;4.5
19772;21759;2.0;3.2;3.2
19773;21760;2.05;3.2;3.1
19774;21761;2.15;3.2;2.9
19775;21762;1.83;3.2;3.75
19776;21763;2.1;3.2;3.0
19777;21764;6.0;3.75;1.44
19778;21765;5.5;3.5;1.53
19779;21766;2.2;3.2;2.8
19780;21767;1.36;3.75;8.0
19781;21768;2.6;3.4;2.6
19782;21769;2.7;3.4;2.5
19783;21770;2.62;3.3;2.62
19784;21771;2.62;3.3;2.62
19785;21772;2.0;3.4;3.75
19786;21773;1.67;3.5;5.5
19787;21774;2.1;3.3;3.5
19788;21775;1.29;5.25;10.5
19789;21776;1.36;4.8;8.5
19790;21777;2.05;3.4;3.5
19791;21778;2.1;3.3;2.88
19792;21779;2.2;3.2;2.8
19793;21780;2.2;3.2;2.8
19794;21781;2.4;3.25;2.5
19795;21782;3.6;3.4;1.8
19796;21783;2.0;3.2;3.2
19797;21784;1.6;3.4;4.8
19798;21785;2.05;3.2;3.1
19799;21786;1.36;4.0;7.0
19800;21787;2.0;3.2;3.2
19801;21788;2.62;3.1;2.38
19802;21789;2.62;3.1;2.38
19803;21790;2.5;3.1;2.5
19804;21791;2.3;3.1;2.75
19805;21792;2.8;3.2;2.2
19806;21793;1.62;3.4;4.8
19807;21794;2.38;3.0;2.7
19808;21795;2.2;3.2;2.8
19809;21796;2.1;3.2;3.0
19810;21797;1.67;3.3;4.5
19811;21798;2.05;3.2;3.1
19812;21799;1.5;3.6;5.5
19813;21800;2.4;3.25;2.5
19814;21801;1.8;3.3;3.75
19815;21802;1.95;3.25;3.3
19816;21803;1.91;3.25;3.4
19817;21804;2.62;3.1;2.38
19818;21805;1.67;3.4;4.33
19819;21806;1.29;4.5;8.0
19820;21807;2.25;3.25;2.7
19821;21808;2.25;3.4;2.6
19822;21809;2.15;3.4;2.75
19823;21810;1.53;3.6;5.0
19824;21811;1.53;3.6;5.0
19825;21812;5.0;3.6;1.53
19826;21813;1.8;3.3;3.75
19827;21814;2.25;3.5;2.5
19828;21815;1.8;3.3;3.75
19829;21816;2.1;3.4;2.8
19830;21817;2.62;3.1;2.38
19831;21818;1.7;3.6;5.0
19832;21819;2.75;3.3;2.5
19833;21820;2.62;3.25;2.62
19834;21821;2.3;3.6;2.8
19835;21822;2.15;3.25;3.4
19836;21823;1.7;3.6;5.0
19837;21824;1.95;3.4;3.8
19838;21825;1.53;4.0;6.0
19839;21826;2.2;3.5;2.62
19840;21827;4.2;3.5;1.83
19841;21828;1.36;4.8;8.0
19842;21829;1.29;5.25;10.0
19843;21830;1.85;3.6;4.0
19844;21831;1.33;5.0;8.5
19845;21832;3.2;3.25;2.25
19846;21833;4.0;3.6;1.85
19847;21834;2.1;3.6;3.2
19848;21835;1.7;4.2;4.2
19849;21836;3.2;3.4;2.2
19850;21837;1.83;3.6;4.2
19851;21838;2.15;3.2;2.9
19852;21839;1.83;3.3;3.6
19853;21840;1.67;3.3;4.5
19854;21841;1.17;5.5;12.0
19855;21842;1.25;4.5;10.0
19856;21843;1.57;3.5;5.0
19857;21844;2.5;3.1;2.5
19858;21845;2.2;3.2;2.8
19859;21846;2.2;3.2;2.8
19860;21847;3.1;3.2;2.05
19861;21848;1.73;3.25;4.2
19862;21849;2.25;3.25;2.7
19863;21850;1.91;3.25;3.4
19864;21851;4.2;3.25;1.73
19865;21852;3.75;3.3;1.8
19866;21853;3.5;3.2;1.91
19867;21854;2.0;3.3;3.1
19868;21855;2.1;3.2;3.0
19869;21856;1.83;3.3;3.6
19870;21857;2.25;3.25;2.7
19871;21858;1.5;3.4;6.0
19872;21859;1.29;4.5;8.0
19873;21860;1.67;3.3;4.5
19874;21861;2.05;3.1;3.2
19875;21862;1.62;3.3;5.0
19876;21863;2.0;3.1;3.3
19877;21864;1.5;3.4;6.0
19878;21865;3.1;3.2;2.05
19879;21866;1.4;3.75;7.0
19880;21867;2.15;3.2;2.9
19881;21868;1.95;3.1;3.5
19882;21869;2.5;3.1;2.5
19883;21870;2.75;2.9;2.4
19884;21871;2.25;3.1;2.8
19885;21872;1.3;4.33;8.0
19886;21873;2.62;3.1;2.38
19887;21874;1.83;3.0;4.0
19888;21875;5.5;3.6;1.5
19889;21876;2.5;3.1;2.5
19890;21877;2.3;3.1;2.75
19891;21878;1.33;4.0;8.0
19892;21879;1.67;3.3;4.5
19893;21880;2.3;3.1;2.75
19894;21881;2.3;3.1;2.75
19895;21882;1.91;3.2;3.5
19896;21883;1.25;4.5;10.0
19897;21884;1.25;4.5;10.0
19898;21885;2.4;3.1;2.6
19899;21886;3.75;3.2;1.83
19900;21887;1.91;3.2;3.5
19901;21888;2.9;3.2;2.15
19902;21889;8.0;3.75;1.36
19903;21890;2.8;3.2;2.2
19904;21891;2.38;3.1;2.62
19905;21892;2.0;3.2;3.2
19906;21893;1.83;3.2;3.75
19907;21894;1.83;3.2;3.75
19908;21895;5.0;3.5;1.57
19909;21896;1.53;3.5;5.5
19910;21897;1.36;3.75;8.0
19911;21898;1.2;5.0;11.0
19912;21899;2.15;3.2;2.9
19913;21900;1.73;3.4;4.0
19914;21901;2.5;3.25;2.4
19915;21902;1.8;3.25;3.8
19916;21903;2.2;3.2;2.8
19917;21904;2.05;3.2;3.1
19918;21905;1.12;6.0;15.0
19919;21906;2.0;3.2;3.2
19920;21907;3.1;3.2;2.05
19921;21908;1.95;3.25;3.3
19922;21909;1.53;3.6;5.0
19923;21910;1.53;3.5;5.5
19924;21911;2.15;3.25;2.87
19925;21912;1.95;3.25;3.3
19926;21913;3.1;3.4;1.95
19927;21914;2.15;3.25;2.87
19928;21915;1.14;6.0;12.0
19929;21916;2.4;3.1;2.6
19930;21917;1.44;3.75;6.0
19931;21918;4.8;3.5;1.7
19932;21919;1.6;3.5;5.5
19933;21920;2.7;3.1;2.5
19934;21921;2.1;3.25;3.25
19935;21922;2.4;3.2;2.75
19936;21923;1.2;5.5;13.0
19937;21924;5.5;4.0;1.5
19938;21925;1.7;3.6;4.33
19939;21926;3.0;3.3;2.2
19940;21927;2.3;3.3;2.8
19941;21928;1.29;4.75;9.5
19942;21929;1.95;3.3;3.6
19943;21930;2.7;3.25;2.4
19944;21931;1.5;3.8;6.0
19945;21932;1.73;3.4;4.5
19946;21933;2.7;3.25;2.4
19947;21934;1.75;3.6;4.0
19948;21935;2.25;3.2;3.0
19949;21936;1.5;3.8;6.0
19950;21937;2.05;3.25;3.3
19951;21938;1.35;4.33;8.0
19952;21939;2.1;3.25;3.2
19953;21940;1.7;3.5;4.5
19954;21941;4.33;3.4;1.75
19955;21942;1.9;3.3;3.75
19956;21943;4.4;3.6;1.6
19957;21944;1.18;6.0;12.0
19958;21945;2.9;3.25;2.25
19959;21946;1.75;3.4;4.33
19960;21947;2.3;3.2;2.87
19961;21948;1.95;3.3;3.6
19962;21949;3.5;3.25;2.0
19963;21950;1.75;3.4;4.33
19964;21951;1.95;3.3;3.6
19965;21952;1.75;3.4;4.33
19966;21953;1.15;6.2;15.0
19967;21954;2.6;3.2;2.5
19968;21955;2.37;3.5;2.55
19969;21956;2.2;3.25;3.0
19970;21957;2.1;3.25;3.25
19971;21958;2.1;3.25;3.25
19972;21959;1.53;3.6;6.0
19973;21960;3.0;3.2;2.25
19974;21961;1.6;3.6;5.25
19975;21962;11.0;5.5;1.22
19976;21963;2.0;3.25;3.5
19977;21964;2.8;3.2;2.35
19978;21965;1.2;5.5;12.0
19979;21966;2.0;3.25;3.5
19980;21967;2.5;3.2;2.62
19981;21968;1.91;3.25;3.75
19982;21969;1.75;3.3;4.5
19983;21970;2.62;3.25;2.45
19984;21971;2.0;3.25;3.5
19985;21972;1.29;4.75;9.0
19986;21973;1.73;3.3;4.75
19987;21974;1.4;4.0;7.5
19988;21975;2.55;3.2;2.55
19989;21976;7.0;3.8;1.44
19990;21977;2.0;3.25;3.5
19991;21978;2.37;3.2;2.8
19992;21979;2.5;3.2;2.6
19993;21980;1.44;4.0;6.6
19994;21981;7.0;4.5;1.36
19995;21982;1.44;4.0;6.6
19996;21983;6.0;3.6;1.53
19997;21984;1.91;3.25;3.75
19998;21985;1.8;3.25;4.33
19999;21986;1.3;4.75;9.0
20000;21987;2.3;3.2;2.87
20001;21988;2.4;3.2;2.75
20002;21989;1.5;3.8;6.0
20003;21990;1.95;3.25;3.6
20004;21991;1.33;4.5;8.0
20005;21992;1.91;3.25;3.75
20006;21993;1.83;3.4;4.0
20007;21994;1.61;3.5;5.25
20008;21995;2.0;3.2;3.5
20009;21996;2.05;3.2;3.4
20010;21997;5.7;3.75;1.53
20011;21998;2.55;3.2;2.55
20012;21999;2.3;3.2;2.9
20013;22000;9.0;5.5;1.25
20014;22001;1.44;3.8;7.0
20015;22002;5.0;3.6;1.62
20016;22003;1.44;3.8;7.0
20017;22004;3.1;3.2;2.2
20018;22005;2.38;3.2;2.75
20019;22006;2.0;3.25;3.5
20020;22007;1.17;6.5;12.0
20021;22008;1.8;3.3;3.75
20022;22009;5.0;3.6;1.53
20023;22010;2.5;3.1;2.5
20024;22011;1.5;3.6;5.5
20025;22012;2.3;3.2;2.62
20026;22013;1.44;3.75;6.0
20027;22014;3.1;3.3;2.0
20028;22015;2.25;3.2;2.75
20029;22016;6.0;3.75;1.44
20030;22017;1.44;3.75;6.0
20031;22018;3.8;3.4;1.85
20032;22019;2.2;3.25;3.0
20033;22020;3.3;3.25;2.05
20034;22021;1.6;3.5;5.5
20035;22022;1.95;3.25;3.6
20036;22023;2.25;3.25;2.9
20037;22024;2.05;3.25;3.3
20038;22025;10.5;5.5;1.22
20039;22026;1.85;3.3;4.0
20040;22027;1.5;3.6;6.5
20041;22028;2.3;3.2;2.9
20042;22029;1.17;6.5;12.0
20043;22030;1.44;3.8;7.0
20044;22031;2.3;3.2;2.9
20045;22032;1.75;3.4;4.33
20046;22033;3.25;3.3;2.05
20047;22034;1.3;4.8;8.5
20048;22035;2.15;3.2;3.2
20049;22036;1.14;7.0;13.0
20050;22037;2.4;3.3;2.7
20051;22038;2.3;3.1;3.0
20052;22039;10.0;5.0;1.25
20053;22040;1.83;3.4;4.0
20054;22041;2.4;3.1;2.8
20055;22042;1.61;3.6;5.0
20056;22043;2.2;3.2;3.1
20057;22044;4.0;3.4;1.8
20058;22045;1.7;3.3;5.0
20059;22046;5.0;3.75;1.6
20060;22047;1.95;3.2;3.75
20061;22048;2.1;3.2;3.2
20062;22049;1.45;3.75;7.0
20063;22050;1.3;5.0;7.5
20064;22051;1.62;3.5;5.0
20065;22052;2.3;3.25;2.8
20066;22053;1.73;3.3;4.5
20067;22054;1.83;3.4;3.8
20068;22055;1.53;3.5;6.0
20069;22056;2.75;3.2;2.35
20070;22057;1.14;7.0;12.0
20071;22058;2.8;3.1;2.4
20072;22059;1.95;3.3;3.6
20073;22060;11.0;4.5;1.28
20074;22061;1.65;3.5;5.0
20075;22062;2.25;3.2;3.0
20076;22063;2.4;3.1;2.8
20077;22064;1.83;3.3;4.0
20078;22065;2.5;3.1;2.7
20079;22066;2.1;3.2;3.3
20080;22067;1.14;6.0;21.0
20081;22068;1.57;3.6;5.5
20082;22069;2.4;3.2;2.75
20083;22070;1.67;3.5;4.8
20084;22071;1.36;4.5;7.0
20085;22072;1.7;3.4;4.8
20086;22073;1.73;3.4;4.5
20087;22074;2.2;3.25;3.0
20088;22075;2.5;3.2;2.62
20089;22076;1.57;3.6;5.5
20090;22077;10.0;5.0;1.25
20091;22078;1.33;4.5;8.5
20092;22079;2.2;3.25;3.0
20093;22080;1.62;3.6;5.0
20094;22081;9.5;5.25;1.25
20095;22082;2.38;3.2;2.8
20096;22083;2.05;3.25;3.3
20097;22084;1.7;3.5;4.5
20098;22085;2.15;3.25;3.1
20099;22086;1.4;4.33;6.5
20100;22087;2.0;3.25;3.5
20101;22088;2.6;3.25;2.5
20102;22089;2.3;3.3;2.8
20103;22090;3.1;3.1;2.2
20104;22091;1.6;3.5;5.5
20105;22092;1.12;7.0;17.0
20106;22093;2.0;3.2;3.6
20107;22094;2.0;3.2;3.6
20108;22095;1.91;3.2;3.8
20109;22096;9.0;4.75;1.3
20110;22097;1.53;3.6;6.0
20111;22098;2.62;3.2;2.5
20112;22099;1.25;5.25;9.5
20113;22100;2.15;3.2;3.2
20114;22101;2.5;3.2;2.6
20115;22102;7.5;5.0;1.36
20116;22103;1.91;3.4;4.0
20117;22104;2.5;3.2;2.6
20118;22105;1.1;7.5;19.0
20119;22106;2.1;3.2;3.3
20120;22107;1.44;3.8;7.0
20121;22108;1.91;3.25;3.75
20122;22109;2.2;3.25;3.0
20123;22110;2.5;3.2;2.6
20124;22111;1.95;3.25;3.6
20125;22112;2.05;3.25;3.3
20126;22113;1.29;4.8;9.5
20127;22114;1.83;3.3;4.0
20128;22115;7.0;4.2;1.4
20129;22116;2.2;3.25;3.0
20130;22117;3.0;3.25;2.2
20131;22118;1.91;3.2;3.5
20132;22119;1.11;6.5;15.0
20133;22120;2.5;3.1;2.5
20134;22121;1.95;3.2;3.4
20135;22122;2.9;3.2;2.2
20136;22123;1.91;3.2;3.5
20137;22124;1.29;4.5;8.0
20138;22125;2.4;3.1;2.6
20139;22126;1.29;4.5;8.0
20140;22127;2.0;3.2;3.2
20141;22128;1.36;4.33;7.5
20142;22129;2.88;3.2;2.3
20143;22130;1.7;3.5;4.5
20144;22131;1.75;3.4;4.33
20145;22132;1.75;3.5;4.2
20146;22133;9.0;4.8;1.29
20147;22134;1.17;6.0;15.0
20148;22135;2.4;3.2;2.75
20149;22136;1.5;3.8;6.0
20150;22137;1.8;3.4;4.0
20151;22138;3.0;3.25;2.2
20152;22139;1.95;3.25;3.6
20153;22140;1.5;3.75;6.2
20154;22141;2.7;3.25;2.4
20155;22142;2.5;3.2;2.6
20156;22143;2.0;3.25;3.5
20157;22144;2.5;3.4;2.7
20158;22145;1.75;3.4;4.33
20159;22146;2.3;3.3;2.8
20160;22147;2.2;3.25;3.0
20161;22148;3.25;3.3;1.95
20162;22149;1.91;3.3;4.2
20163;22150;2.25;3.25;2.7
20164;22151;1.36;4.0;7.0
20165;22152;2.15;3.25;2.88
20166;22153;1.12;6.0;15.0
20167;22154;8.5;4.8;1.25
20168;22155;1.53;3.6;5.0
20169;22156;2.15;3.25;2.88
20170;22157;1.83;3.3;3.6
20171;22158;1.91;3.3;3.75
20172;22159;1.36;4.2;8.0
20173;22160;2.3;3.2;2.9
20174;22161;1.83;3.5;3.8
20175;22162;2.38;3.2;2.8
20176;22163;8.0;4.5;1.33
20177;22164;1.91;3.3;3.75
20178;22165;1.36;4.5;7.0
20179;22166;1.75;3.4;4.33
20180;22167;1.57;3.6;5.5
20181;22168;2.3;3.2;2.9
20182;22169;2.7;3.25;2.4
20183;22170;1.7;3.5;4.5
20184;22171;2.88;3.25;2.3
20185;22172;1.08;8.5;21.0
20186;22173;2.25;3.0;3.2
20187;22174;1.36;4.33;7.5
20188;22175;9.5;5.25;1.25
20189;22176;2.5;3.1;2.7
20190;22177;1.4;4.2;7.0
20191;22178;1.83;3.3;4.0
20192;22179;2.4;3.2;2.75
20193;22180;1.36;4.8;6.5
20194;22181;2.1;3.25;3.25
20195;22182;5.5;4.0;1.5
20196;22183;2.4;3.2;2.75
20197;22184;2.75;3.25;2.38
20198;22185;2.4;3.25;2.7
20199;22186;1.11;7.5;17.0
20200;22187;1.95;3.3;3.6
20201;22188;1.57;3.75;6.0
20202;22189;2.1;3.3;3.5
20203;22190;3.25;3.4;2.15
20204;22191;1.06;12.0;26.0
20205;22192;3.2;3.3;2.25
20206;22193;1.25;6.0;10.0
20207;22194;1.73;3.6;4.8
20208;22195;1.7;3.5;5.25
20209;22196;5.5;4.33;1.53
20210;22197;1.8;3.5;4.5
20211;22198;1.67;3.5;4.2
20212;22199;1.67;3.6;4.0
20213;22200;2.0;3.2;3.2
20214;22201;5.5;4.0;1.44
20215;22202;1.67;3.75;3.8
20216;22203;1.73;3.8;4.0
20217;22204;2.75;3.1;2.3
20218;22205;2.0;3.3;3.1
20219;22206;3.1;3.4;1.95
20220;22207;1.14;6.0;12.0
20221;22208;4.5;4.5;1.6
20222;22209;1.29;5.5;10.0
20223;22210;1.05;13.0;26.0
20224;22211;6.5;4.5;1.44
20225;22212;2.25;3.6;2.9
20226;22213;3.6;3.75;1.91
20227;22214;2.3;3.5;2.9
20228;22215;1.25;6.0;10.0
20229;22216;1.73;3.75;4.5
20230;22217;10.0;6.0;1.25
20231;22218;2.1;3.3;3.5
20232;22219;2.9;3.25;2.4
20233;22220;5.5;3.75;1.62
20234;22221;2.6;3.2;2.75
20235;22222;1.44;4.33;7.0
20236;22223;2.2;3.2;3.4
20237;22224;2.4;3.1;3.1
20238;22225;3.0;3.25;2.38
20239;22226;1.5;4.0;7.0
20240;22227;9.0;5.0;1.33
20241;22228;1.53;3.5;5.5
20242;22229;2.2;3.2;2.8
20243;22230;1.1;6.5;17.0
20244;22231;2.62;3.1;2.38
20245;22232;1.8;3.3;3.75
20246;22233;1.91;3.2;3.5
20247;22234;2.0;3.2;3.2
20248;22235;1.83;3.2;3.75
20249;22236;2.2;3.2;2.8
20250;22237;8.0;4.5;1.29
20251;22238;2.38;3.1;2.62
20252;22239;1.67;3.4;4.33
20253;22240;2.4;3.1;2.6
20254;22241;3.25;3.4;1.91
20255;22242;2.3;3.2;2.62
20256;22243;2.3;3.2;2.62
20257;22244;1.91;3.25;3.4
20258;22245;1.5;3.6;5.5
20259;22246;3.1;3.3;2.0
20260;22247;1.08;7.0;17.0
20261;22248;3.5;3.4;1.83
20262;22249;1.8;3.3;3.75
20263;22250;3.25;3.4;1.91
20264;22251;1.14;6.0;12.0
20265;22252;1.73;3.4;4.0
20266;22253;2.1;3.2;3.0
20267;22254;2.6;3.1;2.4
20268;22255;1.91;3.25;3.4
20269;22256;4.33;3.6;1.62
20270;22257;1.95;3.25;3.3
20271;22258;1.57;3.5;5.0
20272;22259;1.83;3.2;3.75
20273;22260;1.4;4.0;6.5
20274;22261;2.4;3.1;2.6
20275;22262;6.0;4.2;1.4
20276;22263;1.91;3.25;3.4
20277;22264;1.7;3.5;4.0
20278;22265;2.15;3.25;2.88
20279;22266;1.11;7.0;13.0
20280;22267;3.2;3.2;2.0
20281;22268;1.7;3.4;4.2
20282;22269;5.0;3.6;1.53
20283;22270;1.8;3.3;3.75
20284;22271;1.73;3.4;4.0
20285;22272;1.36;4.2;6.5
20286;22273;2.4;3.1;2.6
20287;22274;1.73;3.4;4.0
20288;22275;6.5;4.2;1.36
20289;22276;1.83;3.3;3.6
20290;22277;3.6;3.4;1.8
20291;22278;1.5;3.8;6.0
20292;22279;2.5;3.2;2.6
20293;22280;11.0;5.5;1.22
20294;22281;2.9;3.25;2.25
20295;22282;1.91;3.3;3.75
20296;22283;3.4;3.3;2.0
20297;22284;2.1;3.25;3.25
20298;22285;2.7;3.2;2.4
20299;22286;1.95;3.25;3.6
20300;22287;7.0;4.4;1.4
20301;22288;2.3;3.2;3.2
20302;22289;2.2;3.3;3.2
20303;22290;8.0;4.8;1.36
20304;22291;1.83;3.3;4.5
20305;22292;2.1;3.2;3.6
20306;22293;1.3;5.0;10.0
20307;22294;2.1;3.2;3.6
20308;22295;2.1;3.3;3.5
20309;22296;1.91;3.3;4.2
20310;22297;2.25;3.1;3.4
20311;22298;3.1;3.25;2.3
20312;22299;1.57;4.0;5.5
20313;22300;1.25;5.5;12.0
20314;22301;1.7;3.6;5.0
20315;22302;10.0;5.25;1.29
20316;22303;1.62;3.8;5.5
20317;22304;2.2;3.25;3.3
20318;22305;2.35;3.25;3.0
20319;22306;1.95;3.5;3.8
20320;22307;1.8;3.4;4.6
20321;22308;1.67;3.75;5.0
20322;22309;1.85;3.4;4.33
20323;22310;2.05;3.6;3.4
20324;22311;12.0;5.5;1.25
20325;22312;1.18;6.5;15.0
20326;22313;1.85;3.4;4.33
20327;22314;2.8;3.25;2.4
20328;22315;1.95;3.3;4.0
20329;22316;2.38;3.25;3.0
20330;22317;2.15;3.25;3.4
20331;22318;1.67;4.0;4.75
20332;22319;3.25;3.25;2.2
20333;22320;1.4;4.33;8.5
20334;22321;2.1;3.4;3.4
20335;22322;1.73;3.5;5.0
20336;22323;2.1;3.2;3.6
20337;22324;1.67;3.6;5.5
20338;22325;1.8;3.5;4.5
20339;22326;2.25;3.2;3.3
20340;22327;1.73;3.5;5.0
20341;22328;2.05;3.5;3.5
20342;22329;1.8;3.75;4.2
20343;22330;2.25;3.2;3.3
20344;22331;1.44;4.75;6.5
20345;22332;13.0;5.5;1.25
20346;22333;2.38;3.4;2.9
20347;22334;1.73;3.6;5.0
20348;22335;4.0;3.75;1.85
20349;22336;2.25;3.1;3.4
20350;22337;2.05;3.4;3.6
20351;22338;2.5;3.3;2.75
20352;22339;1.4;4.5;8.0
20353;22340;10.0;5.5;1.29
20354;22341;1.44;4.33;7.0
20355;22342;1.1;10.0;17.0
20356;22343;1.91;3.5;4.0
20357;22344;2.0;3.3;3.75
20358;22345;1.53;3.75;7.0
20359;22346;2.2;3.3;3.3
20360;22347;1.73;3.75;4.5
20361;22348;1.6;4.0;5.5
20362;22349;2.5;3.2;2.88
20363;22350;1.2;7.0;12.0
20364;22351;2.0;3.4;3.8
20365;22352;3.1;3.3;2.3
20366;22353;11.0;6.0;1.25
20367;22354;2.7;3.3;2.6
20368;22355;2.05;3.1;4.0
20369;22356;3.1;3.5;2.2
20370;22357;1.95;3.25;4.2
20371;22358;1.5;4.2;6.5
20372;22359;9.0;5.0;1.33
20373;22360;1.65;4.0;5.0
20374;22361;2.2;3.3;3.3
20375;22362;1.67;3.8;5.0
20376;22363;1.06;12.0;29.0
20377;22364;1.67;3.6;5.5
20378;22365;2.15;3.3;3.4
20379;22366;1.5;4.2;6.5
20380;22367;1.8;3.5;4.6
20381;22368;1.73;3.6;4.75
20382;22369;1.3;5.5;9.0
20383;22370;2.38;3.25;3.0
20384;22371;3.0;3.25;2.38
20385;22372;1.8;3.5;4.5
20386;22373;4.2;3.5;1.83
20387;22374;13.0;6.5;1.2
20388;22375;2.3;3.25;3.1
20389;22376;2.0;3.3;3.75
20390;22377;3.0;3.25;2.35
20391;22378;12.0;5.5;1.25
20392;22379;1.44;4.2;7.5
20393;22380;1.73;3.6;4.75
20394;22381;1.73;3.75;4.5
20395;22382;1.85;3.5;4.33
20396;22383;1.44;4.2;7.5
20397;22384;1.1;9.5;19.0
20398;22385;1.73;3.6;4.75
20399;22386;2.2;3.25;3.3
20400;22387;1.73;3.6;4.8
20401;22388;2.45;3.2;2.7
20402;22389;2.75;3.2;2.38
20403;22390;1.06;9.5;21.0
20404;22391;1.4;4.2;7.0
20405;22392;1.91;3.3;3.75
20406;22393;1.53;3.6;6.5
20407;22394;1.6;3.6;5.25
20408;22395;1.8;3.25;4.33
20409;22396;2.15;3.2;3.15
20410;22397;1.17;6.2;13.0
20411;22398;2.8;3.2;2.5
20412;22399;1.7;3.6;5.0
20413;22400;1.05;13.0;34.0
20414;22401;1.5;4.0;6.5
20415;22402;2.0;3.3;3.75
20416;22403;1.4;4.5;8.0
20417;22404;2.1;3.25;3.5
20418;22405;1.53;3.8;6.5
20419;22406;2.25;3.1;3.3
20420;22407;1.17;7.0;15.0
20421;22408;1.8;3.5;4.5
20422;22409;1.8;3.5;4.5
20423;22410;15.0;6.5;1.18
20424;22411;3.5;3.3;2.1
20425;22412;1.95;3.5;3.75
20426;22413;3.3;3.25;2.2
20427;22414;2.88;3.25;2.45
20428;22415;2.5;3.25;2.8
20429;22416;2.0;3.3;3.75
20430;22417;10.0;5.25;1.29
20431;22418;1.67;3.75;5.0
20432;22419;1.17;7.0;15.0
20433;22420;1.44;4.2;7.5
20434;22421;2.05;3.3;3.6
20435;22422;1.53;3.8;6.5
20436;22423;1.8;3.5;4.5
20437;22424;1.29;5.25;10.0
20438;22425;2.6;3.25;2.7
20439;22426;1.17;7.0;15.0
20440;22427;2.1;3.25;3.5
20441;22428;2.15;3.25;3.4
20442;22429;15.0;6.5;1.18
20443;22430;2.15;3.25;3.4
20444;22431;2.1;3.3;3.5
20445;22432;3.1;3.25;2.3
20446;22433;2.15;3.4;3.3
20447;22434;3.4;3.25;2.15
20448;22435;2.3;3.3;3.1
20449;22436;7.0;4.33;1.44
20450;22437;2.15;3.25;3.4
20451;22438;1.14;8.0;15.0
20452;22439;1.53;3.75;7.0
20453;22440;2.8;3.2;2.5
20454;22441;1.6;3.8;5.5
20455;22442;1.8;3.5;4.5
20456;22443;1.57;3.8;6.0
20457;22444;2.2;3.2;3.4
20458;22445;1.14;8.0;15.0
20459;22446;2.2;3.2;3.4
20460;22447;2.1;3.2;3.6
20461;22448;9.0;4.2;1.4
20462;22449;2.4;3.1;3.1
20463;22450;1.91;3.3;4.2
20464;22451;2.2;3.2;3.4
20465;22452;2.3;3.2;3.2
20466;22453;2.8;3.2;2.5
20467;22454;1.91;3.3;4.2
20468;22455;8.0;4.0;1.44
20469;22456;2.4;3.1;3.1
20470;22457;2.0;3.2;4.0
20471;22458;5.5;3.75;1.62
20472;22459;2.62;3.1;2.75
20473;22460;1.57;3.6;6.5
20474;22461;2.6;3.2;2.75
20475;22462;1.5;4.0;7.0
20476;22463;2.25;3.2;3.2
20477;22464;1.17;7.0;15.0
20478;22465;1.91;3.3;4.2
20479;22466;1.91;3.3;4.2
20480;22467;2.15;3.25;3.5
20481;22468;2.62;3.25;2.7
20482;22469;1.11;9.0;21.0
20483;22470;2.38;3.4;2.9
20484;22471;2.25;3.2;3.3
20485;22472;2.05;3.5;3.5
20486;22473;2.05;3.4;3.6
20487;22474;8.0;4.5;1.4
20488;22475;2.15;3.3;3.4
20489;22476;2.2;3.1;3.5
20490;22477;2.38;3.2;3.1
20491;22478;1.67;3.5;5.5
20492;22479;3.0;3.0;2.5
20493;22480;6.5;4.5;1.44
20494;22481;2.4;3.2;3.0
20495;22482;3.4;3.2;2.2
20496;22483;1.14;7.0;21.0
20497;22484;2.0;3.2;4.0
20498;22485;2.0;3.2;4.0
20499;22486;2.25;3.2;3.3
20500;22487;2.0;3.2;4.0
20501;22488;1.95;3.3;4.0
20502;22489;1.95;3.3;4.0
20503;22490;1.1;9.5;19.0
20504;22491;2.3;3.2;2.9
20505;22492;2.05;3.3;3.6
20506;22493;5.5;3.75;1.62
20507;22494;2.15;3.2;3.6
20508;22495;2.05;3.3;3.6
20509;22496;2.05;3.5;3.5
20510;22497;2.15;3.25;3.4
20511;22498;2.4;3.2;3.0
20512;22499;4.5;4.0;1.7
20513;22500;3.3;3.3;2.2
20514;22501;2.25;3.2;3.3
20515;22502;3.0;3.4;2.3
20516;22503;2.3;3.2;3.2
20517;22504;3.5;3.4;2.05
20518;22505;2.05;3.4;3.5
20519;22506;9.0;4.5;1.36
20520;22507;2.0;3.4;3.75
20521;22508;1.57;3.75;6.0
20522;22509;2.88;3.2;2.5
20523;22510;5.0;3.75;1.67
20524;22511;3.1;3.1;2.4
20525;22512;1.17;7.0;15.0
20526;22513;2.5;3.2;2.88
20527;22514;1.83;3.4;4.5
20528;22515;1.95;3.3;4.0
20529;22516;2.38;3.25;3.0
20530;22517;2.4;3.1;3.1
20531;22518;2.45;3.3;2.8
20532;22519;2.15;3.3;3.3
20533;22520;2.0;3.4;3.75
20534;22521;1.1;9.0;21.0
20535;22522;4.5;3.75;1.73
20536;22523;2.0;3.25;4.0
20537;22524;1.6;3.8;5.5
20538;22525;2.15;3.4;3.2
20539;22526;1.91;3.4;4.0
20540;22527;1.8;3.6;4.2
20541;22528;2.88;3.25;2.45
20542;22529;1.5;4.0;6.5
20543;22530;3.6;3.4;2.0
20544;22531;2.8;3.5;2.4
20545;22532;2.4;3.1;3.1
20546;22533;2.15;3.25;3.4
20547;22534;2.62;3.4;2.6
20548;22535;2.1;3.3;3.5
20549;22536;2.15;3.25;3.4
20550;22537;2.05;3.3;3.6
20551;22538;2.1;3.2;3.6
20552;22539;2.0;3.4;3.75
20553;22540;1.8;3.5;4.5
20554;22541;2.3;3.3;3.1
20555;22542;1.2;6.0;15.0
20556;22543;1.67;3.75;5.0
20557;22544;2.0;3.4;3.75
20558;22545;1.5;4.2;6.5
20559;22546;2.1;3.2;3.6
20560;22547;2.3;3.2;3.2
20561;22548;1.8;3.75;4.2
20562;22549;4.0;3.75;1.85
20563;22550;1.25;6.0;10.0
20564;22551;2.8;3.3;2.45
20565;22552;8.0;5.0;1.36
20566;22553;2.62;3.4;2.6
20567;22554;2.05;3.3;3.6
20568;22555;3.1;3.3;2.25
20569;22556;1.8;3.6;4.33
20570;22557;2.2;3.3;3.25
20571;22558;2.5;3.2;2.8
20572;22559;1.44;4.33;7.0
20573;22560;3.1;3.5;2.2
20574;22561;2.1;3.2;3.6
20575;22562;1.44;4.33;7.0
20576;22563;1.2;6.0;15.0
20577;22564;1.53;4.0;6.0
20578;22565;2.1;3.3;3.5
20579;22566;1.57;4.0;5.5
20580;22567;2.1;3.3;3.5
20581;22568;5.5;3.75;1.62
20582;22569;1.22;6.5;11.0
20583;22570;2.2;3.4;3.2
20584;22571;2.05;3.6;3.4
20585;22572;2.9;3.5;2.3
20586;22573;11.0;4.5;1.33
20587;22574;2.25;3.3;3.2
20588;22575;1.73;3.25;5.5
20589;22576;3.1;3.3;2.3
20590;22577;2.25;3.3;3.1
20591;22578;2.75;3.2;2.6
20592;22579;3.75;4.0;1.83
20593;22580;1.83;3.5;4.33
20594;22581;1.53;4.0;6.0
20595;22582;1.7;3.6;5.0
20596;22583;1.67;3.5;5.5
20597;22584;1.57;4.0;5.5
20598;22585;1.73;3.75;4.5
20599;22586;1.36;4.5;9.0
20600;22587;1.29;5.0;11.0
20601;22588;1.14;7.5;17.0
20602;22589;1.83;2.8;6.0
20603;22590;2.4;3.25;2.9
20604;22591;2.9;3.6;2.3
20605;22592;5.5;4.33;1.53
20606;22593;1.5;4.0;7.0
20607;22594;3.5;3.3;2.1
20608;22595;2.88;3.4;2.1
20609;22596;2.2;3.3;3.25
20610;22597;2.62;2.75;3.1
20611;22598;2.0;3.4;3.75
20612;22599;1.1;9.0;21.0
20613;22600;2.1;3.2;3.6
20614;22601;2.0;3.4;3.75
20615;22602;1.5;4.0;7.0
20616;22603;1.83;3.5;4.33
20617;22604;1.73;3.5;5.0
20618;22605;1.8;3.5;4.5
20619;22606;1.17;7.0;15.0
20620;22607;2.1;3.3;3.5
20621;22608;5.5;3.75;1.62
20622;22609;3.4;3.2;2.2
20623;22610;1.53;3.8;6.5
20624;22611;3.2;3.3;2.25
20625;22612;2.4;3.2;3.0
20626;22613;2.88;3.2;2.5
20627;22614;2.1;3.2;3.6
20628;22615;12.0;5.5;1.25
20629;22616;2.2;3.1;3.5
20630;22617;2.0;3.3;3.8
20631;22618;1.18;6.0;13.0
20632;22619;1.62;3.6;5.0
20633;22620;2.05;3.25;3.4
20634;22621;2.15;3.25;3.1
20635;22622;1.91;3.3;3.75
20636;22623;1.62;3.5;5.5
20637;22624;2.2;3.25;3.0
20638;22625;1.18;6.0;13.0
20639;22626;1.75;3.4;4.33
20640;22627;2.15;3.25;3.1
20641;22628;1.4;4.5;8.0
20642;22629;1.83;3.5;4.33
20643;22630;3.25;3.25;2.2
20644;22631;1.8;3.5;4.5
20645;22632;2.8;3.2;2.5
20646;22633;2.2;3.25;3.25
20647;22634;8.0;4.5;1.4
20648;22635;2.38;3.2;3.0
20649;22636;2.5;3.2;2.8
20650;22637;2.0;3.3;3.75
20651;22638;1.57;3.8;6.0
20652;22639;12.0;5.5;1.25
20653;22640;1.75;3.4;5.0
20654;22641;1.73;3.5;5.0
20655;22642;2.25;3.25;3.2
20656;22643;2.25;3.3;3.2
20657;22644;1.14;7.5;19.0
20658;22645;2.15;3.25;3.5
20659;22646;2.1;3.25;3.6
20660;22647;1.8;3.5;4.5
20661;22648;1.44;4.33;7.5
20662;22649;1.29;5.5;10.5
20663;22650;2.05;3.3;3.6
20664;22651;3.5;3.3;2.1
20665;22652;1.53;3.8;6.5
20666;22653;10.0;5.0;1.3
20667;22654;2.5;3.2;2.8
20668;22655;2.1;3.3;3.5
20669;22656;2.6;3.2;2.7
20670;22657;1.67;3.6;5.5
20671;22658;3.1;3.1;2.4
20672;22659;1.22;6.0;13.0
20673;22660;11.0;5.0;1.3
20674;22661;1.85;3.4;4.33
20675;22662;2.5;3.0;3.0
20676;22663;3.2;3.2;2.3
20677;22664;2.5;3.0;3.0
20678;22665;1.8;3.5;4.5
20679;22666;1.91;3.3;4.2
20680;22667;2.0;3.3;3.8
20681;22668;1.95;3.3;4.0
20682;22669;2.2;3.2;3.4
20683;22670;2.0;3.3;3.8
20684;22671;1.75;3.4;5.0
20685;22672;2.4;3.3;2.88
20686;22673;1.14;7.0;23.0
20687;22674;1.4;4.5;8.0
20688;22675;3.3;3.2;2.25
20689;22676;2.88;3.2;2.5
20690;22677;23.0;7.0;1.14
20691;22678;2.4;3.1;3.1
20692;22679;2.5;3.2;2.8
20693;22680;2.7;3.1;2.7
20694;22681;15.0;5.5;1.22
20695;22682;1.44;4.0;8.0
20696;22683;2.1;3.2;3.6
20697;22684;1.4;4.2;9.0
20698;22685;1.53;3.75;7.0
20699;22686;1.83;3.2;5.0
20700;22687;1.1;8.0;34.0
20701;22688;2.0;3.3;3.75
20702;22689;2.15;3.25;3.4
20703;22690;2.9;3.25;2.4
20704;22691;1.85;3.4;4.4
20705;22692;2.88;3.25;2.45
20706;22693;2.9;3.25;2.4
20707;22694;2.7;3.25;2.6
20708;22695;12.0;5.5;1.25
20709;22696;1.08;10.0;26.0
20710;22697;2.05;3.3;3.6
20711;22698;2.3;3.25;3.1
20712;22699;2.25;3.2;3.25
20713;22700;1.57;3.75;6.0
20714;22701;2.05;3.3;3.6
20715;22702;1.95;3.5;3.8
20716;22703;6.0;4.0;1.53
20717;22704;2.9;3.25;2.4
20718;22705;1.08;10.0;23.0
20719;22706;2.0;3.3;3.75
20720;22707;2.2;3.25;3.3
20721;22708;1.85;3.4;4.33
20722;22709;1.85;3.4;4.33
20723;22710;1.85;3.4;4.33
20724;22711;1.95;3.4;4.0
20725;22712;1.44;4.0;8.0
20726;22713;1.2;6.5;13.0
20727;22714;1.75;3.5;4.75
20728;22715;3.0;3.25;2.35
20729;22716;3.2;3.25;2.25
20730;22717;13.0;6.0;1.22
20731;22718;1.57;3.75;6.0
20732;22719;2.8;3.0;2.7
20733;22720;1.62;3.75;5.5
20734;22721;1.53;3.8;6.5
20735;22722;1.1;8.5;26.0
20736;22723;2.05;3.1;3.25
20737;22724;2.7;3.2;2.6
20738;22725;12.0;6.0;1.22
20739;22726;2.88;3.25;2.45
20740;22727;2.25;3.25;3.2
20741;22728;1.62;3.75;5.5
20742;22729;2.2;3.25;3.4
20743;22730;2.05;3.3;3.75
20744;22731;1.8;3.5;4.5
20745;22732;1.8;3.5;4.5
20746;22733;2.62;3.3;2.6
20747;22734;2.8;3.25;2.5
20748;22735;3.3;3.25;2.2
20749;22736;1.4;4.5;8.0
20750;22737;2.4;3.4;2.88
20751;22738;2.25;3.25;3.2
20752;22739;2.15;3.25;3.4
20753;22740;2.5;3.25;2.8
20754;22741;1.53;3.8;6.8
20755;22742;7.5;4.2;1.45
20756;22743;1.73;3.6;4.75
20757;22744;1.45;4.2;7.5
20758;22745;1.06;11.0;29.0
20759;22746;2.15;3.25;3.4
20760;22747;2.15;3.25;3.4
20761;22748;2.5;3.3;2.8
20762;22749;1.95;3.3;4.0
20763;22750;1.06;11.0;29.0
20764;22751;3.0;3.25;2.38
20765;22752;12.0;5.5;1.25
20766;22753;1.91;3.5;4.0
20767;22754;2.2;3.25;3.3
20768;22755;3.2;3.3;2.25
20769;22756;2.25;3.3;3.2
20770;22757;2.0;3.2;4.0
20771;22758;1.08;9.0;34.0
20772;22759;1.8;3.5;4.5
20773;22760;11.0;5.0;1.3
20774;22761;3.0;3.2;2.4
20775;22762;2.3;3.1;3.2
20776;22763;1.73;3.5;5.0
20777;22764;2.7;3.1;2.7
20778;22765;1.83;3.5;4.4
20779;22766;1.44;4.33;7.0
20780;22767;1.62;3.75;5.5
20781;22768;1.44;4.0;8.0
20782;22769;1.57;3.75;6.0
20783;22770;2.1;3.2;3.6
20784;22771;1.25;5.5;12.0
20785;22772;2.1;3.2;3.6
20786;22773;2.3;3.3;3.1
20787;22774;2.0;3.2;4.0
20788;22775;1.6;3.6;6.0
20789;22776;10.0;5.0;1.3
20790;22777;1.8;3.5;4.5
20791;22778;2.0;3.4;3.75
20792;22779;1.44;4.0;8.0
20793;22780;1.73;3.5;5.0
20794;22781;2.25;3.3;3.2
20795;22782;6.0;3.8;1.57
20796;22783;1.5;4.0;7.0
20797;22784;1.85;3.6;4.0
20798;22785;1.22;6.0;12.0
20799;22786;1.44;4.4;7.0
20800;22787;2.45;3.3;2.8
20801;22788;2.88;3.3;2.4
20802;22789;3.25;3.3;2.2
20803;22790;2.15;3.3;3.4
20804;22791;1.06;12.0;26.0
20805;22792;3.0;3.25;2.38
20806;22793;1.67;3.6;5.5
20807;22794;2.5;3.2;2.88
20808;22795;1.95;3.3;4.0
20809;22796;2.0;3.3;3.75
20810;22797;12.0;6.0;1.22
20811;22798;2.3;3.25;3.1
20812;22799;2.0;3.4;3.75
20813;22800;3.0;3.25;2.38
20814;22801;9.0;5.0;1.33
20815;22802;2.25;3.2;3.3
20816;22803;2.15;3.25;3.4
20817;22804;2.3;3.1;3.3
20818;22805;1.06;12.0;23.0
20819;22806;1.8;3.5;4.5
20820;22807;1.75;3.5;4.75
20821;22808;1.73;3.5;5.0
20822;22809;1.08;10.0;26.0
20823;22810;8.5;4.75;1.36
20824;22811;2.8;3.25;2.5
20825;22812;2.6;3.25;2.7
20826;22813;1.65;3.6;5.6
20827;22814;3.6;3.25;2.1
20828;22815;1.62;3.6;6.0
20829;22816;2.5;3.25;2.8
20830;22817;1.36;4.75;8.5
20831;22818;1.91;3.4;4.0
20832;22819;1.1;9.0;21.0
20833;22820;1.73;3.3;5.5
20834;22821;2.7;3.1;2.7
20835;22822;2.4;3.1;3.1
20836;22823;2.2;3.2;3.4
20837;22824;3.75;3.3;2.0
20838;22825;2.3;3.2;3.2
20839;22826;2.3;3.2;3.2
20840;22827;1.29;5.0;11.0
20841;22828;2.05;3.4;3.5
20842;22829;2.0;3.3;3.75
20843;22830;2.2;3.25;3.3
20844;22831;1.73;3.5;5.0
20845;22832;7.0;4.33;1.44
20846;22833;2.38;3.25;3.0
20847;22834;10.0;5.0;1.3
20848;22835;1.75;3.5;4.75
20849;22836;1.5;4.2;6.5
20850;22837;1.91;3.3;4.2
20851;22838;2.9;3.25;2.4
20852;22839;1.85;3.5;4.33
20853;22840;3.4;3.25;2.15
20854;22841;2.4;3.25;2.9
20855;22842;1.85;3.25;4.6
20856;22843;2.4;3.25;2.9
20857;22844;1.1;9.0;23.0
20858;22845;1.65;3.6;5.5
20859;22846;1.12;8.5;19.0
20860;22847;2.4;3.25;2.9
20861;22848;2.65;3.2;2.62
20862;22849;1.57;3.75;6.0
20863;22850;3.3;3.25;2.2
20864;22851;1.75;3.6;4.5
20865;22852;7.0;4.75;1.4
20866;22853;1.36;4.75;8.0
20867;22854;1.85;3.4;4.33
20868;22855;1.95;3.5;3.75
20869;22856;1.5;4.0;6.6
20870;22857;12.0;5.5;1.25
20871;22858;2.0;3.3;3.75
20872;22859;1.7;3.6;5.0
20873;22860;3.0;3.2;2.4
20874;22861;2.4;3.2;3.0
20875;22862;2.25;3.25;3.2
20876;22863;1.18;6.5;15.0
20877;22864;8.0;4.75;1.36
20878;22865;2.45;3.2;2.88
20879;22866;2.2;3.3;3.25
20880;22867;2.0;3.3;3.75
20881;22868;2.1;3.25;3.6
20882;22869;2.0;3.4;3.8
20883;22870;2.4;3.2;3.0
20884;22871;2.05;3.4;3.6
20885;22872;1.8;3.75;4.2
20886;22873;7.0;4.8;1.4
20887;22874;3.2;3.2;2.3
20888;22875;1.3;5.5;9.5
20889;22876;1.7;4.0;4.5
20890;22877;1.05;13.0;34.0
20891;22878;1.91;3.4;4.0
20892;22879;1.91;3.25;4.4
20893;22880;13.0;7.5;1.17
20894;22881;2.15;3.25;3.4
20895;22882;1.44;4.2;7.5
20896;22883;1.91;3.4;4.0
20897;22884;2.4;3.25;2.95
20898;22885;2.25;3.25;3.2
20899;22886;1.1;9.5;19.0
20900;22887;2.15;3.25;3.4
20901;22888;2.1;3.3;3.5
20902;22889;1.67;3.5;5.5
20903;22890;1.4;4.2;9.0
20904;22891;1.14;7.5;17.0
20905;22892;4.5;3.3;1.85
20906;22893;2.2;3.2;3.4
20907;22894;3.1;3.1;2.4
20908;22895;3.1;3.1;2.4
20909;22896;2.4;3.2;3.0
20910;22897;13.0;6.0;1.22
20911;22898;2.1;3.3;3.5
20912;22899;2.15;3.3;3.4
20913;22900;1.62;3.75;5.6
20914;22901;2.0;3.3;3.75
20915;22902;1.8;3.5;4.5
20916;22903;1.57;3.75;6.0
20917;22904;1.67;3.6;5.25
20918;22905;1.12;8.5;17.0
20919;22906;7.5;4.5;1.4
20920;22907;2.1;3.3;3.5
20921;22908;3.0;3.2;2.4
20922;22909;2.15;3.2;3.5
20923;22910;2.3;3.2;3.1
20924;22911;1.2;6.5;13.0
20925;22912;1.4;4.5;7.5
20926;22913;17.0;6.5;1.17
20927;22914;2.05;3.4;3.6
20928;22915;1.73;3.5;5.0
20929;22916;1.91;3.25;4.33
20930;22917;1.91;3.3;4.2
20931;22918;2.5;3.3;2.8
20932;22919;2.5;3.2;2.9
20933;22920;2.5;3.1;2.9
20934;22921;2.25;3.3;3.2
20935;22922;2.8;3.5;2.4
20936;22923;5.0;4.2;1.62
20937;22924;2.62;3.1;2.75
20938;22925;1.5;4.0;7.0
20939;22926;1.5;4.33;6.0
20940;22927;1.06;12.0;29.0
20941;22928;1.91;3.4;4.0
20942;22929;1.67;3.75;5.0
20943;22930;1.08;10.0;23.0
20944;22931;1.5;4.0;7.0
20945;22932;2.1;3.3;3.5
20946;22933;2.88;3.3;2.38
20947;22934;1.5;4.0;6.5
20948;22935;2.5;3.3;2.75
20949;22936;2.9;3.25;2.4
20950;22937;12.0;6.0;1.22
20951;22938;1.57;3.75;6.0
20952;22939;4.0;3.5;1.91
20953;22940;1.67;3.75;5.0
20954;22941;2.8;3.25;2.5
20955;22942;1.8;3.5;4.5
20956;22943;2.3;3.3;3.1
20957;22944;2.3;3.25;3.1
20958;22945;2.3;3.25;3.1
20959;22946;1.62;3.75;5.5
20960;22947;1.53;4.0;6.0
20961;22948;2.25;3.25;3.2
20962;22949;3.2;3.25;2.25
20963;22950;7.0;5.5;1.36
20964;22951;1.8;3.5;4.6
20965;22952;2.0;3.3;3.75
20966;22953;1.62;3.8;5.5
20967;22954;1.55;4.0;6.0
20968;22955;1.85;3.4;4.33
20969;22956;3.1;3.4;2.25
20970;22957;1.25;6.5;9.5
20971;22958;2.1;3.2;3.6
20972;22959;1.36;4.8;8.0
20973;22960;1.73;3.5;5.0
20974;22961;1.57;3.75;6.0
20975;22962;1.95;3.1;4.33
20976;22963;1.14;7.0;21.0
20977;22964;1.91;3.3;4.2
20978;22965;1.91;3.3;4.2
20979;22966;2.38;3.1;3.1
20980;22967;8.0;4.8;1.36
20981;22968;2.3;3.3;3.1
20982;22969;5.0;3.75;1.67
20983;22970;2.9;3.1;2.5
20984;22971;2.9;3.1;2.5
20985;22972;1.67;3.75;5.0
20986;22973;9.0;5.0;1.33
20987;22974;5.5;3.75;1.62
20988;22975;1.22;6.0;12.0
20989;22976;1.33;5.0;9.0
20990;22977;1.83;3.4;4.5
20991;22978;2.2;3.3;3.3
20992;22979;1.44;4.0;8.0
20993;22980;3.3;3.3;2.2
20994;22981;1.95;3.3;4.0
20995;22982;3.3;3.3;2.2
20996;22983;3.2;3.2;2.3
20997;22984;11.0;6.5;1.22
20998;22985;1.1;9.0;21.0
20999;22986;2.1;3.2;3.6
21000;22987;1.57;3.8;6.0
21001;22988;1.62;3.75;5.5
21002;22989;13.0;6.0;1.22
21003;22990;2.7;3.1;2.7
21004;22991;1.67;3.5;5.5
21005;22992;1.91;3.3;4.2
21006;22993;2.1;3.2;3.6
21007;22994;1.44;4.0;8.0
21008;22995;1.67;3.6;5.5
21009;22996;2.1;3.2;3.6
21010;22997;7.0;4.8;1.4
21011;22998;2.2;3.3;3.2
21012;22999;1.1;8.5;26.0
21013;23000;2.3;3.2;3.2
21014;23001;3.3;3.2;2.2
21015;23002;2.3;3.2;3.2
21016;23003;2.5;3.2;2.8
21017;23004;2.1;3.2;3.6
21018;23005;2.2;3.2;3.3
21019;23006;2.1;3.2;3.6
21020;23007;1.22;6.5;11.0
21021;23008;1.57;3.75;6.0
21022;23009;2.15;3.25;3.4
21023;23010;1.33;4.75;9.5
21024;23011;1.53;3.8;6.5
21025;23012;1.8;3.4;4.75
21026;23013;1.8;3.5;4.5
21027;23014;13.0;7.0;1.18
21028;23015;2.5;3.25;2.8
21029;23016;10.0;5.25;1.29
21030;23017;1.95;3.75;3.6
21031;23018;3.4;3.3;2.15
21032;23019;2.4;3.25;2.9
21033;23020;2.25;3.25;3.2
21034;23021;3.2;3.25;2.25
21035;23022;1.08;9.5;26.0
21036;23023;1.83;3.5;4.33
21037;23024;3.0;3.25;2.35
21038;23025;1.36;4.5;9.0
21039;23026;2.0;3.3;3.75
21040;23027;1.12;8.0;19.0
21041;23028;2.25;3.2;3.3
21042;23029;2.6;3.0;2.9
21043;23030;1.44;4.2;7.5
21044;23031;1.91;3.3;4.2
21045;23032;1.67;3.75;5.0
21046;23033;7.0;4.33;1.44
21047;23034;1.17;7.5;13.0
21048;23035;1.91;3.4;4.0
21049;23036;1.73;3.5;5.0
21050;23037;2.0;3.3;3.75
21051;23038;1.91;3.5;4.0
21052;23039;1.25;5.5;10.0
21053;23040;1.07;11.0;29.0
21054;23041;1.7;3.75;4.8
21055;23042;3.1;3.3;2.3
21056;23043;2.2;3.3;3.3
21057;23044;2.25;3.3;3.2
21058;23045;2.05;3.25;3.8
21059;23046;2.15;3.3;3.4
21060;23047;2.1;3.25;3.6
21061;23048;1.44;4.33;7.0
21062;23049;1.91;3.5;4.0
21063;23050;2.1;3.2;3.6
21064;23051;2.62;3.1;2.75
21065;23052;2.0;3.3;3.8
21066;23053;2.4;3.2;3.0
21067;23054;1.53;3.75;7.0
21068;23055;1.1;9.0;23.0
21069;23056;2.1;3.2;3.6
21070;23057;1.1;9.0;23.0
21071;23058;1.62;3.6;6.0
21072;23059;1.91;3.1;4.5
21073;23060;3.1;3.1;2.4
21074;23061;1.4;4.0;9.0
21075;23062;1.75;3.4;5.0
21076;23063;2.6;3.1;2.8
21077;23064;11.0;4.5;1.33
21078;23065;2.05;3.4;3.6
21079;23066;12.0;5.5;1.25
21080;23067;2.4;3.1;3.1
21081;23068;1.83;3.5;4.33
21082;23069;2.88;3.2;2.5
21083;23070;1.5;4.0;7.0
21084;23071;2.05;3.3;3.6
21085;23072;4.4;3.6;1.8
21086;23073;1.67;3.75;5.0
21087;23074;1.17;8.0;12.0
21088;23075;2.05;3.4;3.5
21089;23076;1.1;9.0;23.0
21090;23077;1.91;3.4;4.0
21091;23078;1.8;3.5;4.6
21092;23079;2.15;3.2;3.5
21093;23080;2.2;3.1;3.5
21094;23081;1.91;3.3;4.2
21095;23082;1.67;3.5;5.5
21096;23083;11.0;5.0;1.3
21097;23084;1.73;3.6;4.8
21098;23085;12.0;5.0;1.29
21099;23086;2.2;3.2;3.4
21100;23087;2.2;3.3;3.3
21101;23088;1.91;3.6;3.75
21102;23089;1.57;3.75;6.0
21103;23090;2.55;3.3;2.7
21104;23091;2.1;3.4;3.5
21105;23092;1.73;3.8;4.6
21106;23093;1.44;4.33;7.0
21107;23094;2.2;3.3;3.25
21108;23095;1.1;9.5;21.0
21109;23096;2.0;3.4;3.8
21110;23097;1.95;3.4;3.8
21111;23098;2.7;3.1;2.7
21112;23099;1.95;3.3;4.0
21113;23100;1.5;4.0;7.0
21114;23101;2.8;3.3;2.5
21115;23102;9.0;5.5;1.3
21116;23103;1.29;5.5;10.0
21117;23104;9.0;5.0;1.33
21118;23105;1.91;3.4;4.0
21119;23106;2.1;3.2;3.6
21120;23107;2.25;3.2;3.2
21121;23108;1.1;10.0;17.0
21122;23109;2.3;3.3;3.1
21123;23110;1.3;5.5;8.5
21124;23111;2.05;3.4;3.5
21125;23112;2.45;3.3;2.8
21126;23113;2.05;3.25;3.75
21127;23114;1.44;4.5;7.0
21128;23115;1.95;3.4;3.9
21129;23116;2.5;3.3;2.75
21130;23117;2.1;3.3;3.5
21131;23118;1.67;3.75;5.0
21132;23119;2.0;3.2;4.0
21133;23120;2.38;3.4;2.9
21134;23121;5.5;3.75;1.62
21135;23122;1.83;3.6;4.2
21136;23123;12.0;5.5;1.25
21137;23124;1.29;5.0;11.0
21138;23125;1.8;3.5;4.5
21139;23126;1.83;3.5;4.33
21140;23127;2.25;3.4;3.1
21141;23128;2.3;3.1;3.3
21142;23129;3.25;3.0;2.38
21143;23130;1.57;3.75;6.0
21144;23131;1.2;6.5;12.0
21145;23132;3.1;3.1;2.4
21146;23133;1.11;9.0;21.0
21147;23134;2.0;3.4;3.8
21148;23135;3.3;3.3;2.2
21149;23136;2.25;3.2;3.3
21150;23137;2.3;3.3;3.1
21151;23138;1.95;3.2;4.2
21152;23139;2.1;3.3;3.5
21153;23140;6.0;4.0;1.53
21154;23141;1.85;3.3;4.5
21155;23142;7.5;4.2;1.44
21156;23143;2.3;3.1;3.3
21157;23144;2.1;3.2;3.6
21158;23145;1.36;4.5;9.0
21159;23146;2.0;3.3;3.8
21160;23147;1.95;3.6;3.75
21161;23148;1.7;3.75;4.8
21162;23149;1.62;3.75;5.5
21163;23150;2.1;3.25;3.6
21164;23151;1.73;3.5;5.0
21165;23152;1.83;3.5;4.33
21166;23153;2.0;3.3;3.75
21167;23154;12.0;6.0;1.22
21168;23155;1.5;4.0;6.5
21169;23156;9.5;5.5;1.29
21170;23157;2.9;3.3;2.38
21171;23158;1.95;3.3;4.0
21172;23159;1.33;4.5;11.0
21173;23160;2.1;3.2;3.6
21174;23161;1.91;3.4;4.0
21175;23162;1.67;3.5;5.5
21176;23163;11.0;5.0;1.3
21177;23164;2.1;3.2;3.6
21178;23165;4.33;3.5;1.83
21179;23166;2.7;3.1;2.7
21180;23167;2.25;3.1;3.4
21181;23168;2.3;3.2;3.2
21182;23169;3.0;3.0;2.5
21183;23170;2.0;3.3;3.8
21184;23171;2.2;3.2;3.4
21185;23172;3.0;3.0;2.5
21186;23173;2.25;3.2;3.3
21187;23174;1.1;9.0;21.0
21188;23175;3.0;3.0;2.5
21189;23176;1.17;7.0;15.0
21190;23177;1.44;4.0;8.0
21191;23178;1.4;4.5;7.5
21192;23179;2.35;3.25;3.0
21193;23180;2.05;3.4;3.5
21194;23181;1.53;4.0;6.0
21195;23182;1.75;3.5;4.75
21196;23183;2.1;3.2;3.6
21197;23184;7.0;4.33;1.44
21198;23185;1.95;3.4;4.0
21199;23186;9.0;5.0;1.33
21200;23187;1.5;4.33;6.5
21201;23188;3.3;3.2;2.2
21202;23189;1.91;3.2;4.33
21203;23190;1.8;3.25;5.0
21204;23191;2.62;3.1;2.8
21205;23192;2.5;3.2;2.8
21206;23193;2.2;3.3;3.3
21207;23194;2.8;3.1;2.62
21208;23195;1.12;8.0;21.0
21209;23196;2.1;3.2;3.6
21210;23197;1.4;4.5;8.0
21211;23198;3.4;3.4;2.1
21212;23199;2.1;3.2;3.6
21213;23200;1.91;3.5;4.0
21214;23201;1.7;3.4;5.5
21215;23202;2.0;3.2;4.0
21216;23203;1.4;4.5;8.0
21217;23204;2.2;3.3;3.3
21218;23205;12.0;5.0;1.29
21219;23206;1.36;4.8;8.5
21220;23207;1.22;5.5;15.0
21221;23208;1.8;3.2;5.0
21222;23209;1.4;4.2;9.0
21223;23210;2.6;3.1;2.8
21224;23211;2.15;3.4;3.25
21225;23212;2.05;3.1;4.0
21226;23213;3.1;3.1;2.4
21227;23214;2.25;3.2;3.2
21228;23215;1.91;3.2;4.33
21229;23216;1.2;6.0;15.0
21230;23217;9.0;4.5;1.36
21231;23218;1.85;3.3;4.5
21232;23219;2.8;3.1;2.62
21233;23220;1.85;3.3;4.5
21234;23221;2.4;3.1;3.1
21235;23222;1.57;3.8;6.0
21236;23223;1.91;3.4;4.0
21237;23224;2.05;3.2;3.8
21238;23225;1.5;4.0;7.0
21239;23226;3.0;3.2;2.4
21240;23227;2.4;3.1;3.1
21241;23228;1.95;3.3;4.0
21242;23229;2.4;3.1;3.1
21243;23230;1.57;3.5;7.0
21244;23231;1.85;3.4;4.33
21245;23232;2.62;3.1;2.8
21246;23233;2.25;3.1;3.4
21247;23234;2.15;3.2;3.5
21248;23235;3.1;3.1;2.4
21249;23236;8.0;4.0;1.44
21250;23237;1.14;7.0;21.0
21251;23238;2.0;3.1;4.2
21252;23239;1.67;3.4;6.0
21253;23240;3.5;3.1;2.2
21254;23241;1.67;3.4;6.0
21255;23242;2.4;3.1;3.1
21256;23243;2.0;3.1;4.2
21257;23244;1.44;4.0;8.0
21258;23245;1.14;7.0;21.0
21259;23246;2.3;3.3;3.1
21260;23247;1.14;7.0;21.0
21261;23248;1.91;3.4;4.0
21262;23249;2.7;3.1;2.7
21263;23250;2.25;3.2;3.25
21264;23251;1.8;3.5;4.5
21265;23252;1.85;3.4;4.33
21266;23253;1.75;3.6;4.75
21267;23254;3.4;3.25;2.15
21268;23255;8.0;4.0;1.44
21269;23256;2.0;3.4;3.75
21270;23257;8.0;4.5;1.4
21271;23258;3.2;3.2;2.3
21272;23259;2.05;3.4;3.6
21273;23260;2.2;3.2;3.4
21274;23261;2.62;3.2;2.7
21275;23262;2.05;3.4;3.5
21276;23263;2.0;3.4;3.75
21277;23264;1.22;6.0;13.0
21278;23265;2.1;3.3;3.5
21279;23266;1.08;10.0;23.0
21280;23267;2.75;3.3;2.5
21281;23268;1.7;3.4;5.5
21282;23269;2.05;3.1;4.0
21283;23270;1.44;4.0;8.0
21284;23271;3.5;3.3;2.1
21285;23272;2.3;3.4;3.0
21286;23273;1.62;3.6;6.0
21287;23274;1.14;7.5;17.0
21288;23275;2.0;3.3;3.8
21289;23276;1.22;5.5;15.0
21290;23277;2.1;3.3;3.5
21291;23278;2.6;3.2;2.75
21292;23279;2.05;3.2;3.8
21293;23280;3.1;3.1;2.4
21294;23281;2.4;3.1;3.1
21295;23282;1.36;4.5;9.0
21296;23283;2.5;3.4;2.75
21297;23284;6.0;4.0;1.53
21298;23285;2.25;3.2;3.3
21299;23286;7.0;4.33;1.44
21300;23287;2.1;3.3;3.5
21301;23288;3.1;3.1;2.4
21302;23289;1.67;3.4;6.0
21303;23290;2.3;3.1;3.3
21304;23291;2.2;3.3;3.3
21305;23292;2.5;3.2;2.8
21306;23293;1.3;5.0;11.0
21307;23294;2.15;3.3;3.4
21308;23295;1.22;6.0;13.0
21309;23296;2.0;3.3;3.8
21310;23297;2.25;3.4;3.1
21311;23298;1.8;3.6;4.33
21312;23299;2.3;3.3;3.1
21313;23300;1.67;3.5;5.5
21314;23301;2.0;3.3;3.8
21315;23302;3.0;3.2;2.4
21316;23303;2.7;3.1;2.7
21317;23304;2.0;3.3;3.8
21318;23305;5.0;3.5;1.73
21319;23306;2.2;3.3;3.3
21320;23307;2.25;3.1;3.4
21321;23308;1.44;4.2;7.5
21322;23309;3.75;3.25;2.05
21323;23310;2.5;3.0;3.0
21324;23311;1.6;3.6;6.0
21325;23312;1.17;6.5;21.0
21326;23313;3.75;3.0;2.15
21327;23314;1.25;5.5;12.0
21328;23315;2.3;3.4;3.0
21329;23316;1.73;3.75;4.5
21330;23317;2.15;3.1;3.6
21331;23318;3.6;3.3;2.05
21332;23319;1.91;3.5;4.0
21333;23320;1.44;4.4;7.0
21334;23321;2.7;3.1;2.7
21335;23322;6.0;4.0;1.53
21336;23323;2.5;3.2;2.8
21337;23324;3.8;3.5;1.95
21338;23325;1.91;3.6;3.75
21339;23326;1.83;3.6;4.2
21340;23327;2.88;3.2;2.5
21341;23328;4.33;3.6;1.8
21342;23329;2.15;3.0;3.8
21343;23330;1.91;3.8;3.6
21344;23331;1.2;6.0;15.0
21345;23332;1.62;3.8;5.5
21346;23333;1.3;5.0;10.0
21347;23334;3.3;3.2;2.25
21348;23335;2.62;3.2;2.7
21349;23336;1.91;3.5;4.0
21350;23337;2.62;3.1;2.8
21351;23338;2.15;3.4;3.3
21352;23339;1.25;5.5;12.0
21353;23340;2.5;3.2;2.8
21354;23341;2.5;3.5;2.62
21355;23342;2.4;3.4;2.8
21356;23343;5.5;3.75;1.62
21357;23344;2.8;3.2;2.5
21358;23345;1.67;3.75;5.0
21359;23346;2.05;3.3;3.6
21360;23347;1.44;4.33;7.0
21361;23348;1.44;4.33;7.0
21362;23349;2.05;3.4;3.5
21363;23350;3.25;3.4;2.15
21364;23351;1.25;5.5;11.0
21365;23352;2.6;3.4;2.6
21366;23353;1.29;5.5;10.0
21367;23354;1.5;4.0;6.5
21368;23355;2.2;3.5;3.1
21369;23356;3.2;3.4;2.2
21370;23357;2.1;3.4;3.4
21371;23358;1.35;4.8;9.0
21372;23359;2.05;3.4;3.6
21373;23360;2.25;3.3;3.2
21374;23361;1.67;3.6;5.5
21375;23362;1.85;3.5;4.33
21376;23363;2.25;3.2;3.3
21377;23364;1.5;4.2;6.5
21378;23365;10.0;5.5;1.29
21379;23366;2.25;3.2;3.3
21380;23367;5.0;4.2;1.62
21381;23368;1.36;4.33;10.0
21382;23369;2.0;3.2;4.0
21383;23370;2.4;3.1;3.1
21384;23371;2.3;3.1;3.3
21385;23372;2.38;3.1;3.1
21386;23373;2.8;3.1;2.62
21387;23374;2.1;3.1;3.75
21388;23375;1.07;10.0;51.0
21389;23376;2.7;3.1;2.7
21390;23377;9.0;5.0;1.33
21391;23378;1.85;3.3;4.5
21392;23379;3.75;3.1;2.1
21393;23380;1.75;3.5;4.8
21394;23381;2.4;3.1;3.1
21395;23382;2.05;3.2;3.75
21396;23383;1.44;4.0;8.0
21397;23384;2.2;3.1;3.5
21398;23385;2.3;3.1;3.25
21399;23386;6.0;3.6;1.6
21400;23387;1.12;8.0;21.0
21401;23388;1.91;3.5;4.0
21402;23389;1.73;3.75;4.75
21403;23390;1.95;3.4;4.0
21404;23391;1.85;3.4;4.33
21405;23392;3.3;3.25;2.2
21406;23393;2.35;3.3;3.0
21407;23394;1.91;3.5;4.0
21408;23395;2.75;3.4;2.5
21409;23396;1.83;4.0;3.75
21410;23397;2.38;3.4;2.9
21411;23398;1.95;3.4;3.8
21412;23399;1.53;3.8;6.5
21413;23400;3.6;3.3;2.05
21414;23401;2.0;3.3;3.75
21415;23402;1.62;3.75;5.5
21416;23403;1.85;3.4;4.33
21417;23404;1.91;3.4;4.0
21418;23405;1.62;3.75;5.5
21419;23406;1.08;9.5;26.0
21420;23407;10.0;5.0;1.3
21421;23408;2.88;3.25;2.45
21422;23409;2.1;3.3;3.5
21423;23410;1.3;5.0;10.0
21424;23411;2.88;3.4;2.38
21425;23412;1.85;3.5;4.2
21426;23413;2.05;3.3;3.75
21427;23414;3.0;3.25;2.38
21428;23415;9.0;4.5;1.36
21429;23416;1.95;3.4;3.8
21430;23417;10.0;5.5;1.29
21431;23418;2.15;3.25;3.5
21432;23419;1.17;7.5;15.0
21433;23420;2.15;3.25;3.5
21434;23421;2.5;3.3;2.8
21435;23422;2.5;3.2;2.9
21436;23423;1.75;3.75;4.5
21437;23424;2.25;3.3;3.2
21438;23425;2.8;3.3;2.5
21439;23426;1.08;11.0;23.0
21440;23427;1.55;4.0;6.0
21441;23428;2.05;3.4;3.5
21442;23429;2.7;3.1;2.7
21443;23430;2.0;3.2;4.0
21444;23431;1.3;5.0;11.0
21445;23432;2.5;3.0;3.0
21446;23433;1.75;3.4;5.0
21447;23434;1.83;3.4;4.5
21448;23435;1.57;3.8;6.0
21449;23436;2.1;3.2;3.7
21450;23437;1.57;3.8;6.0
21451;23438;1.53;3.9;6.5
21452;23439;1.62;3.75;5.5
21453;23440;6.0;3.75;1.57
21454;23441;1.91;3.4;4.0
21455;23442;1.95;3.25;4.2
21456;23443;10.0;6.0;1.25
21457;23444;1.22;6.0;13.0
21458;23445;2.15;3.2;3.5
21459;23446;2.9;3.1;2.5
21460;23447;1.44;4.33;7.0
21461;23448;2.62;3.1;2.8
21462;23449;3.3;3.2;2.25
21463;23450;1.33;4.5;11.0
21464;23451;2.05;3.2;3.8
21465;23452;2.05;3.2;3.8
21466;23453;1.11;9.0;21.0
21467;23454;1.6;3.6;6.0
21468;23455;11.0;5.0;1.3
21469;23456;1.67;3.5;5.5
21470;23457;2.25;3.2;3.3
21471;23458;2.1;3.25;3.6
21472;23459;3.5;3.25;2.15
21473;23460;1.57;4.0;5.5
21474;23461;2.3;3.2;3.2
21475;23462;10.0;5.5;1.29
21476;23463;2.38;3.4;2.9
21477;23464;1.85;3.75;4.0
21478;23465;1.17;8.0;13.0
21479;23466;2.15;3.25;3.5
21480;23467;1.55;4.0;6.0
21481;23468;3.0;3.0;2.5
21482;23469;1.29;5.0;11.0
21483;23470;3.4;3.2;2.2
21484;23471;2.62;3.2;2.7
21485;23472;1.17;6.5;21.0
21486;23473;1.75;3.4;5.0
21487;23474;2.5;3.0;3.0
21488;23475;1.73;3.5;5.0
21489;23476;9.0;5.0;1.33
21490;23477;2.05;3.25;3.8
21491;23478;7.0;3.75;1.53
21492;23479;1.91;3.3;4.33
21493;23480;1.5;4.0;7.0
21494;23481;5.5;3.5;1.67
21495;23482;2.9;3.0;2.62
21496;23483;1.95;3.3;4.0
21497;23484;2.3;3.1;3.3
21498;23485;1.95;3.3;4.0
21499;23486;1.14;7.0;21.0
21500;23487;1.5;4.0;7.0
21501;23488;1.4;4.0;10.0
21502;23489;2.25;3.1;3.4
21503;23490;2.05;3.2;3.75
21504;23491;1.29;5.5;10.0
21505;23492;2.1;3.2;3.6
21506;23493;2.1;3.2;3.6
21507;23494;1.8;3.5;4.5
21508;23495;2.5;3.1;2.9
21509;23496;2.5;3.1;2.9
21510;23497;10.0;6.0;1.25
21511;23498;1.17;6.5;17.0
21512;23499;2.3;3.1;3.2
21513;23500;7.0;4.33;1.44
21514;23501;1.91;3.4;4.0
21515;23502;1.5;4.0;7.0
21516;23503;2.7;3.1;2.7
21517;23504;1.75;3.5;4.8
21518;23505;1.8;3.2;5.0
21519;23506;1.91;3.4;4.0
21520;23507;5.5;3.75;1.62
21521;23508;1.5;4.0;7.0
21522;23509;7.0;3.75;1.53
21523;23510;1.1;8.0;34.0
21524;23511;1.57;3.8;6.0
21525;23512;3.3;3.3;2.2
21526;23513;2.2;3.3;3.3
21527;23514;2.5;3.2;2.8
21528;23515;2.4;3.1;3.1
21529;23516;2.5;3.1;3.0
21530;23517;1.1;8.0;34.0
21531;23518;2.62;3.1;2.8
21532;23519;3.3;3.1;2.25
21533;23520;3.2;3.3;2.25
21534;23521;2.1;3.1;3.8
21535;23522;2.0;3.2;4.0
21536;23523;1.4;4.5;8.0
21537;23524;2.05;3.1;4.0
21538;23525;1.83;3.3;4.5
21539;23526;8.0;5.0;1.36
21540;23527;2.9;3.25;2.45
21541;23528;3.2;3.3;2.25
21542;23529;1.75;3.6;4.75
21543;23530;8.0;5.5;1.33
21544;23531;1.67;3.6;5.5
21545;23532;1.83;3.5;4.4
21546;23533;3.2;3.3;2.25
21547;23534;1.33;5.0;9.0
21548;23535;3.4;3.3;2.15
21549;23536;12.0;7.0;1.2
21550;23537;1.85;3.5;4.33
21551;23538;2.0;3.4;3.75
21552;23539;11.0;5.0;1.29
21553;23540;2.05;3.25;3.8
21554;23541;1.36;4.5;9.0
21555;23542;1.35;4.8;9.0
21556;23543;3.1;3.3;2.3
21557;23544;2.3;3.2;3.2
21558;23545;1.36;4.8;8.5
21559;23546;13.0;7.5;1.18
21560;23547;2.75;3.2;2.6
21561;23548;1.62;3.6;6.0
21562;23549;2.1;3.3;3.6
21563;23550;1.08;9.0;34.0
21564;23551;3.3;3.2;2.25
21565;23552;4.0;3.2;2.0
21566;23553;2.5;3.2;2.8
21567;23554;1.53;3.75;7.0
21568;23555;8.0;4.0;1.44
21569;23556;1.4;4.5;8.0
21570;23557;1.08;9.0;34.0
21571;23558;2.38;3.1;3.1
21572;23559;2.1;3.25;3.6
21573;23560;5.0;3.75;1.67
21574;23561;1.4;4.5;8.0
21575;23562;2.0;3.2;4.0
21576;23563;2.0;3.2;4.0
21577;23564;1.36;4.5;9.0
21578;23565;2.2;3.2;3.4
21579;23566;3.0;3.0;2.5
21580;23567;1.14;7.0;21.0
21581;23568;1.5;3.6;8.0
21582;23569;1.85;3.4;4.4
21583;23570;3.3;3.1;2.3
21584;23571;1.4;4.2;9.0
21585;23572;2.25;3.1;3.4
21586;23573;2.2;3.0;3.6
21587;23574;12.0;4.33;1.33
21588;23575;1.44;3.75;10.0
21589;23576;2.5;3.1;2.9
21590;23577;6.0;4.0;1.53
21591;23578;2.2;3.1;3.5
21592;23579;1.62;3.8;5.5
21593;23580;1.57;3.75;6.5
21594;23581;11.0;5.0;1.3
21595;23582;2.15;3.2;3.6
21596;23583;1.2;6.0;15.0
21597;23584;2.1;3.0;4.0
21598;23585;2.7;3.1;2.7
21599;23586;1.08;11.0;23.0
21600;23587;2.1;3.4;3.4
21601;23588;1.53;3.75;7.0
21602;23589;3.1;3.1;2.4
21603;23590;2.62;3.0;2.9
21604;23591;1.75;3.4;5.0
21605;23592;1.08;10.0;26.0
21606;23593;7.0;3.75;1.53
21607;23594;2.05;3.1;4.0
21608;23595;2.7;3.1;2.7
21609;23596;8.0;4.5;1.4
21610;23597;3.2;3.2;2.3
21611;23598;1.4;4.5;8.0
21612;23599;1.4;4.5;8.0
21613;23600;2.7;3.1;2.7
21614;23601;2.4;3.1;3.1
21615;23602;3.8;3.0;2.15
21616;23603;2.4;3.1;3.1
21617;23604;1.85;3.3;4.5
21618;23605;1.06;11.0;41.0
21619;23606;2.0;3.2;4.0
21620;23607;3.5;3.1;2.2
21621;23608;2.3;3.3;3.1
21622;23609;2.88;3.4;2.38
21623;23610;1.91;3.4;4.0
21624;23611;1.8;3.5;4.5
21625;23612;4.0;3.3;1.95
21626;23613;1.07;10.0;34.0
21627;23614;2.3;3.3;3.1
21628;23615;15.0;5.5;1.22
21629;23616;3.5;3.2;2.15
21630;23617;1.5;4.33;6.0
21631;23618;2.2;3.3;3.3
21632;23619;2.15;3.25;3.4
21633;23620;2.4;3.1;3.1
21634;23621;1.33;4.5;11.0
21635;23622;2.6;3.0;2.9
21636;23623;12.0;5.0;1.29
21637;23624;1.06;11.0;41.0
21638;23625;1.5;4.0;7.0
21639;23626;1.85;3.3;4.5
21640;23627;2.15;3.2;3.5
21641;23628;2.1;3.2;3.6
21642;23629;1.36;4.5;9.0
21643;23630;2.05;3.1;4.0
21644;23631;6.0;3.6;1.62
21645;23632;1.7;3.25;6.0
21646;23633;2.0;3.25;4.0
21647;23634;2.3;3.2;3.2
21648;23635;2.8;3.2;2.5
21649;23636;2.4;3.1;3.1
21650;23637;3.4;3.1;2.25
21651;23638;2.05;3.4;3.6
21652;23639;2.25;3.2;3.3
21653;23640;1.17;7.5;15.0
21654;23641;2.62;3.1;2.8
21655;23642;2.25;3.2;3.3
21656;23643;2.05;3.4;3.6
21657;23644;2.8;3.3;2.5
21658;23645;1.83;3.75;4.0
21659;23646;1.6;4.0;5.5
21660;23647;5.5;4.33;1.55
21661;23648;3.3;3.2;2.25
21662;23649;4.2;3.3;1.91
21663;23650;1.22;5.5;15.0
21664;23651;2.4;3.1;3.1
21665;23652;2.5;3.1;2.9
21666;23653;1.05;11.0;51.0
21667;23654;5.5;4.0;1.57
21668;23655;1.91;3.5;4.0
21669;23656;1.5;3.8;7.5
21670;23657;3.6;3.4;2.05
21671;23658;1.44;4.0;8.0
21672;23659;1.5;3.75;7.5
21673;23660;2.9;3.1;2.5
21674;23661;1.91;3.1;4.5
21675;23662;2.2;3.1;3.5
21676;23663;9.0;4.5;1.36
21677;23664;3.1;3.1;2.4
21678;23665;1.06;11.0;34.0
21679;23666;3.1;3.1;2.4
21680;23667;1.91;3.25;4.33
21681;23668;2.2;3.0;3.75
21682;23669;1.55;3.6;7.0
21683;23670;4.0;3.3;1.95
21684;23671;2.05;3.25;3.8
21685;23672;1.06;12.0;26.0
21686;23673;1.75;3.5;5.0
21687;23674;2.25;3.25;3.25
21688;23675;5.0;4.2;1.6
21689;23676;2.3;3.0;3.4
21690;23677;3.0;3.1;2.5
21691;23678;1.62;3.5;6.0
21692;23679;8.0;4.0;1.44
21693;23680;1.5;4.0;7.0
21694;23681;1.5;4.0;7.0
21695;23682;11.0;5.0;1.29
21696;23683;3.25;3.25;2.25
21697;23684;1.83;3.5;4.33
21698;23685;2.5;3.2;2.8
21699;23686;1.06;11.0;34.0
21700;23687;2.05;3.3;3.6
21701;23688;1.2;6.0;15.0
21702;23689;2.4;3.1;3.1
21703;23690;2.8;3.25;2.5
21704;23691;1.25;6.0;11.0
21705;23692;1.4;4.5;8.0
21706;23693;2.0;3.4;3.75
21707;23694;1.67;3.75;5.0
21708;23695;2.5;3.2;2.8
21709;23696;15.0;7.0;1.17
21710;23697;2.8;3.1;2.6
21711;23698;4.5;3.3;1.83
21712;23699;1.67;3.4;6.0
21713;23700;2.15;3.2;3.5
21714;23701;7.5;4.2;1.44
21715;23702;1.95;3.4;4.0
21716;23703;2.3;3.2;3.2
21717;23704;3.3;3.3;2.2
21718;23705;1.7;3.6;5.0
21719;23706;1.83;3.4;4.5
21720;23707;1.06;11.0;34.0
21721;23708;15.0;5.0;1.25
21722;23709;2.3;3.2;3.2
21723;23710;1.08;11.0;34.0
21724;23711;1.8;3.75;4.2
21725;23712;3.75;3.6;1.91
21726;23713;1.44;4.0;8.0
21727;23714;1.62;3.6;6.0
21728;23715;2.05;3.2;3.8
21729;23716;1.95;3.3;4.0
21730;23717;1.14;7.5;19.0
21731;23718;3.3;3.2;2.25
21732;23719;1.2;6.0;15.0
21733;23720;12.0;5.5;1.25
21734;23721;1.91;3.4;4.0
21735;23722;1.62;3.8;5.5
21736;23723;1.8;3.6;4.33
21737;23724;1.91;3.4;4.0
21738;23725;3.6;3.3;2.05
21739;23726;2.4;3.1;3.1
21740;23727;7.0;4.33;1.44
21741;23728;1.91;3.5;4.0
21742;23729;1.83;3.6;4.2
21743;23730;1.7;4.0;4.5
21744;23731;3.75;3.1;2.1
21745;23732;1.95;3.75;3.6
21746;23733;2.3;3.5;2.88
21747;23734;2.05;3.5;3.5
21748;23735;1.4;4.75;7.5
21749;23736;1.36;5.0;8.0
21750;23737;1.83;3.8;4.0
21751;23738;2.7;3.3;2.6
21752;23739;2.4;3.1;3.1
21753;23740;1.73;3.8;4.6
21754;23741;5.5;4.0;1.57
21755;23742;1.95;3.4;4.0
21756;23743;2.3;3.2;3.2
21757;23744;1.25;5.5;12.0
21758;23745;3.1;3.3;2.3
21759;23746;1.95;3.6;3.75
21760;23747;1.17;7.5;13.0
21761;23748;1.75;3.75;4.5
21762;23749;2.38;3.4;2.9
21763;23750;2.7;3.3;2.6
21764;23751;1.11;9.0;17.0
21765;23752;2.05;3.25;3.8
21766;23753;5.5;3.6;1.67
21767;23754;1.95;3.5;3.8
21768;23755;1.91;3.5;4.0
21769;23756;12.0;7.0;1.2
21770;23757;1.8;3.6;4.4
21771;23758;3.2;3.2;2.3
21772;23759;2.0;3.3;3.8
21773;23760;1.75;3.4;5.0
21774;23761;2.25;3.2;3.3
21775;23762;11.0;5.0;1.3
21776;23763;1.2;6.5;15.0
21777;23764;2.15;3.2;3.5
21778;23765;1.7;3.8;4.8
21779;23766;1.14;7.0;21.0
21780;23767;1.5;4.4;6.0
21781;23768;2.7;3.1;2.7
21782;23769;2.5;3.2;2.8
21783;23770;1.75;3.4;5.0
21784;23771;1.95;3.2;4.2
21785;23772;1.75;3.4;5.0
21786;23773;2.15;3.1;3.6
21787;23774;2.8;3.2;2.5
21788;23775;15.0;7.0;1.17
21789;23776;2.25;3.2;3.2
21790;23777;1.36;4.5;9.0
21791;23778;2.2;3.3;3.3
21792;23779;1.44;4.33;7.0
21793;23780;2.5;3.2;2.8
21794;23781;2.5;3.2;2.9
21795;23782;1.25;5.0;15.0
21796;23783;10.0;5.0;1.36
21797;23784;1.57;3.6;6.5
21798;23785;1.12;9.0;26.0
21799;23786;1.53;3.8;6.5
21800;23787;3.0;3.0;2.5
21801;23788;2.3;3.2;3.1
21802;23789;2.2;3.4;3.2
21803;23790;1.8;3.5;4.5
21804;23791;4.5;3.5;1.8
21805;23792;2.15;3.3;3.4
21806;23793;1.2;6.5;13.0
21807;23794;10.0;6.0;1.25
21808;23795;2.8;3.3;2.5
21809;23796;2.0;3.4;3.75
21810;23797;1.8;3.5;4.5
21811;23798;2.1;3.25;3.6
21812;23799;3.3;3.3;2.2
21813;23800;6.5;3.8;1.53
21814;23801;2.8;3.1;2.62
21815;23802;1.95;3.5;3.8
21816;23803;3.3;3.2;2.25
21817;23804;2.05;3.1;4.0
21818;23805;1.1;10.0;21.0
21819;23806;1.08;11.0;34.0
21820;23807;2.7;3.1;2.7
21821;23808;2.2;3.3;3.3
21822;23809;1.2;6.0;15.0
21823;23810;2.3;3.0;3.5
21824;23811;2.62;2.9;3.0
21825;23812;2.1;3.2;3.6
21826;23813;2.4;3.1;3.1
21827;23814;2.4;3.1;3.1
21828;23815;1.14;7.0;21.0
21829;23816;12.0;5.5;1.25
21830;23817;2.0;3.2;4.0
21831;23818;4.5;3.4;1.83
21832;23819;2.3;3.1;3.3
21833;23820;2.05;3.1;4.0
21834;23821;2.9;3.1;2.5
21835;23822;1.67;3.5;5.5
21836;23823;1.3;5.0;11.0
21837;23824;15.0;6.0;1.2
21838;23825;1.6;3.6;6.0
21839;23826;1.08;11.0;26.0
21840;23827;1.62;3.6;6.0
21841;23828;1.5;4.33;6.0
21842;23829;3.2;3.1;2.3
21843;23830;2.0;3.2;4.0
21844;23831;1.5;4.33;6.0
21845;23832;1.8;3.4;4.75
21846;23833;5.0;3.5;1.73
21847;23834;1.25;5.5;12.0
21848;23835;2.1;3.3;3.5
21849;23836;2.7;3.1;2.7
21850;23837;11.0;6.5;1.22
21851;23838;1.2;5.5;21.0
21852;23839;1.67;3.6;5.5
21853;23840;4.2;3.3;1.91
21854;23841;2.7;3.1;2.7
21855;23842;1.73;3.3;5.5
21856;23843;6.0;3.8;1.57
21857;23844;1.44;4.0;8.0
21858;23845;2.4;3.2;3.0
21859;23846;1.67;3.5;5.5
21860;23847;9.0;5.0;1.33
21861;23848;3.3;3.1;2.3
21862;23849;7.0;3.75;1.53
21863;23850;1.7;3.6;5.0
21864;23851;1.4;4.5;8.0
21865;23852;2.62;3.0;2.9
21866;23853;1.1;9.0;26.0
21867;23854;3.8;3.25;2.05
21868;23855;3.3;3.1;2.3
21869;23856;2.1;3.1;3.75
21870;23857;1.11;9.0;17.0
21871;23858;2.3;3.2;3.2
21872;23859;1.67;3.5;5.5
21873;23860;2.5;3.0;3.0
21874;23861;2.3;3.1;3.3
21875;23862;15.0;5.5;1.22
21876;23863;1.75;3.4;5.0
21877;23864;1.5;4.0;7.0
21878;23865;1.4;4.5;8.0
21879;23866;15.0;7.5;1.17
21880;23867;2.2;3.2;3.4
21881;23868;2.8;3.2;2.5
21882;23869;1.36;4.5;9.0
21883;23870;3.4;3.0;2.3
21884;23871;3.0;3.0;2.5
21885;23872;1.07;11.0;34.0
21886;23873;2.4;3.0;3.2
21887;23874;2.3;3.2;3.2
21888;23875;3.5;3.3;2.1
21889;23876;1.29;5.0;11.0
21890;23877;1.5;4.4;6.0
21891;23878;4.5;3.5;1.8
21892;23879;3.1;3.1;2.4
21893;23880;1.22;5.5;15.0
21894;23881;9.0;5.0;1.33
21895;23882;2.62;3.0;2.9
21896;23883;2.25;3.1;3.4
21897;23884;1.91;3.1;4.5
21898;23885;5.5;4.0;1.57
21899;23886;1.7;3.6;5.0
21900;23887;1.57;3.6;6.5
21901;23888;2.8;3.1;2.62
21902;23889;1.53;3.75;7.0
21903;23890;2.2;3.1;3.6
21904;23891;1.62;3.6;6.0
21905;23892;2.8;3.0;2.7
21906;23893;1.73;3.3;5.5
21907;23894;2.3;3.0;3.4
21908;23895;1.1;10.0;26.0
21909;23896;2.7;3.1;2.7
21910;23897;4.2;3.25;1.95
21911;23898;1.7;3.5;5.5
21912;23899;2.2;3.1;3.5
21913;23900;15.0;6.0;1.2
21914;23901;1.17;6.5;19.0
21915;23902;1.85;3.4;4.5
21916;23903;2.6;2.9;3.0
21917;23904;12.0;5.5;1.25
21918;23905;2.7;3.1;2.7
21919;23906;1.33;5.0;9.0
21920;23907;1.75;3.5;5.0
21921;23908;1.53;4.0;6.0
21922;23909;2.5;3.2;2.88
21923;23910;2.05;3.25;3.8
21924;23911;3.3;3.2;2.25
21925;23912;7.0;5.0;1.4
21926;23913;1.22;6.0;13.0
21927;23914;2.3;3.2;3.2
21928;23915;2.3;3.1;3.3
21929;23916;5.0;4.2;1.6
21930;23917;1.33;4.8;10.0
21931;23918;2.2;3.2;3.4
21932;23919;1.75;3.5;5.0
21933;23920;3.1;3.0;2.5
21934;23921;21.0;7.5;1.14
21935;23922;1.8;3.3;5.0
21936;23923;1.29;5.0;12.0
21937;23924;2.3;3.0;3.4
21938;23925;17.0;6.0;1.2
21939;23926;1.3;5.0;11.0
21940;23927;2.15;3.0;3.8
21941;23928;2.7;3.1;2.7
21942;23929;1.62;3.5;6.5
21943;23930;2.4;3.0;3.2
21944;23931;1.5;4.0;7.0
21945;23932;1.17;7.0;15.0
21946;23933;6.5;3.5;1.62
21947;23934;1.75;3.6;4.75
21948;23935;1.95;3.1;4.5
21949;23936;1.22;5.5;15.0
21950;23937;3.4;3.0;2.3
21951;23938;2.7;3.1;2.7
21952;23939;3.6;3.2;2.15
21953;23940;2.3;3.0;3.4
21954;23941;2.62;3.1;2.8
21955;23942;2.9;3.4;2.4
21956;23943;2.15;3.0;3.8
21957;23944;2.75;3.0;2.75
21958;23945;1.33;4.8;10.0
21959;23946;8.0;5.0;1.36
21960;23947;3.1;3.1;2.4
21961;23948;2.2;3.2;3.4
21962;23949;1.44;4.0;8.0
21963;23950;1.36;4.5;9.0
21964;23951;2.4;3.1;3.1
21965;23952;3.6;3.2;2.15
21966;23953;1.1;9.0;26.0
21967;23954;2.2;2.9;3.75
21968;23955;3.3;3.3;2.2
21969;23956;2.8;3.0;2.7
21970;23957;1.07;11.0;34.0
21971;23958;2.5;3.0;3.1
21972;23959;4.0;3.2;2.0
21973;23960;2.9;3.1;2.5
21974;23961;1.22;5.5;15.0
21975;23962;3.25;3.1;2.3
21976;23963;15.0;5.5;1.22
21977;23964;1.36;4.5;9.5
21978;23965;1.95;3.1;4.33
21979;23966;2.3;3.1;3.25
21980;23967;1.11;8.5;21.0
21981;23968;1.8;3.2;5.0
21982;23969;1.53;4.0;6.0
21983;23970;1.62;3.3;6.5
21984;23971;2.9;3.1;2.5
21985;23972;2.2;3.1;3.5
21986;23973;1.53;4.0;6.0
21987;23974;1.25;5.5;12.0
21988;23975;3.1;3.1;2.4
21989;23976;1.75;3.4;5.0
21990;23977;19.0;6.5;1.17
21991;23978;2.5;3.1;2.9
21992;23979;2.25;3.1;3.4
21993;23980;1.67;3.3;6.0
21994;23981;3.4;3.2;2.2
21995;23982;2.2;3.1;3.5
21996;23983;1.95;3.3;4.0
21997;23984;7.0;4.0;1.5
21998;23985;2.15;2.9;4.0
21999;23986;1.08;10.0;34.0
22000;23987;2.7;3.1;2.7
22001;23988;1.57;3.5;7.0
22002;23989;2.4;3.1;3.1
22003;23990;3.3;3.3;2.2
22004;23991;1.4;4.5;8.0
22005;23992;1.4;4.5;8.0
22006;23993;4.0;3.2;2.0
22007;23994;2.2;3.3;3.3
22008;23995;1.08;13.0;34.0
22009;23996;21.0;8.0;1.14
22010;23997;2.0;3.2;4.0
22011;23998;1.67;3.6;5.5
22012;23999;1.3;5.0;11.0
22013;24000;2.6;3.0;2.9
22014;24001;4.33;3.3;1.91
22015;24002;2.0;3.5;3.6
22016;24003;1.5;4.0;7.0
22017;24004;3.4;3.1;2.25
22018;24005;1.67;4.33;4.33
22019;24006;1.95;3.1;4.4
22020;24007;2.6;3.3;2.7
22021;24008;2.0;3.4;3.75
22022;24009;7.0;4.33;1.44
22023;24010;2.3;3.2;3.2
22024;24011;1.67;3.4;6.0
22025;24012;2.05;3.5;3.5
22026;24013;1.75;3.6;4.75
22027;24014;2.15;3.2;3.6
22028;24015;8.0;4.5;1.4
22029;24016;1.08;11.0;26.0
22030;24017;2.5;3.2;2.88
22031;24018;1.62;3.6;6.0
22032;24019;1.5;4.0;7.0
22033;24020;1.91;3.4;4.0
22034;24021;2.3;3.2;3.2
22035;24022;1.7;3.4;5.5
22036;24023;2.15;3.0;3.75
22037;24024;1.8;3.25;5.0
22038;24025;3.5;3.1;2.2
22039;24026;1.33;4.5;10.0
22040;24027;1.62;3.4;6.5
22041;24028;1.3;4.8;12.0
22042;24029;1.7;3.4;5.5
22043;24030;2.4;3.1;3.1
22044;24031;1.62;3.5;6.5
22045;24032;2.5;3.2;2.9
22046;24033;4.2;3.75;1.8
22047;24034;1.05;15.0;41.0
22048;24035;3.2;3.1;2.38
22049;24036;12.0;5.5;1.25
22050;24037;3.2;3.0;2.4
22051;24038;4.0;3.1;2.05
22052;24039;1.91;3.4;4.2
22053;24040;2.4;3.0;3.2
22054;24041;3.75;3.2;2.1
22055;24042;2.4;3.1;3.1
22056;24043;1.33;4.8;9.5
22057;24044;5.0;4.2;1.62
22058;24045;2.4;3.0;3.2
22059;24046;1.8;3.5;4.5
22060;24047;1.07;13.0;34.0
22061;24048;5.0;3.1;1.85
22062;24049;2.7;3.0;2.8
22063;24050;1.33;4.8;10.0
22064;24051;1.67;3.4;6.0
22065;24052;2.9;3.0;2.62
22066;24053;1.25;5.5;13.0
22067;24054;4.0;3.5;1.91
22068;24055;1.85;3.1;5.0
22069;24056;3.5;3.1;2.2
22070;24057;1.17;7.0;17.0
22071;24058;1.73;3.5;5.0
22072;24059;1.2;5.5;21.0
22073;24060;2.88;3.2;2.5
22074;24061;4.2;3.25;1.91
22075;24062;2.3;3.2;3.2
22076;24063;11.0;5.0;1.3
22077;24064;1.33;4.8;10.0
22078;24065;1.4;4.5;8.0
22079;24066;2.25;3.2;3.2
22080;24067;5.5;4.0;1.57
22081;24068;2.3;3.1;3.3
22082;24069;3.2;3.2;2.3
22083;24070;1.62;3.6;6.0
22084;24071;1.83;3.4;4.5
22085;24072;1.05;13.0;34.0
22086;24073;2.6;3.0;2.9
22087;24074;3.8;3.6;1.91
22088;24075;6.0;4.0;1.55
22089;24076;1.08;9.0;34.0
22090;24077;1.7;3.8;4.8
22091;24078;1.62;3.5;6.5
22092;24079;3.4;3.2;2.2
22093;24080;1.44;4.2;8.0
22094;24081;1.91;3.5;4.0
22095;24082;26.0;9.0;1.1
22096;24083;2.15;3.2;3.5
22097;24084;1.8;3.5;4.5
22098;24085;1.22;5.5;15.0
22099;24086;3.5;3.5;2.05
22100;24087;3.6;3.4;2.05
22101;24088;1.36;4.5;10.0
22102;24089;1.62;3.6;6.0
22103;24090;7.0;3.75;1.53
22104;24091;1.05;11.0;34.0
22105;24092;1.44;4.2;8.0
22106;24093;2.0;3.3;3.8
22107;24094;2.9;3.0;2.62
22108;24095;1.44;4.5;7.0
22109;24096;2.7;3.5;2.5
22110;24097;2.62;3.0;2.9
22111;24098;1.85;3.5;4.2
22112;24099;3.4;3.2;2.2
22113;24100;1.75;3.5;5.0
22114;24101;5.0;3.5;1.75
22115;24102;2.3;3.2;3.2
22116;24103;4.2;4.0;1.73
22117;24104;2.25;3.0;3.6
22118;24105;6.5;4.0;1.53
22119;24106;1.62;3.8;5.5
22120;24107;1.29;5.0;12.0
22121;24108;1.75;3.5;5.0
22122;24109;2.05;3.2;3.8
22123;24110;1.29;5.5;10.0
22124;24111;4.33;2.38;2.4
22125;24112;1.91;3.5;4.0
22126;24113;1.36;4.5;9.0
22127;24114;1.14;7.0;21.0
22128;24115;1.7;3.75;4.8
22129;24116;5.0;3.6;1.7
22130;24117;3.1;3.5;2.2
22131;24118;2.2;3.2;3.4
22132;24119;3.6;3.3;2.05
22133;24120;4.0;3.2;2.0
22134;24121;1.44;4.0;8.0
22135;24122;1.5;4.0;7.0
22136;24123;11.0;5.0;1.3
22137;24124;2.3;2.88;3.6
22138;24125;1.57;3.8;6.0
22139;24126;1.44;4.0;8.0
22140;24127;15.0;6.0;1.2
22141;24128;1.73;3.5;5.0
22142;24129;1.36;4.5;9.0
22143;24130;1.8;3.75;4.2
22144;24131;6.0;3.6;1.62
22145;24132;1.57;3.8;6.0
22146;24133;1.08;11.0;34.0
22147;24134;3.1;3.1;2.4
22148;24135;3.1;3.4;2.25
22149;24136;1.57;3.8;6.0
22150;24137;9.0;4.5;1.36
22151;24138;2.8;3.1;2.62
22152;24139;2.7;3.1;2.7
22153;24140;2.7;3.1;2.7
22154;24141;1.75;3.4;5.0
22155;24142;2.1;3.2;3.6
22156;24143;3.0;3.1;2.45
22157;24144;5.0;3.75;1.67
22158;24145;1.6;3.6;6.0
22159;24146;2.8;3.2;2.5
22160;24147;1.14;7.0;21.0
22161;24148;2.05;3.1;4.0
22162;24149;2.7;3.1;2.7
22163;24150;2.7;3.1;2.7
22164;24151;1.44;4.0;8.0
22165;24152;2.25;3.1;3.4
22166;24153;2.5;3.2;2.8
22167;24154;1.22;5.5;15.0
22168;24155;1.83;3.2;5.0
22169;24156;10.0;5.0;1.3
22170;24157;1.85;3.3;4.5
22171;24158;3.1;3.1;2.4
22172;24159;1.57;3.8;6.0
22173;24160;1.36;4.5;9.0
22174;24161;4.2;3.3;1.91
22175;24162;4.0;3.2;2.0
22176;24163;1.36;4.5;9.0
22177;24164;2.0;3.3;3.8
22178;24165;15.0;5.5;1.22
22179;24166;1.12;8.0;21.0
22180;24167;2.15;3.25;3.5
22181;24168;3.3;3.2;2.25
22182;24169;7.0;3.6;1.57
22183;24170;1.85;3.4;4.4
22184;24171;1.36;4.8;8.5
22185;24172;2.05;3.4;3.6
22186;24173;3.4;3.3;2.15
22187;24174;1.44;4.2;7.5
22188;24175;2.38;3.4;2.88
22189;24176;2.15;3.1;3.6
22190;24177;1.83;3.5;4.2
22191;24178;3.4;3.1;2.25
22192;24179;1.22;5.5;15.0
22193;24180;3.2;3.4;2.2
22194;24181;7.0;3.8;1.53
22195;24182;1.95;3.1;4.5
22196;24183;1.91;3.3;4.33
22197;24184;2.8;3.1;2.62
22198;24185;15.0;5.0;1.25
22199;24186;2.62;3.0;2.9
22200;24187;3.6;3.3;2.1
22201;24188;2.15;3.1;3.6
22202;24189;9.0;5.0;1.33
22203;24190;2.25;3.1;3.4
22204;24191;1.1;9.0;26.0
22205;24192;2.7;3.1;2.7
22206;24193;1.44;4.2;8.0
22207;24194;5.0;3.5;1.73
22208;24195;2.4;3.1;3.1
22209;24196;3.2;3.2;2.3
22210;24197;2.0;3.2;4.0
22211;24198;2.1;3.0;4.0
22212;24199;1.36;4.5;9.0
22213;24200;4.0;3.4;1.91
22214;24201;2.7;3.1;2.7
22215;24202;1.85;3.75;4.0
22216;24203;2.7;3.1;2.7
22217;24204;1.25;5.0;15.0
22218;24205;2.0;3.2;4.0
22219;24206;1.44;4.33;7.0
22220;24207;1.91;3.4;4.0
22221;24208;2.4;3.2;3.0
22222;24209;1.53;3.8;7.0
22223;24210;2.5;3.3;2.8
22224;24211;2.7;3.1;2.7
22225;24212;1.53;3.8;7.0
22226;24213;3.2;3.3;2.25
22227;24214;2.2;3.3;3.3
22228;24215;5.5;3.6;1.67
22229;24216;2.4;3.1;3.1
22230;24217;3.75;3.2;2.1
22231;24218;3.1;3.1;2.4
22232;24219;8.0;4.2;1.44
22233;24220;1.08;11.0;34.0
22234;24221;1.83;3.6;4.2
22235;24222;2.4;3.1;3.1
22236;24223;1.4;4.5;8.0
22237;24224;2.1;3.25;3.6
22238;24225;1.29;4.5;15.0
22239;24226;1.8;3.3;5.0
22240;24227;3.2;3.2;2.3
22241;24228;1.57;3.8;6.0
22242;24229;1.11;8.0;26.0
22243;24230;1.91;3.2;4.33
22244;24231;9.0;5.5;1.3
22245;24232;2.75;3.5;2.4
22246;24233;2.3;3.2;3.2
22247;24234;3.4;3.2;2.2
22248;24235;2.0;3.2;4.0
22249;24236;6.5;3.5;1.62
22250;24237;1.5;4.0;7.0
22251;24238;5.0;3.8;1.67
22252;24239;2.6;3.1;2.8
22253;24240;2.62;3.1;2.8
22254;24241;1.08;11.0;26.0
22255;24242;1.36;5.0;8.0
22256;24243;2.15;3.25;3.5
22257;24244;1.5;4.33;6.0
22258;24245;2.05;3.1;4.0
22259;24246;1.62;3.6;6.0
22260;24247;2.3;3.2;3.2
22261;24248;1.1;10.0;21.0
22262;24249;2.5;3.2;2.88
22263;24250;1.67;3.6;5.5
22264;24251;2.0;3.25;4.0
22265;24252;17.0;8.0;1.14
22266;24253;3.8;3.3;2.0
22267;24254;2.0;3.2;4.0
22268;24255;3.2;3.2;2.3
22269;24256;1.4;4.2;9.0
22270;24257;5.5;3.25;1.75
22271;24258;1.12;9.0;17.0
22272;24259;1.8;3.4;4.8
22273;24260;2.5;3.2;2.9
22274;24261;1.85;3.4;4.4
22275;24262;1.04;15.0;29.0
22276;24263;1.4;4.75;7.5
22277;24264;2.1;3.1;3.8
22278;24265;2.38;3.4;2.9
22279;24266;2.62;3.1;2.8
22280;24267;6.0;3.75;1.6
22281;24268;2.7;3.3;2.7
22282;24269;5.5;3.8;1.62
22283;24270;2.7;3.1;2.7
22284;24271;2.3;3.1;3.3
22285;24272;2.5;3.2;2.9
22286;24273;13.0;6.0;1.22
22287;24274;4.2;3.4;1.91
22288;24275;1.4;4.5;8.0
22289;24276;2.4;3.1;3.1
22290;24277;1.2;6.0;17.0
22291;24278;2.15;3.25;3.5
22292;24279;1.14;7.5;19.0
22293;24280;1.44;4.4;7.0
22294;24281;1.95;3.25;4.2
22295;24282;2.0;3.3;3.8
22296;24283;1.02;17.0;41.0
22297;24284;2.05;3.5;3.5
22298;24285;2.6;3.0;2.9
22299;24286;4.5;3.4;1.83
22300;24287;2.25;3.25;3.25
22301;24288;1.55;4.0;6.0
22302;24289;1.91;3.2;4.5
22303;24290;2.7;3.1;2.7
22304;24291;1.14;7.5;19.0
22305;24292;3.8;3.0;2.15
22306;24293;2.05;3.1;4.0
22307;24294;1.53;3.8;7.0
22308;24295;1.12;8.0;21.0
22309;24296;1.91;3.2;4.5
22310;24297;1.44;4.2;7.5
22311;24298;1.55;4.0;6.0
22312;24299;7.0;3.6;1.57
22313;24300;1.6;4.0;5.5
22314;24301;1.15;7.5;17.0
22315;24302;1.8;3.3;5.0
22316;24303;2.2;3.1;3.5
22317;24304;1.4;4.5;8.0
22318;24305;1.08;11.0;23.0
22319;24306;2.0;3.1;4.2
22320;24307;1.61;3.75;5.5
22321;24308;2.7;3.1;2.7
22322;24309;2.3;3.2;3.2
22323;24310;1.67;3.4;6.0
22324;24311;8.5;4.8;1.36
22325;24312;1.73;3.5;5.0
22326;24313;2.62;3.1;2.8
22327;24314;2.8;3.1;2.6
22328;24315;10.0;4.8;1.33
22329;24316;2.9;3.2;2.5
22330;24317;2.3;3.2;3.2
22331;24318;2.5;3.2;2.9
22332;24319;1.33;5.0;9.0
22333;24320;1.53;3.8;7.0
22334;24321;2.5;3.2;2.9
22335;24322;3.2;3.2;2.3
22336;24323;1.5;4.0;7.0
22337;24324;1.1;9.0;26.0
22338;24325;1.75;3.5;5.0
22339;24326;1.75;3.5;5.0
22340;24327;1.85;3.4;4.5
22341;24328;1.91;3.5;4.0
22342;24329;3.1;3.1;2.4
22343;24330;17.0;6.0;1.2
22344;24331;1.44;4.0;8.0
22345;24332;1.62;3.6;6.0
22346;24333;1.83;3.4;4.5
22347;24334;12.0;5.0;1.29
22348;24335;2.7;3.1;2.7
22349;24336;2.7;3.1;2.7
22350;24337;2.5;3.1;3.0
22351;24338;1.33;5.0;9.0
22352;24339;1.1;9.0;26.0
22353;24340;1.8;3.5;4.5
22354;24341;7.0;3.6;1.57
22355;24342;2.1;3.1;3.8
22356;24343;1.3;5.0;11.0
22357;24344;1.62;3.6;6.0
22358;24345;1.8;3.3;5.0
22359;24346;1.85;3.4;4.5
22360;24347;2.38;3.4;2.9
22361;24348;3.2;3.3;2.25
22362;24349;17.0;6.0;1.2
22363;24350;2.0;3.2;4.0
22364;24351;2.15;3.25;3.5
22365;24352;1.57;3.5;7.0
22366;24353;5.0;3.5;1.75
22367;24354;1.83;3.4;4.5
22368;24355;2.8;3.1;2.62
22369;24356;2.5;3.1;3.0
22370;24357;2.05;3.2;3.8
22371;24358;1.2;7.0;12.0
22372;24359;1.75;3.6;4.75
22373;24360;3.1;3.3;2.3
22374;24361;1.62;3.6;6.0
22375;24362;1.8;3.6;4.33
22376;24363;2.25;3.1;3.4
22377;24364;2.25;3.25;3.25
22378;24365;1.83;3.5;4.4
22379;24366;2.38;3.25;3.0
22380;24367;2.25;3.4;3.1
22381;24368;12.0;7.0;1.2
22382;24369;1.44;4.0;8.0
22383;24370;2.0;3.25;4.0
22384;24371;2.2;3.3;3.3
22385;24372;7.0;4.5;1.44
22386;24373;1.44;3.8;9.0
22387;24374;2.05;3.25;3.8
22388;24375;1.53;4.2;6.0
22389;24376;2.1;3.25;3.6
22390;24377;1.95;3.4;4.0
22391;24378;12.0;5.0;1.29
22392;24379;3.8;3.5;1.95
22393;24380;1.62;3.6;6.0
22394;24381;1.33;5.0;9.0
22395;24382;1.62;3.6;6.0
22396;24383;4.0;3.1;2.05
22397;24384;2.7;3.0;2.8
22398;24385;3.75;3.3;2.05
22399;24386;2.1;3.2;3.75
22400;24387;2.05;3.5;3.5
22401;24388;2.15;3.5;3.25
22402;24389;1.04;15.0;29.0
22403;24390;1.75;3.5;5.0
22404;24391;8.0;5.0;1.36
22405;24392;2.05;3.4;3.5
22406;24393;2.6;3.2;2.75
22407;24394;1.25;5.5;13.0
22408;24395;1.62;3.6;6.0
22409;24396;1.5;4.0;7.0
22410;24397;2.3;3.2;3.2
22411;24398;1.5;4.0;7.0
22412;24399;4.6;3.5;1.8
22413;24400;3.3;3.2;2.25
22414;24401;1.8;3.4;4.8
22415;24402;1.6;3.75;6.0
22416;24403;3.4;3.1;2.25
22417;24404;8.0;5.0;1.36
22418;24405;2.38;3.25;3.0
22419;24406;3.3;3.2;2.25
22420;24407;2.15;3.5;3.25
22421;24408;2.2;3.1;3.5
22422;24409;9.0;5.0;1.33
22423;24410;1.36;5.0;8.0
22424;24411;1.73;3.5;5.0
22425;24412;2.4;3.1;3.1
22426;24413;1.95;3.25;4.2
22427;24414;7.0;3.75;1.53
22428;24415;2.7;3.0;2.8
22429;24416;3.2;3.2;2.3
22430;24417;2.2;3.3;3.3
22431;24418;1.85;3.75;4.0
22432;24419;2.8;3.1;2.62
22433;24420;1.62;4.4;5.0
22434;24421;1.67;4.0;4.8
22435;24422;2.38;3.25;3.0
22436;24423;1.73;3.8;4.6
22437;24424;2.1;3.25;3.6
22438;24425;1.4;4.33;8.5
22439;24426;1.91;3.3;4.33
22440;24427;1.5;4.0;7.0
22441;24428;1.5;4.0;7.0
22442;24429;1.2;7.0;12.0
22443;24430;5.5;4.33;1.55
22444;24431;2.4;3.5;2.8
22445;24432;2.05;3.4;3.6
22446;24433;2.8;3.4;2.45
22447;24434;2.05;3.4;3.6
22448;24435;4.2;3.25;1.95
22449;24436;2.25;3.2;3.3
22450;24437;1.6;4.2;5.0
22451;24438;2.6;3.3;2.7
22452;24439;9.0;5.5;1.3
22453;24440;2.62;3.25;2.7
22454;24441;1.12;8.5;19.0
22455;24442;1.44;4.6;6.5
22456;24443;1.91;3.5;4.0
22457;24444;1.6;4.2;5.0
22458;24445;2.3;3.3;3.1
22459;24446;1.25;5.5;13.0
22460;24447;2.3;3.2;3.2
22461;24448;1.22;7.0;10.0
22462;24449;1.55;4.0;6.0
22463;24450;1.67;3.8;5.0
22464;24451;12.0;7.0;1.2
22465;24452;3.2;3.3;2.25
22466;24453;2.15;3.3;3.4
22467;24454;2.5;3.2;2.9
22468;24455;2.0;3.4;3.8
22469;24456;4.0;3.1;2.05
22470;24457;1.91;3.5;4.0
22471;24458;9.0;5.5;1.3
22472;24459;1.85;3.4;4.5
22473;24460;3.1;3.1;2.4
22474;24461;2.3;3.2;3.2
22475;24462;1.05;17.0;41.0
22476;24463;1.53;4.2;6.0
22477;24464;2.2;3.3;3.3
22478;24465;1.57;3.8;6.0
22479;24466;3.2;3.3;2.25
22480;24467;1.33;4.5;11.0
22481;24468;5.0;3.5;1.73
22482;24469;2.2;3.2;3.4
22483;24470;2.3;3.2;3.2
22484;24471;1.6;3.75;6.0
22485;24472;21.0;7.0;1.14
22486;24473;2.4;3.2;3.0
22487;24474;1.57;4.0;5.5
22488;24475;1.91;3.5;4.0
22489;24476;2.2;3.2;3.4
22490;24477;1.3;5.5;9.0
22491;24478;3.6;3.2;2.1
22492;24479;1.22;6.5;12.0
22493;24480;2.4;3.1;3.1
22494;24481;2.15;3.3;3.4
22495;24482;2.2;3.3;3.3
22496;24483;1.05;13.0;34.0
22497;24484;2.8;3.4;2.4
22498;24485;4.0;3.3;1.95
22499;24486;1.44;4.33;7.0
22500;24487;15.0;5.5;1.22
22501;24488;1.91;3.75;3.3
22502;24489;11.0;7.0;1.17
22503;24490;1.36;4.33;8.0
22504;24491;5.0;3.8;1.6
22505;24492;2.05;3.4;3.25
22506;24493;17.0;9.5;1.08
22507;24494;1.36;4.75;7.0
22508;24495;1.83;3.4;4.0
22509;24496;1.8;3.5;4.0
22510;24497;1.29;5.5;7.5
22511;24498;1.91;3.5;4.0
22512;24499;1.83;3.5;4.33
22513;24500;1.08;11.0;34.0
22514;24501;6.5;3.5;1.62
22515;24502;2.62;2.9;3.0
22516;24503;2.0;3.2;4.0
22517;24504;1.08;11.0;34.0
22518;24505;2.0;3.2;4.0
22519;24506;1.53;4.0;6.5
22520;24507;2.0;3.2;4.0
22521;24508;3.4;3.3;2.15
22522;24509;6.0;4.5;1.5
22523;24510;2.5;2.9;3.2
22524;24511;1.25;5.5;13.0
22525;24512;2.7;3.1;2.7
22526;24513;6.0;3.75;1.6
22527;24514;2.45;3.0;3.1
22528;24515;3.2;3.1;2.38
22529;24516;2.2;3.2;3.4
22530;24517;2.15;3.5;3.25
22531;24518;1.5;4.0;7.0
22532;24519;1.1;9.0;26.0
22533;24520;3.75;3.2;2.1
22534;24521;2.0;3.2;3.75
22535;24522;2.9;3.0;2.62
22536;24523;1.14;7.0;21.0
22537;24524;2.6;3.1;2.8
22538;24525;1.44;4.2;8.0
22539;24526;2.1;3.2;3.75
22540;24527;2.3;3.1;3.3
22541;24528;4.33;3.1;1.95
22542;24529;2.1;3.2;3.75
22543;24530;1.5;4.0;7.0
22544;24531;4.33;3.1;1.95
22545;24532;2.9;3.1;2.5
22546;24533;2.4;3.1;3.1
22547;24534;2.4;3.1;3.1
22548;24535;2.62;3.1;2.8
22549;24536;2.05;3.1;4.0
22550;24537;2.15;3.5;3.2
22551;24538;1.17;7.0;17.0
22552;24539;3.5;3.1;2.2
22553;24540;2.2;3.1;3.5
22554;24541;2.1;3.2;3.75
22555;24542;1.1;9.0;26.0
22556;24543;4.2;3.0;2.05
22557;24544;1.67;3.4;6.0
22558;24545;2.7;3.0;2.8
22559;24546;2.05;3.1;4.0
22560;24547;2.1;3.2;3.75
22561;24548;1.14;7.0;21.0
22562;24549;1.5;4.0;7.0
22563;24550;3.5;3.1;2.2
22564;24551;3.75;3.5;1.95
22565;24552;2.7;3.1;2.7
22566;24553;1.62;3.3;7.0
22567;24554;2.38;3.1;3.1
22568;24555;1.57;3.5;7.0
22569;24556;2.4;3.1;3.1
22570;24557;2.2;3.4;3.2
